id_maquina,id_planta,tipo,fabricante,antiguedad_anios,capacidad_kw,plan_mantenimiento,carga_media,zona,calidad_mantenimiento,temperatura_ambiental_media,tiempo,fallo,n_intervalos_observados
M0001,P12,Prensa,C,5.202988276279934,79.46578789382855,Preventivo,0.577122779927667,Norte,0.7256822092033763,18.05302548860507,386.0642356194676,1,13
M0002,P07,Prensa,C,3.6762763066202924,111.58145136333903,Correctivo,0.7211622356049505,Centro,0.6303256713678888,17.019784434442585,594.5825162300195,1,20
M0003,P01,Fresadora,B,5.083074133764403,92.82231265156142,Preventivo,0.35531957069178943,Centro,0.5916641178967565,20.75990227476123,720,0,24
M0004,P02,Fresadora,C,8.198833195198594,61.56254229798304,Correctivo,0.7572312398611886,Sur,0.6112808956532385,23.775750060961073,129.56460674476958,1,5
M0005,P06,Prensa,B,6.876888436743804,101.82642171911053,Correctivo,0.7001001827910395,Sur,0.5599365188521057,27.3467055328597,221.9324105352887,1,8
M0006,P02,Torno,B,3.5367039514837195,81.83783394748576,Correctivo,0.4625174093112093,Sur,0.6112808956532385,23.775750060961073,628.0324199864955,1,21
M0007,P02,Fresadora,A,14.716830779227914,74.86727958779538,Preventivo,0.7151226424622048,Sur,0.6112808956532385,23.775750060961073,36.70434456214889,1,2
M0008,P09,Fresadora,B,7.394858071363304,81.16522723386831,Correctivo,0.6256113306445381,Centro,0.6631797739082478,23.196749361855407,106.2618337795465,1,4
M0009,P02,Prensa,A,14.703478684920903,109.26145704020674,Preventivo,0.6453768065717596,Sur,0.6112808956532385,23.775750060961073,41.38763689281862,1,2
M0010,P08,Torno,A,6.836351968540154,89.87975658718202,Preventivo,0.6662378870430141,Centro,0.5300840248883054,26.13774261615842,6.375155534355858,1,1
M0011,P06,Torno,A,6.562099675073943,87.00387743839163,Correctivo,0.9541754697372276,Sur,0.5599365188521057,27.3467055328597,7.1150745942938025,1,1
M0012,P12,Prensa,A,10.424826081220223,46.62968416620642,Correctivo,0.7927866716629103,Norte,0.7256822092033763,18.05302548860507,43.04025570950613,1,2
M0013,P10,Prensa,C,3.7538516059392717,79.13068761128646,Correctivo,0.697138622748113,Sur,0.8007702861329701,23.83049166876269,217.29672631620846,1,8
M0014,P06,Fresadora,C,5.17710394462889,53.62689210914213,Preventivo,0.3810545931638091,Sur,0.5599365188521057,27.3467055328597,246.01829673910368,1,9
M0015,P05,Prensa,C,6.0921858836514415,111.59435872479466,Preventivo,0.8861164350644164,Centro,0.5534500108826634,29.812299145379253,125.00123238457115,1,5
M0016,P08,Torno,A,5.821312836203055,100.40314840656967,Correctivo,0.5680940621100412,Centro,0.5300840248883054,26.13774261615842,501.58898773024436,1,17
M0017,P11,Torno,C,5.304020849341996,97.93705219612308,Preventivo,0.7954330601779215,Norte,0.6948780745805822,25.411629283364377,344.74361212649035,1,12
M0018,P12,Torno,B,2.781084546250715,112.13619696658384,Correctivo,0.9625640030744762,Norte,0.7256822092033763,18.05302548860507,24.0765879339749,1,1
M0019,P09,Fresadora,A,3.372700172238717,93.50592562633102,Correctivo,0.7776174554859763,Centro,0.6631797739082478,23.196749361855407,75.67685047462504,1,3
M0020,P07,Fresadora,C,8.649062527785988,71.58350013352116,Correctivo,0.7068930764860326,Centro,0.6303256713678888,17.019784434442585,304.7331421935399,1,11
M0021,P05,Prensa,B,3.0406027414430703,94.4344418837279,Correctivo,0.7918370381427375,Centro,0.5534500108826634,29.812299145379253,274.8668761837161,1,10
M0022,P06,Fresadora,A,2.028698153742428,95.80481506027849,Correctivo,0.78559338940650425,Sur,0.5599365188521057,27.3467055328597,430.9283748752235,1,15
M0023,P05,Fresadora,A,4.7892523159399465,46.14969971232556,Correctivo,0.8174875976621137,Centro,0.5534500108826634,29.812299145379253,198.71850091788409,1,7
M0024,P03,Prensa,A,2.698329876376948,66.0851347452486,Preventivo,0.87241037099083385,Centro,0.7363271954206225,21.46632597757719,395.1294319683787,1,14
M0025,P10,Torno,A,7.452364233803496,55.61465755548976,Preventivo,0.7065819082240646,Sur,0.8007702861329701,23.83049166876269,298.088015393213,1,10
M0026,P06,Torno,B,3.6163526486612394,90.31946261019826,Correctivo,0.6691914122679323,Sur,0.5599365188521057,27.3467055328597,450.8650269290923,1,16
M0027,P04,Fresadora,B,4.7553232892123525,45.31735448917165,Correctivo,0.5499209985251932,Sur,0.5948147700714784,26.266803606258584,578.4105529520812,1,20
M0028,P03,Prensa,C,7.367135546054475,94.36657950015443,Correctivo,0.7038897027368244,Centro,0.7363271954206225,21.46632597757719,397.4762246742603,1,14
M0029,P06,Torno,A,5.00336983701533,36.06102498919587,Preventivo,0.7245405199651307,Sur,0.5599365188521057,27.3467055328597,655.4658041902524,1,22
M0030,P04,Torno,A,8.11606428626274,53.94580480904083,Correctivo,0.38227684934417977,Sur,0.5948147700714784,26.266803606258584,520.0617523600044,1,18
M0031,P02,Prensa,A,4.74763175846508,62.32204516637731,Preventivo,0.4347590666658321,Sur,0.6112808956532385,23.775750060961073,94.07395170236849,1,4
M0032,P10,Torno,C,10.776875159801651,65.03830959436229,Preventivo,0.6045369938571962,Sur,0.8007702861329701,23.83049166876269,11.069157421550273,1,1
M0033,P11,Prensa,B,2.510787789879508,79.19275896195319,Preventivo,0.7145188476274241,Norte,0.6948780745805822,25.411629283364377,401.7477050218695,1,14
M0034,P04,Prensa,A,4.714917600992085,85.0501007583776,Preventivo,0.6174134537087806,Sur,0.5948147700714784,26.266803606258584,498.5649738344637,1,17
M0035,P04,Prensa,B,4.484773901258052,99.8885209922814,Preventivo,0.8060763803772064,Sur,0.5948147700714784,26.266803606258584,72.48269269608922,1,3
M0036,P01,Prensa,C,3.38967589516543,53.05593492364099,Correctivo,0.6945418411884736,Centro,0.5916641178967565,20.75990227476123,342.79949915595046,1,12
M0037,P02,Torno,C,2.5285561459695245,80.24335695049973,Correctivo,0.3528292560694825,Sur,0.6112808956532385,23.775750060961073,711.1861750084292,1,24
M0038,P04,Fresadora,A,4.900249738591778,121.97983914902602,Correctivo,0.6114843550238968,Sur,0.5948147700714784,26.266803606258584,105.56687191030213,1,4
M0039,P12,Fresadora,A,8.869407380168653,91.96350041770654,Preventivo,0.6432032663104489,Norte,0.7256822092033763,18.05302548860507,453.35447254327534,1,16
M0040,P08,Torno,A,2.5127015268672563,71.84799122653318,Correctivo,0.7585657654869284,Centro,0.5300840248883054,26.13774261615842,137.9378007457144,1,5
M0041,P05,Torno,B,3.1886881940448855,77.84220874533786,Preventivo,0.8795176318056086,Centro,0.5534500108826634,29.812299145379253,290.07041950758685,1,10
M0042,P08,Torno,A,5.9725294156775215,44.848681640645694,Correctivo,0.7208904342470607,Centro,0.5300840248883054,26.13774261615842,492.21612132495954,1,17
M0043,P08,Fresadora,A,7.491630056812635,71.81628464880305,Correctivo,0.5629483686938546,Centro,0.5300840248883054,26.13774261615842,625.8958274802457,1,21
M0044,P05,Prensa,B,5.35652695073942,80.46028112590731,Preventivo,0.6101748543705064,Centro,0.5534500108826634,29.812299145379253,551.7811000611024,1,19
M0045,P12,Fresadora,B,11.13454474857298,88.94410488699711,Preventivo,0.3737148254268975,Norte,0.7256822092033763,18.05302548860507,719.9883501461004,1,24
M0046,P09,Torno,A,11.768860369565733,55.65521732026384,Preventivo,0.5298176081366741,Centro,0.6631797739082478,23.196749361855407,260.1847342260438,1,9
M0047,P08,Fresadora,A,5.99299021868824,90.32983689587002,Preventivo,0.8284722826152601,Centro,0.5300840248883054,26.13774261615842,135.57886511798964,1,5
M0048,P03,Fresadora,B,7.145679655470651,106.21753476430554,Preventivo,0.6025040580023862,Centro,0.7363271954206225,21.46632597757719,471.87974392874133,1,16
M0049,P05,Torno,A,6.463881747589564,71.33145587247023,Preventivo,0.7290819050315027,Centro,0.5534500108826634,29.812299145379253,63.126702880436,1,3
M0050,P10,Torno,B,5.802749045046946,98.87417114273954,Correctivo,0.8000353705517002,Sur,0.8007702861329701,23.83049166876269,259.67547739616396,1,9
M0051,P11,Fresadora,B,2.996682794433264,75.79308312198538,Correctivo,0.7846001410610035,Norte,0.6948780745805822,25.411629283364377,55.20840829837027,1,2
M0052,P02,Prensa,A,3.8041683872144434,85.15061762858922,Preventivo,0.7847343813865119,Sur,0.6112808956532385,23.775750060961073,278.2566771415668,1,10
M0053,P09,Prensa,A,7.696859389260662,91.42897830344221,Preventivo,0.6016590319429586,Centro,0.6631797739082478,23.196749361855407,421.55446221855607,1,15
M0054,P10,Torno,B,4.927223786435483,78.58577667078782,Correctivo,0.6079179063211416,Sur,0.8007702861329701,23.83049166876269,172.93374949592672,1,6
M0055,P04,Torno,C,11.31518606273222,40.21713715998265,Preventivo,0.7764408007386324,Sur,0.5948147700714784,26.266803606258584,57.129413228597954,1,2
M0056,P07,Prensa,C,4.521456290007693,96.92957495149498,Correctivo,0.6920905490362376,Centro,0.6303256713678888,17.019784434442585,170.01424103571708,1,6
M0057,P03,Prensa,B,1.7459622884994719,74.01444473172329,Preventivo,0.8828957310182342,Centro,0.7363271954206225,21.46632597757719,720,0,24
M0058,P09,Torno,A,20,58.17773532695158,Preventivo,0.54640699220089906,Centro,0.6631797739082478,23.196749361855407,58.43982595720347,1,2
M0059,P04,Fresadora,A,1.4684570387153475,56.43118840320432,Correctivo,0.9529246591299765,Sur,0.5948147700714784,26.266803606258584,7.0702104319771895,1,1
M0060,P12,Prensa,A,3.5431386948621144,76.70343970144243,Correctivo,0.6401967961308275,Norte,0.7256822092033763,18.05302548860507,28.219735568453604,1,1
M0061,P04,Prensa,B,4.410234241187592,67.01407426628136,Preventivo,0.7724352216606857,Sur,0.5948147700714784,26.266803606258584,460.13615315992945,1,16
M0062,P06,Fresadora,C,3.9842148462687548,66.47968851224277,Correctivo,0.6435412582848871,Sur,0.5599365188521057,27.3467055328597,448.6857726459158,1,15
M0063,P11,Prensa,A,4.894606260551118,73.56476551174775,Preventivo,0.4133017072835463,Norte,0.6948780745805822,25.411629283364377,456.9826111492807,1,16
M0064,P02,Torno,A,4.603555587632476,56.17521928877833,Preventivo,0.5962386929660699,Sur,0.6112808956532385,23.775750060961073,74.08754248943038,1,3
M0065,P02,Torno,B,6.222976604894643,76.83459108911717,Correctivo,0.4038357880920634,Sur,0.6112808956532385,23.775750060961073,720,0,24
M0066,P08,Fresadora,B,7.848473540204706,91.44440304742469,Correctivo,0.5983646217329833,Centro,0.5300840248883054,26.13774261615842,323.9818545007769,1,11
M0067,P10,Fresadora,A,4.070648403622724,58.75693620564259,Correctivo,0.9071670876770438,Sur,0.8007702861329701,23.83049166876269,164.45000074701352,1,6
M0068,P12,Fresadora,B,19.351084912748888,77.14281625669547,Correctivo,0.8958425590125161,Norte,0.7256822092033763,18.05302548860507,348.71026096738655,1,12
M0069,P12,Fresadora,A,4.762536230945671,110.87339753851182,Correctivo,0.30662026913289625,Norte,0.7256822092033763,18.05302548860507,111.15968758158144,1,4
M0070,P11,Torno,C,5.927149571619462,76.7681257817998,Preventivo,0.5093597316497658,Norte,0.6948780745805822,25.411629283364377,403.6592923033564,1,14
M0071,P01,Torno,B,6.444019784627276,69.47479370105049,Preventivo,0.45788480019024574,Centro,0.5916641178967565,20.75990227476123,506.64443434362335,1,17
M0072,P11,Prensa,B,9.893172508224733,74.54247003911051,Preventivo,0.7929169118031293,Norte,0.6948780745805822,25.411629283364377,84.08168048858423,1,3
M0073,P03,Torno,A,4.027659847337624,76.69468347575413,Correctivo,0.7577868516051864,Centro,0.7363271954206225,21.46632597757719,445.8668859192626,1,15
M0074,P12,Fresadora,C,7.787889013114171,59.46360295699819,Preventivo,0.491246973545025,Norte,0.7256822092033763,18.05302548860507,168.38507725257588,1,6
M0075,P11,Fresadora,B,7.3931681761388015,95.88715891820218,Preventivo,0.8457909632739784,Norte,0.6948780745805822,25.411629283364377,606.4647751555174,1,21
M0076,P06,Fresadora,A,5.22514304660673,77.4080834537573,Correctivo,0.7717643810259971,Sur,0.5599365188521057,27.3467055328597,476.62568821572575,1,16
M0077,P02,Prensa,A,3.02043780870234,100.87341043026774,Preventivo,0.9493724387148509,Sur,0.6112808956532385,23.775750060961073,180.31685808377972,1,7
M0078,P09,Fresadora,B,8.192752817890492,98.35656386418647,Preventivo,0.7034476059766627,Centro,0.6631797739082478,23.196749361855407,554.4763516549866,1,19
M0079,P01,Prensa,C,10.684085958258162,105.52266601180625,Correctivo,0.9740942852083772,Centro,0.5916641178967565,20.75990227476123,433.987992405002,1,15
M0080,P08,Torno,A,12.940299997028207,110.2375882970351,Correctivo,0.5446916505898219,Centro,0.5300840248883054,26.13774261615842,485.1706778053899,1,17
M0081,P08,Torno,C,5.8909669406180285,111.32179699522891,Correctivo,0.6588953838702181,Centro,0.5300840248883054,26.13774261615842,171.04998872521332,1,6
M0082,P03,Torno,C,5.391587206053199,72.59552511721044,Preventivo,0.8670550507914536,Centro,0.7363271954206225,21.46632597757719,280.9807346738916,1,10
M0083,P08,Torno,B,11.555468754991626,101.96473496762147,Preventivo,0.8695463442465877,Centro,0.5300840248883054,26.13774261615842,374.02068528453174,1,13
M0084,P04,Torno,A,8.461051258896488,117.02587645038473,Preventivo,0.9317960393134008,Sur,0.5948147700714784,26.266803606258584,96.57969379569863,1,4
M0085,P02,Torno,B,7.147260462787737,89.52235581775918,Correctivo,0.9355490464609317,Sur,0.6112808956532385,23.775750060961073,188.78867388254085,1,7
M0086,P07,Torno,C,9.759823526994483,81.81408546254609,Correctivo,0.6709544278530967,Centro,0.6303256713678888,17.019784434442585,366.4872410710927,1,13
M0087,P09,Fresadora,A,7.280461413089585,79.01132940334033,Correctivo,0.7359961420472578,Centro,0.6631797739082478,23.196749361855407,227.83782230243207,1,8
M0088,P05,Prensa,C,3.96077508249624,96.59453492428509,Preventivo,0.733383302525364,Centro,0.5534500108826634,29.812299145379253,373.83818141748236,1,13
M0089,P09,Torno,C,12.834465300794255,110.3626813814711,Correctivo,0.5956686232953173,Centro,0.6631797739082478,23.196749361855407,68.68515473141399,1,3
M0090,P12,Torno,A,2.176024464941202,60.9752050562052,Correctivo,0.6090773319705773,Norte,0.7256822092033763,18.05302548860507,226.7623909973775,1,8
M0091,P06,Prensa,B,14.982291640005961,102.92212472557705,Preventivo,0.5334390023810374,Sur,0.5599365188521057,27.3467055328597,25.86243716774274,1,1
M0092,P11,Fresadora,A,8.974074479496648,57.266996600120535,Preventivo,0.41847632042912686,Norte,0.6948780745805822,25.411629283364377,201.51604639935923,1,7
M0093,P10,Prensa,B,10.344527221407697,88.1778315855641,Preventivo,0.8767035627564452,Sur,0.8007702861329701,23.83049166876269,163.69316446442593,1,6
M0094,P06,Prensa,B,5.270485651998612,71.5122952707677,Correctivo,0.5304845313640703,Sur,0.5599365188521057,27.3467055328597,443.17325235536686,1,15
M0095,P05,Torno,A,4.817496870619122,69.66972401003953,Preventivo,0.5997452724545902,Centro,0.5534500108826634,29.812299145379253,130.89632857537657,1,5
M0096,P10,Fresadora,B,4.071369495438145,81.01195131387898,Preventivo,0.6644689061395015,Sur,0.8007702861329701,23.83049166876269,291.03869490418157,1,10
M0097,P09,Prensa,A,7.980268037677096,46.47641221979528,Correctivo,0.7536323005398823,Centro,0.6631797739082478,23.196749361855407,147.29768686670218,1,5
M0098,P10,Torno,C,9.988299747125437,86.3959200846481,Correctivo,0.669297894116914,Sur,0.8007702861329701,23.83049166876269,142.5677715071246,1,5
M0099,P02,Fresadora,B,8.104415708823048,82.5751023441639,Preventivo,0.5429702374567398,Sur,0.6112808956532385,23.775750060961073,132.8614363764637,1,5
M0100,P04,Torno,C,4.889372453995616,64.78842692644272,Correctivo,0.8219893685352826,Sur,0.5948147700714784,26.266803606258584,460.39593860845815,1,16
M0101,P12,Fresadora,B,3.3217175460302153,77.1977604097085,Correctivo,0.4883016202847975,Norte,0.7256822092033763,18.05302548860507,414.65070122107744,1,14
M0102,P08,Fresadora,C,4.468790113655018,82.9968651706399,Preventivo,0.7806312470828582,Centro,0.5300840248883054,26.13774261615842,265.17006029633075,1,9
M0103,P06,Torno,C,20,58.86342320126831,Correctivo,0.6551471379408992,Sur,0.5599365188521057,27.3467055328597,9.9151103275745,1,1
M0104,P10,Fresadora,C,6.678728571150022,91.81994281987218,Preventivo,0.5958718570295622,Sur,0.8007702861329701,23.83049166876269,673.0109287338287,1,23
M0105,P04,Fresadora,A,8.067260608019007,83.23885018413732,Preventivo,0.6985853473910192,Sur,0.5948147700714784,26.266803606258584,74.40520867220557,1,3
M0106,P09,Prensa,B,7.179305199197942,102.74843167633128,Preventivo,0.830320977857072,Centro,0.6631797739082478,23.196749361855407,104.986265990679,1,4
M0107,P12,Fresadora,A,4.148155349261559,105.32917893593459,Correctivo,0.8086850794333367,Norte,0.7256822092033763,18.05302548860507,676.1099081149375,1,23
M0108,P01,Torno,A,4.925556259020791,102.66704863207003,Correctivo,0.7978527531396182,Centro,0.5916641178967565,20.75990227476123,372.729559356481,1,13
M0109,P03,Fresadora,B,3.5727121669023774,69.76468119111935,Correctivo,0.5853830444205625,Centro,0.7363271954206225,21.46632597757719,432.59753106104057,1,15
M0110,P11,Torno,A,6.194085909321213,87.49757912360728,Correctivo,0.7722114981185916,Norte,0.6948780745805822,25.411629283364377,97.05624007097244,1,4
M0111,P10,Prensa,C,4.877681652759415,76.6383420512902,Correctivo,0.7368577523197756,Sur,0.8007702861329701,23.83049166876269,382.51703927614136,1,13
M0112,P10,Prensa,C,7.273332516933685,56.946809372866255,Preventivo,0.7725053875291574,Sur,0.8007702861329701,23.83049166876269,83.48928767422038,1,3
M0113,P08,Prensa,C,16.350531505848096,88.5385858371484,Preventivo,0.6956597343725853,Centro,0.5300840248883054,26.13774261615842,115.86362948973688,1,4
M0114,P03,Torno,B,10.12139623914157,77.9855604012482,Correctivo,0.7891602513159307,Centro,0.7363271954206225,21.46632597757719,306.29270160714094,1,11
M0115,P12,Prensa,A,3.577540084848767,73.91402722603456,Preventivo,0.7488214435896737,Norte,0.7256822092033763,18.05302548860507,443.68926201841646,1,15
M0116,P04,Torno,B,9.10616081409687,53.86726341988498,Correctivo,0.7965740422392011,Sur,0.5948147700714784,26.266803606258584,160.5812013406507,1,6
M0117,P10,Fresadora,C,3.345795967651269,61.71840098154136,Preventivo,0.5579528584481548,Sur,0.8007702861329701,23.83049166876269,449.8481539421243,1,15
M0118,P06,Fresadora,B,4.551380738063603,64.72224273531826,Correctivo,0.7975000948945825,Sur,0.5599365188521057,27.3467055328597,98.40364803520787,1,4
M0119,P11,Fresadora,B,9.538178591558436,62.46623505219307,Preventivo,0.9137991953819506,Norte,0.6948780745805822,25.411629283364377,27.372317339010376,1,1
M0120,P02,Torno,B,2.596049976691033,103.15382055004596,Preventivo,0.7297166573402133,Sur,0.6112808956532385,23.775750060961073,597.2796958851299,1,20
M0121,P10,Fresadora,B,5.785238692239957,70.1724826716606,Preventivo,0.6500709940796947,Sur,0.8007702861329701,23.83049166876269,589.8376329669942,1,20
M0122,P12,Prensa,C,2.913848707534531,51.181771347570496,Preventivo,0.5617368390744226,Norte,0.7256822092033763,18.05302548860507,613.4988876597313,1,21
M0123,P10,Torno,B,7.900258847664934,111.00059099302844,Preventivo,0.7772310817512748,Sur,0.8007702861329701,23.83049166876269,678.6212888440614,1,23
M0124,P03,Prensa,A,5.035775943386538,83.8134315156239,Preventivo,0.6663960823274218,Centro,0.7363271954206225,21.46632597757719,333.07035563852304,1,12
M0125,P10,Torno,A,4.155334739912232,100.56579432458969,Correctivo,0.4819512678184265,Sur,0.8007702861329701,23.83049166876269,466.7734212804554,1,16
M0126,P01,Torno,B,5.129164774103795,82.77142345638673,Preventivo,0.6016190040430244,Centro,0.5916641178967565,20.75990227476123,696.609469472495,1,24
M0127,P06,Fresadora,C,7.25835432094013,93.57669107269002,Correctivo,0.856018559866377,Sur,0.5599365188521057,27.3467055328597,536.0192520235801,1,18
M0128,P06,Fresadora,A,4.63949274060231,98.46709099093991,Preventivo,0.6934293843954886,Sur,0.5599365188521057,27.3467055328597,479.612951884455,1,16
M0129,P12,Fresadora,A,7.307611140749406,66.29157076415801,Correctivo,0.7163055145952305,Norte,0.7256822092033763,18.05302548860507,238.29388438729856,1,8
M0130,P09,Torno,A,5.194158323269781,92.08917734071717,Preventivo,0.45622259967406625,Centro,0.6631797739082478,23.196749361855407,575.8150520469884,1,20
M0131,P03,Fresadora,A,2.7177257133338455,74.92524328304657,Correctivo,0.4795756571719463,Centro,0.7363271954206225,21.46632597757719,246.0131642526517,1,9
M0132,P08,Torno,A,2.7984948848499056,75.29949514556455,Preventivo,0.9373481178949481,Centro,0.5300840248883054,26.13774261615842,20.1108693363308,1,1
M0133,P12,Torno,A,3.765915121073529,79.28226437145766,Correctivo,0.7167807245564805,Norte,0.7256822092033763,18.05302548860507,720,0,24
M0134,P04,Torno,A,10.203131529522233,74.39378811214328,Correctivo,0.577722343126206,Sur,0.5948147700714784,26.266803606258584,284.58303977072177,1,10
M0135,P06,Torno,A,2.177942079372241,65.05542363440993,Correctivo,0.46975735835461013,Sur,0.5599365188521057,27.3467055328597,443.2805806033032,1,15
M0136,P08,Prensa,A,8.06524162020198,69.42648199917782,Preventivo,0.7534352747474334,Centro,0.5300840248883054,26.13774261615842,7.581829270354798,1,1
M0137,P10,Fresadora,C,9.040717536974752,64.09716541535174,Preventivo,0.527662355476868,Sur,0.8007702861329701,23.83049166876269,123.37146996654596,1,5
M0138,P06,Torno,A,10.44538830420348,75.51468600109959,Preventivo,0.8805872142490461,Sur,0.5599365188521057,27.3467055328597,177.25750418579327,1,6
M0139,P02,Prensa,C,5.697711209019035,78.83610444093398,Correctivo,0.8405693406337205,Sur,0.6112808956532385,23.775750060961073,153.18673655046004,1,6
M0140,P10,Torno,C,3.13213294396361,69.77316434829368,Preventivo,0.8649850477869844,Sur,0.8007702861329701,23.83049166876269,265.3702187389519,1,9
M0141,P05,Torno,A,17.41170533452568,62.20177911935692,Correctivo,0.7547011619781617,Centro,0.5534500108826634,29.812299145379253,130.12025177730135,1,5
M0142,P11,Prensa,A,3.9271523192959714,61.01773372455369,Preventivo,0.4713934411967991,Norte,0.6948780745805822,25.411629283364377,294.1139211590678,1,10
M0143,P03,Prensa,B,4.758295114405047,64.1888145142054,Correctivo,0.39770614839254764,Centro,0.7363271954206225,21.46632597757719,488.3031400760312,1,17
M0144,P10,Torno,C,9.604565382871902,108.22559201272462,Correctivo,0.7938593318636724,Sur,0.8007702861329701,23.83049166876269,69.96969815537231,1,3
M0145,P06,Torno,A,5.226573874864764,120.9028619553049,Correctivo,0.9476659127013195,Sur,0.5599365188521057,27.3467055328597,188.73923487431006,1,7
M0146,P11,Fresadora,A,3.208082200411906,77.87742244920861,Correctivo,0.6414141440315574,Norte,0.6948780745805822,25.411629283364377,211.63637778803982,1,8
M0147,P10,Torno,A,9.681779263827897,90.88093091423048,Preventivo,0.6399355855268298,Sur,0.8007702861329701,23.83049166876269,703.8929586730934,1,24
M0148,P11,Prensa,C,2.347988338622527,88.18358120760385,Correctivo,0.8842230784831066,Norte,0.6948780745805822,25.411629283364377,561.2928787675434,1,19
M0149,P06,Torno,B,2.725441103088762,64.29552363389755,Preventivo,0.3901486267816558,Sur,0.5599365188521057,27.3467055328597,529.650577445128,1,18
M0150,P04,Torno,A,7.28258637546772,94.2001437623349,Correctivo,0.7199632822615398,Sur,0.5948147700714784,26.266803606258584,326.769477483699,1,11
M0151,P07,Fresadora,A,8.275430814806633,72.07622540402983,Correctivo,0.8619052172181422,Centro,0.6303256713678888,17.019784434442585,404.80405342969755,1,14
M0152,P04,Fresadora,B,7.430157699257954,72.61613951024165,Correctivo,0.6283268366573114,Sur,0.5948147700714784,26.266803606258584,692.7655418459702,1,24
M0153,P08,Prensa,A,18.004798731859495,85.71824206688879,Preventivo,0.8042770353365444,Centro,0.5300840248883054,26.13774261615842,18.346340207158242,1,1
M0154,P08,Prensa,A,7.896247207114936,84.18984716333422,Correctivo,0.5453614918901328,Centro,0.5300840248883054,26.13774261615842,152.62559030389502,1,6
M0155,P02,Prensa,B,6.92147351543172,82.72627806396503,Preventivo,0.8414676255366933,Sur,0.6112808956532385,23.775750060961073,529.4746318539502,1,18
M0156,P08,Torno,A,8.739178333118272,80.17292704903404,Correctivo,0.8445380982017824,Centro,0.5300840248883054,26.13774261615842,31.89018970588417,1,2
M0157,P12,Torno,A,2.648380829059267,87.30865759486393,Correctivo,0.5591861254186254,Norte,0.7256822092033763,18.05302548860507,720,0,24
M0158,P03,Prensa,A,4.783166326633659,57.921855986378766,Preventivo,0.8625736185456456,Centro,0.7363271954206225,21.46632597757719,593.089611022357,1,20
M0159,P04,Prensa,B,6.115646965707167,88.2419136412614,Preventivo,0.3243274803044717,Sur,0.5948147700714784,26.266803606258584,510.35074866204326,1,18
M0160,P11,Prensa,C,17.104263173516014,82.58078942728429,Correctivo,0.47439552875206425,Norte,0.6948780745805822,25.411629283364377,87.57495772131297,1,3
M0161,P02,Fresadora,B,6.142082366131382,81.80407713632034,Correctivo,0.5979971033637735,Sur,0.6112808956532385,23.775750060961073,561.131174366566,1,19
M0162,P09,Torno,A,2.5850144738197507,116.97696227120524,Correctivo,0.8085776910279828,Centro,0.6631797739082478,23.196749361855407,336.73311944564193,1,12
M0163,P05,Prensa,B,6.1071040774742675,83.98166991546783,Preventivo,0.3502400136563399,Centro,0.5534500108826634,29.812299145379253,145.54760805521738,1,5
M0164,P11,Torno,B,5.0163453623413305,79.03958436798568,Correctivo,0.5739037648061943,Norte,0.6948780745805822,25.411629283364377,373.4380665630528,1,13
M0165,P11,Prensa,A,8.625512629116704,47.35134830733468,Correctivo,0.5770947161382127,Norte,0.6948780745805822,25.411629283364377,54.577125118074214,1,2
M0166,P10,Prensa,A,7.282422644606865,93.59391145756561,Correctivo,0.7672333496773509,Sur,0.8007702861329701,23.83049166876269,225.9485906713441,1,8
M0167,P05,Torno,B,5.92856501203528,75.11410181089958,Preventivo,0.49304780036634754,Centro,0.5534500108826634,29.812299145379253,640.423882034764,1,22
M0168,P08,Fresadora,C,4.654646698925344,90.76900289823338,Correctivo,0.6584433230402224,Centro,0.5300840248883054,26.13774261615842,368.4014242185988,1,13
M0169,P05,Prensa,C,8.069772146796728,62.62809075532365,Correctivo,0.6184709242512624,Centro,0.5534500108826634,29.812299145379253,161.90534093325493,1,6
M0170,P11,Prensa,A,3.605147048236442,60.5782865545666,Correctivo,0.8331994397446834,Norte,0.6948780745805822,25.411629283364377,130.8455960721426,1,5
M0171,P09,Prensa,B,12.677466334451823,61.83670958919946,Correctivo,0.6702220259347372,Centro,0.6631797739082478,23.196749361855407,309.80326116095847,1,11
M0172,P11,Fresadora,C,3.7576177066662133,56.13635015484139,Correctivo,0.4417725287865208,Norte,0.6948780745805822,25.411629283364377,720,0,24
M0173,P10,Fresadora,C,5.732598162588263,73.23900987456376,Correctivo,0.9209082470075579,Sur,0.8007702861329701,23.83049166876269,44.17311530317417,1,2
M0174,P03,Fresadora,B,9.585241283711788,76.50240115247423,Correctivo,0.6387839515484353,Centro,0.7363271954206225,21.46632597757719,720,0,24
M0175,P09,Torno,A,2.941409364772195,81.71421838039899,Correctivo,0.9535284184524193,Centro,0.6631797739082478,23.196749361855407,170.39117355993451,1,6
M0176,P03,Torno,A,5.903162157902735,97.52415251287734,Preventivo,0.9074355447636413,Centro,0.7363271954206225,21.46632597757719,17.126369312668388,1,1
M0177,P08,Prensa,C,5.173458427132392,64.5926799383147,Correctivo,0.5984896055208531,Centro,0.5300840248883054,26.13774261615842,379.3216220668447,1,13
M0178,P06,Fresadora,B,12.145781646486034,103.96120114344058,Preventivo,0.6410743786037548,Sur,0.5599365188521057,27.3467055328597,21.610975331052696,1,1
M0179,P09,Torno,C,20,67.28137093179174,Preventivo,0.5381756775195387,Centro,0.6631797739082478,23.196749361855407,505.7581580473558,1,17
M0180,P02,Fresadora,A,11.283473501762334,69.03035480530286,Correctivo,0.5510358210407731,Sur,0.6112808956532385,23.775750060961073,463.57667462492054,1,16
M0181,P12,Fresadora,A,4.386841666675912,76.27726626451232,Preventivo,0.6410146564049116,Norte,0.7256822092033763,18.05302548860507,96.48870750882267,1,4
M0182,P05,Fresadora,B,11.74151213472041,81.60973815641141,Preventivo,0.48736264998028545,Centro,0.5534500108826634,29.812299145379253,49.71591933617586,1,2
M0183,P07,Fresadora,A,6.102830142836863,61.63320939414072,Correctivo,0.7095850076975571,Centro,0.6303256713678888,17.019784434442585,378.7970762551223,1,13
M0184,P07,Torno,C,5.107029033915563,121.08687156614201,Preventivo,0.4457291300168809,Centro,0.6303256713678888,17.019784434442585,720,0,24
M0185,P10,Torno,B,4.28716320403554,85.67815361762341,Correctivo,0.6445512943386608,Sur,0.8007702861329701,23.83049166876269,100.79838729195505,1,4
M0186,P02,Fresadora,A,19.70853785241852,84.77753476592424,Correctivo,0.9139765799405372,Sur,0.6112808956532385,23.775750060961073,89.04850320013242,1,3
M0187,P07,Prensa,A,13.232032716411227,97.314097166438,Correctivo,0.6035674518910935,Centro,0.6303256713678888,17.019784434442585,98.65672309033475,1,4
M0188,P08,Prensa,A,4.629571664542112,88.66465776191845,Preventivo,0.9025176924258379,Centro,0.5300840248883054,26.13774261615842,317.49397962488507,1,11
M0189,P12,Fresadora,A,2.990479126668499,66.72433113739986,Preventivo,0.7776872140870047,Norte,0.7256822092033763,18.05302548860507,481.7314625738672,1,17
M0190,P08,Torno,A,7.79851058542986,96.62563791468386,Preventivo,0.8494576665969041,Centro,0.5300840248883054,26.13774261615842,92.64591808189103,1,4
M0191,P04,Prensa,A,4.429142885008961,93.85356116431566,Correctivo,0.6063118414370441,Sur,0.5948147700714784,26.266803606258584,256.17705834905877,1,9
M0192,P05,Torno,A,4.5393300727741694,72.13523655421739,Preventivo,0.7227469276520468,Centro,0.5534500108826634,29.812299145379253,499.322065808415,1,17
M0193,P12,Torno,B,7.70558843054742,78.53839233093316,Correctivo,0.6423182145194722,Norte,0.7256822092033763,18.05302548860507,155.86565152290163,1,6
M0194,P06,Fresadora,A,9.024747799995714,105.87279655731012,Preventivo,0.6513050200194054,Sur,0.5599365188521057,27.3467055328597,296.3010479634117,1,10
M0195,P09,Prensa,B,4.951364643936034,75.21210314048906,Correctivo,0.44684417569393586,Centro,0.6631797739082478,23.196749361855407,672.2430667577117,1,23
M0196,P09,Torno,B,9.873662518693774,81.43507938213277,Preventivo,0.4934569472282732,Centro,0.6631797739082478,23.196749361855407,599.7318730278924,1,20
M0197,P12,Prensa,C,18.337428558743994,91.517701432295965,Correctivo,0.6986945621526907,Norte,0.7256822092033763,18.05302548860507,162.24445315189752,1,6
M0198,P09,Fresadora,A,5.67406335247905,88.21381286734596,Preventivo,0.6826370984531177,Centro,0.6631797739082478,23.196749361855407,477.58152635696126,1,16
M0199,P07,Prensa,C,2.404782832699116,107.71546409696914,Correctivo,0.8922893276577893,Centro,0.6303256713678888,17.019784434442585,64.63464608989152,1,3
M0200,P04,Fresadora,B,4.492281342747371,95.69008814549626,Correctivo,0.9283650073812016,Sur,0.5948147700714784,26.266803606258584,565.0436505036703,1,19
M0201,P11,Prensa,C,4.32621053669841,81.20446536910754,Preventivo,0.7012869366690035,Norte,0.6948780745805822,25.411629283364377,561.2527947965685,1,19
M0202,P03,Fresadora,A,12.34894256662854,80.15754058187338,Preventivo,0.5467477133455622,Centro,0.7363271954206225,21.46632597757719,452.3984181486264,1,16
M0203,P06,Fresadora,A,1.4338202067382713,99.7190602560486,Correctivo,0.5968634587223741,Sur,0.5599365188521057,27.3467055328597,472.6854169885306,1,16
M0204,P09,Torno,B,6.9646887384613345,59.98783308311361,Preventivo,0.3400397533444877,Centro,0.6631797739082478,23.196749361855407,165.42420533899832,1,6
M0205,P12,Prensa,A,7.30911730661324,40.353444337130874,Preventivo,0.8201989912785381,Norte,0.7256822092033763,18.05302548860507,101.7384100696585,1,4
M0206,P06,Fresadora,A,5.483529700020675,90.88297296036043,Preventivo,0.7416466924495198,Sur,0.5599365188521057,27.3467055328597,310.80870180861814,1,11
M0207,P01,Torno,A,7.669620713398884,105.60285162599635,Correctivo,0.5414229381449538,Centro,0.5916641178967565,20.75990227476123,479.24489079503786,1,16
M0208,P09,Prensa,C,13.927126575676839,83.5647710920618,Preventivo,0.9052906889215742,Centro,0.6631797739082478,23.196749361855407,24.84667116941203,1,1
M0209,P02,Torno,A,8.015377381694883,105.05590466180064,Preventivo,0.6939065747376757,Sur,0.6112808956532385,23.775750060961073,162.28234443456537,1,6
M0210,P04,Torno,A,4.982883958484705,100.81227880569143,Correctivo,0.9443276275006639,Sur,0.5948147700714784,26.266803606258584,80.60078685723724,1,3
M0211,P07,Fresadora,C,3.5999120793730293,88.59397452923835,Preventivo,0.7678284622265777,Centro,0.6303256713678888,17.019784434442585,461.76251852389515,1,16
M0212,P01,Torno,B,20,101.10129992573842,Correctivo,0.5664108317944572,Centro,0.5916641178967565,20.75990227476123,50.154745858795664,1,2
M0213,P07,Prensa,A,12.55717147111495,81.8573987029031,Preventivo,0.535806287176581,Centro,0.6303256713678888,17.019784434442585,68.24486753877768,1,3
M0214,P09,Fresadora,B,10.797215422511822,84.08680743320541,Preventivo,0.5270953167605926,Centro,0.6631797739082478,23.196749361855407,713.403333760861,1,24
M0215,P08,Torno,A,7.923677854310521,104.20128557313122,Correctivo,0.5172835581994027,Centro,0.5300840248883054,26.13774261615842,653.6351758836695,1,22
M0216,P02,Prensa,A,9.838342239017658,69.55492771851718,Correctivo,0.8708775974932278,Sur,0.6112808956532385,23.775750060961073,188.90384194215895,1,7
M0217,P08,Fresadora,B,3.173095506839377,106.42214036743042,Preventivo,0.8069153093290173,Centro,0.5300840248883054,26.13774261615842,381.6017970792849,1,13
M0218,P07,Fresadora,B,2.5670157989370535,79.5571512172711,Preventivo,0.5376963587848245,Centro,0.6303256713678888,17.019784434442585,296.7285802772566,1,10
M0219,P10,Fresadora,A,3.2351625103897543,104.10852394023466,Correctivo,0.6438022912291291,Sur,0.8007702861329701,23.83049166876269,340.85278176975237,1,12
M0220,P02,Prensa,B,4.684809962697413,60.754502700836184,Preventivo,0.7759725217098671,Sur,0.6112808956532385,23.775750060961073,628.6147571387319,1,21
M0221,P10,Fresadora,B,6.324492055176363,77.80357074377251,Correctivo,0.5893617464820841,Sur,0.8007702861329701,23.83049166876269,453.8859411297849,1,16
M0222,P03,Torno,C,6.433328142067591,43.49880124118829,Correctivo,0.44985268355511393,Centro,0.7363271954206225,21.46632597757719,720,0,24
M0223,P10,Fresadora,B,7.017475240348806,68.11402656393261,Correctivo,0.6625337048464037,Sur,0.8007702861329701,23.83049166876269,48.265827655216384,1,2
M0224,P01,Torno,B,3.0561558370106323,79.11760995103185,Correctivo,0.7515702860865824,Centro,0.5916641178967565,20.75990227476123,516.9099650018592,1,18
M0225,P04,Prensa,C,6.689321121178879,82.43833854310104,Correctivo,0.8909208920333201,Sur,0.5948147700714784,26.266803606258584,38.664790226349076,1,2
M0226,P01,Torno,B,10.167697307730426,76.71309630340487,Correctivo,0.5114488346155058,Centro,0.5916641178967565,20.75990227476123,182.39407745009137,1,7
M0227,P09,Prensa,B,6.5622122727643735,65.35972992064079,Correctivo,0.6694634880835296,Centro,0.6631797739082478,23.196749361855407,81.90035984924947,1,3
M0228,P08,Torno,A,3.0122259268305847,77.60410828026232,Preventivo,0.6208725644040567,Centro,0.5300840248883054,26.13774261615842,434.5795067020772,1,15
M0229,P06,Torno,B,3.6878704545560126,81.73814453259112,Correctivo,0.8008600165504987,Sur,0.5599365188521057,27.3467055328597,41.54872145899165,1,2
M0230,P07,Prensa,C,3.7125441617803774,93.64757952873666,Correctivo,0.24985001138226534,Centro,0.6303256713678888,17.019784434442585,611.099540588275,1,21
M0231,P07,Torno,B,6.662545248267022,88.38503271165551,Preventivo,0.6254600909792913,Centro,0.6303256713678888,17.019784434442585,320.73346029450215,1,11
M0232,P10,Prensa,C,6.042213492618988,83.52231313787817,Preventivo,0.7837831758079183,Sur,0.8007702861329701,23.83049166876269,171.8213489189357,1,6
M0233,P11,Fresadora,A,8.862704008677976,92.122717107673,Preventivo,0.8073735352682395,Norte,0.6948780745805822,25.411629283364377,309.8817700256321,1,11
M0234,P09,Torno,A,20,47.23018580792742,Preventivo,0.7061795634634687,Centro,0.6631797739082478,23.196749361855407,169.9812014622218,1,6
M0235,P11,Torno,A,4.710251099567599,53.01539531658824,Preventivo,0.8560849942702992,Norte,0.6948780745805822,25.411629283364377,459.4985180956459,1,16
M0236,P04,Prensa,B,3.0553780895473728,101.66615526467828,Correctivo,0.8259817819925992,Sur,0.5948147700714784,26.266803606258584,422.33262883288495,1,15
M0237,P08,Torno,C,3.4977053245209238,104.60208905727353,Correctivo,0.6775719493207493,Centro,0.5300840248883054,26.13774261615842,229.18647546430964,1,8
M0238,P08,Torno,A,9.233684759938107,82.87457019483762,Correctivo,0.7578274931247456,Centro,0.5300840248883054,26.13774261615842,155.8104898679162,1,6
M0239,P06,Prensa,C,4.615043284209655,72.2469224208681,Correctivo,0.6364804931925238,Sur,0.5599365188521057,27.3467055328597,532.1540694750789,1,18
M0240,P01,Torno,B,4.2663082549174085,107.03836361685498,Preventivo,0.6411343807614078,Centro,0.5916641178967565,20.75990227476123,702.3668345490845,1,24
M0241,P01,Fresadora,A,16.494506996519707,77.71124155787483,Preventivo,0.9440145431998803,Centro,0.5916641178967565,20.75990227476123,42.9049491206596,1,2
M0242,P12,Prensa,B,7.24769231052312,63.495726655859535,Preventivo,0.6976633462576217,Norte,0.7256822092033763,18.05302548860507,54.50107643036567,1,2
M0243,P06,Torno,C,7.6209808634693275,78.15204730781076,Correctivo,0.9521573298329037,Sur,0.5599365188521057,27.3467055328597,532.5364087664875,1,18
M0244,P07,Prensa,A,3.99944304673553,81.060160677934,Correctivo,0.6697901528039004,Centro,0.6303256713678888,17.019784434442585,374.91798498587,1,13
M0245,P07,Torno,B,5.382136515392639,93.65725904136899,Correctivo,0.8314925104216128,Centro,0.6303256713678888,17.019784434442585,70.97813321202088,1,3
M0246,P06,Torno,B,4.227019467058545,79.50543430535637,Preventivo,0.35440973041917395,Sur,0.5599365188521057,27.3467055328597,553.6287811175471,1,19
M0247,P04,Prensa,A,8.25626411673221,65.11849657252647,Correctivo,0.6027486432287104,Sur,0.5948147700714784,26.266803606258584,217.17225646347953,1,8
M0248,P04,Torno,B,11.48010274448198,100.96072421542917,Correctivo,0.34642979707398136,Sur,0.5948147700714784,26.266803606258584,79.53417265088356,1,3
M0249,P03,Prensa,B,9.055291551283839,65.91936578181786,Preventivo,0.6702505781904852,Centro,0.7363271954206225,21.46632597757719,693.3148021112686,1,24
M0250,P11,Torno,B,6.607341133066416,73.6702994978102,Preventivo,0.4444078048440805,Norte,0.6948780745805822,25.411629283364377,521.3878257459097,1,18
M0251,P05,Prensa,A,5.739666551369661,46.64565995342508,Preventivo,0.447541837788036,Centro,0.5534500108826634,29.812299145379253,393.0483746300734,1,14
M0252,P07,Prensa,C,3.8291288828526726,65.36470396201481,Correctivo,0.8314623164591479,Centro,0.6303256713678888,17.019784434442585,330.3475509045404,1,12
M0253,P07,Torno,B,10.866575080434883,77.73443281686477,Correctivo,0.7673043569910385,Centro,0.6303256713678888,17.019784434442585,135.84539472569585,1,5
M0254,P02,Torno,B,6.046799333678368,92.14054593220199,Correctivo,0.7782599505906854,Sur,0.6112808956532385,23.775750060961073,720,0,24
M0255,P08,Fresadora,A,10.388018045610064,118.13299860760361,Correctivo,0.4336975949304714,Centro,0.5300840248883054,26.13774261615842,326.3107262640579,1,11
M0256,P06,Prensa,B,12.574898736701766,78.51321025226623,Preventivo,0.8698733047725086,Sur,0.5599365188521057,27.3467055328597,60.96691146567433,1,3
M0257,P09,Fresadora,A,10.707985204369582,33.9429968454926,Correctivo,0.7594530732932048,Centro,0.6631797739082478,23.196749361855407,74.96604781768173,1,3
M0258,P10,Prensa,A,1.556788580622777,69.21136620327461,Correctivo,0.6645632531496752,Sur,0.8007702861329701,23.83049166876269,455.55649730604443,1,16
M0259,P06,Torno,C,9.255622482983501,74.19865916509264,Preventivo,0.8377715184139668,Sur,0.5599365188521057,27.3467055328597,235.03132749600314,1,8
M0260,P04,Torno,B,5.103393447686127,52.54821626801608,Correctivo,0.6363099888161372,Sur,0.5948147700714784,26.266803606258584,457.62747826870594,1,16
M0261,P02,Prensa,C,9.571831110636007,88.31475512687116,Preventivo,0.53880745433095,Sur,0.6112808956532385,23.775750060961073,11.227908422108145,1,1
M0262,P03,Prensa,B,2.829238785369138,113.26002250700809,Preventivo,0.7875293164977724,Centro,0.7363271954206225,21.46632597757719,136.08765894170483,1,5
M0263,P02,Prensa,B,3.097207976847986,86.07855473223835,Correctivo,0.8068654431489332,Sur,0.6112808956532385,23.775750060961073,14.08932015582519,1,1
M0264,P04,Torno,B,6.327179991229794,69.46572173725131,Correctivo,0.3588249931232963,Sur,0.5948147700714784,26.266803606258584,720,0,24
M0265,P07,Prensa,A,12.493264966141538,98.18942471797257,Preventivo,0.7927628544448566,Centro,0.6303256713678888,17.019784434442585,424.5621483301822,1,15
M0266,P07,Fresadora,B,2.97718183931727,93.57836181700156,Preventivo,0.4855252729463041,Centro,0.6303256713678888,17.019784434442585,720,0,24
M0267,P01,Prensa,A,3.7361550540484463,67.074781438815,Preventivo,0.8487871622697505,Centro,0.5916641178967565,20.75990227476123,239.65089387160617,1,8
M0268,P01,Torno,B,9.429535071709148,97.62604665835697,Correctivo,0.5318571466630372,Centro,0.5916641178967565,20.75990227476123,261.13432753932324,1,9
M0269,P07,Fresadora,B,3.478024312803207,59.380169811325786,Preventivo,0.6697915716474807,Centro,0.6303256713678888,17.019784434442585,720,0,24
M0270,P02,Torno,B,8.969352953816518,76.35587805065218,Preventivo,0.9210334168973163,Sur,0.6112808956532385,23.775750060961073,210.66498155443895,1,8
M0271,P04,Fresadora,A,6.3708224199436865,76.26211633078928,Correctivo,0.8197783981902441,Sur,0.5948147700714784,26.266803606258584,492.54940799985866,1,17
M0272,P03,Torno,B,5.271055023430035,46.62873364651417,Correctivo,0.8129581324732913,Centro,0.7363271954206225,21.46632597757719,13.35931956906935,1,1
M0273,P08,Torno,C,17.64655017762807,64.76953778820224,Preventivo,0.5748808198087673,Centro,0.5300840248883054,26.13774261615842,94.94831438988737,1,4
M0274,P11,Fresadora,B,9.093235077645643,79.16507948403758,Correctivo,0.6354146158989655,Norte,0.6948780745805822,25.411629283364377,76.99552085562223,1,3
M0275,P12,Torno,B,3.1273560797886,81.58346681896208,Correctivo,0.6637239709750195,Norte,0.7256822092033763,18.05302548860507,702.880380284127,1,24
M0276,P12,Torno,A,14.513346338818476,62.8412152528379,Preventivo,0.9234524929817679,Norte,0.7256822092033763,18.05302548860507,56.870226565782175,1,2
M0277,P08,Fresadora,C,3.864643019714915,83.01566159986609,Correctivo,0.5287526844170009,Centro,0.5300840248883054,26.13774261615842,114.53927338319644,1,4
M0278,P11,Fresadora,C,6.895668415985758,82.83209115408913,Correctivo,0.7014132357514231,Norte,0.6948780745805822,25.411629283364377,553.2048936999863,1,19
M0279,P06,Prensa,C,6.326398428756318,64.8569347524119,Preventivo,0.6666167692483517,Sur,0.5599365188521057,27.3467055328597,140.6148305472286,1,5
M0280,P07,Prensa,B,5.969564727468028,97.5483107999218,Preventivo,0.754327944643469,Centro,0.6303256713678888,17.019784434442585,30.959856703167052,1,2
M0281,P11,Torno,A,3.3885326128837834,86.41120918539445,Preventivo,0.8473975998376961,Norte,0.6948780745805822,25.411629283364377,153.6936670558019,1,6
M0282,P12,Torno,A,16.61166939546456,62.99270932863052,Correctivo,0.7771404916161678,Norte,0.7256822092033763,18.05302548860507,70.45882683101352,1,3
M0283,P12,Torno,A,10.073690575479286,54.850115627259555,Preventivo,0.5713830292412342,Norte,0.7256822092033763,18.05302548860507,720,0,24
M0284,P05,Prensa,A,3.7215421104428317,78.45124831542265,Preventivo,0.5986482911411519,Centro,0.5534500108826634,29.812299145379253,85.58033406655082,1,3
M0285,P11,Torno,C,3.833777022187826,89.3609131409324,Correctivo,0.541320340578233,Norte,0.6948780745805822,25.411629283364377,601.7314859511962,1,21
M0286,P11,Prensa,A,14.225418400819901,46.576296958369745,Correctivo,0.5015201094084022,Norte,0.6948780745805822,25.411629283364377,216.41787458719128,1,8
M0287,P05,Torno,C,3.9914958414540123,101.25238907616603,Correctivo,0.6464703899035232,Centro,0.5534500108826634,29.812299145379253,113.33697421284697,1,4
M0288,P11,Fresadora,B,5.419595198395779,90.10867380698174,Correctivo,0.878286996323512,Norte,0.6948780745805822,25.411629283364377,408.78369265890194,1,14
M0289,P05,Fresadora,C,6.552906929588818,64.6026130305698,Correctivo,0.8307655338885348,Centro,0.5534500108826634,29.812299145379253,120.36084976156623,1,5
M0290,P09,Torno,A,4.766386268659158,106.955067739338,Correctivo,0.7551710476314014,Centro,0.6631797739082478,23.196749361855407,145.85726261589645,1,5
M0291,P06,Prensa,B,9.371169780747506,82.8778552364956,Correctivo,0.6723706478841989,Sur,0.5599365188521057,27.3467055328597,100.75403644588847,1,4
M0292,P02,Prensa,A,4.114450386857065,109.25783502579924,Preventivo,0.664162579602465,Sur,0.6112808956532385,23.775750060961073,329.1237910792065,1,11
M0293,P05,Prensa,C,5.638214375071069,71.54431979863625,Preventivo,0.7583809688715969,Centro,0.5534500108826634,29.812299145379253,267.9453977988805,1,9
M0294,P12,Prensa,A,8.00308020725556,92.76105285036279,Preventivo,0.7394470419721271,Norte,0.7256822092033763,18.05302548860507,664.8504553059486,1,23
M0295,P04,Fresadora,C,7.945218505844934,63.54808715668574,Correctivo,0.7992342764404016,Sur,0.5948147700714784,26.266803606258584,176.44459008149352,1,6
M0296,P06,Prensa,B,2.578032714648897,72.16889997017769,Preventivo,0.4106278229406968,Sur,0.5599365188521057,27.3467055328597,395.9014193222317,1,14
M0297,P10,Fresadora,B,9.524651737435383,68.18002944136472,Correctivo,0.9105226993987159,Sur,0.8007702861329701,23.83049166876269,494.7162313250967,1,17
M0298,P07,Fresadora,A,4.822257799348379,57.62084715188079,Preventivo,0.7395212024343425,Centro,0.6303256713678888,17.019784434442585,270.1943201331776,1,10
M0299,P08,Fresadora,C,6.443968643977666,85.8644185216948,Correctivo,0.8230366918358603,Centro,0.5300840248883054,26.13774261615842,120.43218244566015,1,5
M0300,P12,Prensa,A,5.5279325991280706,114.60433097526197,Correctivo,0.7929265615434009,Norte,0.7256822092033763,18.05302548860507,47.7514731428283,1,2
M0301,P01,Fresadora,B,9.82321132531732,45.959118117288504,Correctivo,0.6908144661572765,Centro,0.5916641178967565,20.75990227476123,354.9710621679955,1,12
M0302,P12,Fresadora,A,4.211954930935937,91.62517626605452,Preventivo,0.5589240702596728,Norte,0.7256822092033763,18.05302548860507,539.4634508475898,1,18
M0303,P03,Fresadora,B,11.022611102314212,63.084042399298255,Preventivo,0.32382229208091856,Centro,0.7363271954206225,21.46632597757719,377.55179830267264,1,13
M0304,P04,Torno,C,11.642659166709894,80.73765043775794,Preventivo,0.4363919908257795,Sur,0.5948147700714784,26.266803606258584,88.30308154224394,1,3
M0305,P12,Fresadora,C,8.60073419398907,63.0290960278201,Correctivo,0.8721944532756207,Norte,0.7256822092033763,18.05302548860507,282.36383400543014,1,10
M0306,P07,Fresadora,C,8.471354312307243,93.37555408859465,Correctivo,0.919983099344277,Centro,0.6303256713678888,17.019784434442585,74.05159245422524,1,3
M0307,P03,Fresadora,B,13.142192703092803,48.583699506958055,Correctivo,0.7592670586260368,Centro,0.7363271954206225,21.46632597757719,326.57147720866885,1,11
M0308,P02,Prensa,B,5.259829331222331,71.05489008040641,Correctivo,0.7857706314782721,Sur,0.6112808956532385,23.775750060961073,334.3018464689323,1,12
M0309,P04,Fresadora,C,13.357241275867796,89.21999266025814,Correctivo,0.8057058772248645,Sur,0.5948147700714784,26.266803606258584,159.34511632295454,1,6
M0310,P02,Fresadora,B,9.34549572681981,113.71589547230218,Preventivo,0.5865605574460109,Sur,0.6112808956532385,23.775750060961073,620.3718176846903,1,21
M0311,P09,Prensa,A,9.683278688800547,78.75558170035315,Preventivo,0.4444635902857493,Centro,0.6631797739082478,23.196749361855407,103.9691125769856,1,4
M0312,P07,Torno,B,7.451726596298252,101.31287139082048,Preventivo,0.7378914056286555,Centro,0.6303256713678888,17.019784434442585,104.74987412557998,1,4
M0313,P04,Prensa,A,7.961290042902355,46.76136596709775,Correctivo,0.8960518945657364,Sur,0.5948147700714784,26.266803606258584,42.76510806482791,1,2
M0314,P02,Prensa,B,4.231288105650287,91.09505301058832,Preventivo,0.42794132622278164,Sur,0.6112808956532385,23.775750060961073,655.7015588947793,1,22
M0315,P02,Prensa,C,6.481310042029675,55.03074439440914,Correctivo,0.8517588136099676,Sur,0.6112808956532385,23.775750060961073,71.33198273925501,1,3
M0316,P02,Torno,A,4.58631735690271,49.83346254042933,Correctivo,0.7064221115543536,Sur,0.6112808956532385,23.775750060961073,490.1191299162511,1,17
M0317,P03,Prensa,C,8.515907343289731,55.753573086298154,Preventivo,0.6867326033122337,Centro,0.7363271954206225,21.46632597757719,301.6687599909803,1,11
M0318,P03,Torno,A,4.4723777133592435,73.42840156123289,Preventivo,0.6170478199879115,Centro,0.7363271954206225,21.46632597757719,60.06227766872937,1,3
M0319,P07,Torno,A,6.40560860116093,79.5102937848629,Correctivo,0.37172989953605934,Centro,0.6303256713678888,17.019784434442585,720,0,24
M0320,P02,Prensa,B,8.008458782205206,69.27391878978541,Preventivo,0.7308276608591228,Sur,0.6112808956532385,23.775750060961073,231.72482033738365,1,8
M0321,P02,Torno,A,5.144421468144208,82.59239620262206,Correctivo,0.7876559870572241,Sur,0.6112808956532385,23.775750060961073,238.27791586262464,1,8
M0322,P05,Torno,A,6.050687612355714,83.1521925327452,Preventivo,0.755350662221417,Centro,0.5534500108826634,29.812299145379253,520.6257585146589,1,18
M0323,P11,Fresadora,A,3.3829856194511074,79.37355370434793,Correctivo,0.5776751629668506,Norte,0.6948780745805822,25.411629283364377,493.13619145645356,1,17
M0324,P07,Prensa,A,3.381283266342013,52.72760338771904,Correctivo,0.5585121037954724,Centro,0.6303256713678888,17.019784434442585,244.42244971163933,1,9
M0325,P09,Fresadora,B,4.809437845602706,107.71663310610782,Correctivo,0.7443423587889864,Centro,0.6631797739082478,23.196749361855407,423.18235794238564,1,15
M0326,P05,Torno,A,13.89677979956688,68.18665936455386,Preventivo,0.33663518080497246,Centro,0.5534500108826634,29.812299145379253,484.63672142402766,1,17
M0327,P04,Fresadora,B,4.702251530364366,74.70944619917083,Preventivo,0.7002741764137329,Sur,0.5948147700714784,26.266803606258584,354.04202264607846,1,12
M0328,P11,Prensa,B,10.808629573066481,122.47461081851097,Correctivo,0.6281613533361191,Norte,0.6948780745805822,25.411629283364377,309.8098732923005,1,11
M0329,P03,Torno,C,11.663651049906836,89.61809044209772,Correctivo,0.5891352695835068,Centro,0.7363271954206225,21.46632597757719,306.3010675180053,1,11
M0330,P11,Torno,A,8.24225865839803,77.04719116465934,Preventivo,0.4347881154213251,Norte,0.6948780745805822,25.411629283364377,174.41921743709568,1,6
M0331,P03,Torno,B,7.882013957385853,68.94841105580635,Correctivo,0.752228648059543,Centro,0.7363271954206225,21.46632597757719,129.05117977918414,1,5
M0332,P01,Fresadora,A,9.128693798353998,97.87242335082598,Correctivo,0.7127701979041575,Centro,0.5916641178967565,20.75990227476123,128.09814096443728,1,5
M0333,P11,Torno,B,3.8820666360290437,70.203519480228465,Correctivo,0.8765449167738621,Norte,0.6948780745805822,25.411629283364377,387.02119795769073,1,13
M0334,P10,Torno,A,4.888363121994958,76.443976219321,Preventivo,0.651011845456769,Sur,0.8007702861329701,23.83049166876269,720,0,24
M0335,P07,Fresadora,B,10.326641834477995,96.8576902571986,Preventivo,0.39905891267095234,Centro,0.6303256713678888,17.019784434442585,695.9683677420754,1,24
M0336,P05,Fresadora,B,15.284517938791014,100.23808248804116,Correctivo,0.7433705800022719,Centro,0.5534500108826634,29.812299145379253,136.17545452359664,1,5
M0337,P04,Prensa,A,7.021528245870886,109.33169998096686,Correctivo,0.66382226638473385,Sur,0.5948147700714784,26.266803606258584,191.80706394673206,1,7
M0338,P09,Prensa,A,6.0766976201066525,124.48314341810124,Preventivo,0.7711919744856403,Centro,0.6631797739082478,23.196749361855407,533.5087078816828,1,18
M0339,P05,Prensa,B,4.606841519272838,120.52634475926799,Preventivo,0.6788906487182198,Centro,0.5534500108826634,29.812299145379253,290.9825904740506,1,10
M0340,P06,Torno,A,4.743282553008394,76.56880982524504,Correctivo,0.38931980628069807,Sur,0.5599365188521057,27.3467055328597,720,0,24
M0341,P01,Fresadora,B,8.792583006795626,66.82627191258037,Preventivo,0.6566715560552396,Centro,0.5916641178967565,20.75990227476123,484.9176068753013,1,17
M0342,P02,Prensa,A,5.431634538368076,69.23685294273373,Correctivo,0.6451974524050669,Sur,0.6112808956532385,23.775750060961073,59.58742216409139,1,2
M0343,P07,Torno,A,11.646577652078385,87.1838378157381,Correctivo,0.4482024534096207,Centro,0.6303256713678888,17.019784434442585,262.89632577600725,1,9
M0344,P06,Prensa,B,3.6985508013290427,75.85443708416483,Preventivo,0.8721340046528321,Sur,0.5599365188521057,27.3467055328597,537.9692567463409,1,18
M0345,P06,Torno,A,16.045438891380307,87.39253799066134,Correctivo,0.650704365538451,Sur,0.5599365188521057,27.3467055328597,24.057495825455163,1,1
M0346,P09,Torno,B,8.977621340889877,112.33671092576881,Preventivo,0.62732373040076606,Centro,0.6631797739082478,23.196749361855407,528.4756367042304,1,18
M0347,P04,Prensa,A,6.224379962740812,69.5248378926987,Correctivo,0.4585274590013989,Sur,0.5948147700714784,26.266803606258584,597.4425335136908,1,20
M0348,P03,Torno,C,3.7757524354942933,96.95965361177417,Correctivo,0.808084105624984,Centro,0.7363271954206225,21.46632597757719,234.20781927485933,1,8
M0349,P03,Prensa,C,10.21854742217471,96.7618638048593,Preventivo,0.897968919373093,Centro,0.7363271954206225,21.46632597757719,145.40911621300617,1,5
M0350,P02,Prensa,A,13.965039175944165,75.12790757802608,Preventivo,0.6345404137921679,Sur,0.6112808956532385,23.775750060961073,307.3387672791771,1,11
M0351,P10,Prensa,B,2.425492575320949,87.55957218012006,Preventivo,0.6840797652766826,Sur,0.8007702861329701,23.83049166876269,45.13196510088004,1,2
M0352,P05,Fresadora,B,4.60702491365014,101.16769326224016,Correctivo,0.5615146461748226,Centro,0.5534500108826634,29.812299145379253,561.0120843035652,1,19
M0353,P07,Prensa,B,7.415789880245689,58.86055192910602,Correctivo,0.8631413285739379,Centro,0.6303256713678888,17.019784434442585,15.790281330806295,1,1
M0354,P05,Fresadora,A,3.159407096692864,97.69535846661664,Correctivo,0.7001691644974538,Centro,0.5534500108826634,29.812299145379253,599.6260630127241,1,20
M0355,P06,Fresadora,C,4.588387919027203,58.095143965075394,Correctivo,0.6097197918060301,Sur,0.5599365188521057,27.3467055328597,583.6610837913454,1,20
M0356,P04,Fresadora,C,6.082511659331813,103.75080719246108,Preventivo,0.7727108282795272,Sur,0.5948147700714784,26.266803606258584,99.48060754567997,1,4
M0357,P03,Torno,B,8.237006018338196,79.1721932616227,Correctivo,0.7082004541408387,Centro,0.7363271954206225,21.46632597757719,720,0,24
M0358,P11,Torno,A,9.409008790185473,108.23830238895093,Preventivo,0.6611586540134814,Norte,0.6948780745805822,25.411629283364377,228.08410168718237,1,8
M0359,P01,Fresadora,B,10.889100615294154,102.9383030726558,Correctivo,0.7175254217234351,Centro,0.5916641178967565,20.75990227476123,323.0850429154921,1,11
M0360,P07,Prensa,A,6.8680510792223,81.00859840711168,Correctivo,0.591089630961954,Centro,0.6303256713678888,17.019784434442585,575.8666503680088,1,20
M0361,P10,Torno,A,6.485474938351251,76.48310752190747,Correctivo,0.8189277909480138,Sur,0.8007702861329701,23.83049166876269,121.47347282777487,1,5
M0362,P09,Fresadora,A,18.716161096473044,90.19301983047848,Correctivo,0.8134488517679666,Centro,0.6631797739082478,23.196749361855407,39.63696898566542,1,2
M0363,P10,Fresadora,B,5.380640324375375,66.63620920368814,Correctivo,0.7097906661843663,Sur,0.8007702861329701,23.83049166876269,629.7943029608073,1,21
M0364,P05,Torno,C,5.0787111845537245,92.00113276862427,Correctivo,0.6121712979586501,Centro,0.5534500108826634,29.812299145379253,405.9757327159851,1,14
M0365,P04,Torno,C,4.050901013603813,85.02853832251351,Preventivo,0.6818448655363085,Sur,0.5948147700714784,26.266803606258584,0.13334019135439587,1,1
M0366,P06,Fresadora,B,5.912485260140965,104.18239844351297,Correctivo,0.8335609626533126,Sur,0.5599365188521057,27.3467055328597,285.6315242881195,1,10
M0367,P05,Fresadora,A,5.623958663115909,73.65938807386253,Preventivo,0.5818005706314238,Centro,0.5534500108826634,29.812299145379253,504.25900146107296,1,17
M0368,P11,Prensa,B,8.61619579874376,31.123471317901256,Preventivo,0.602627523738245,Norte,0.6948780745805822,25.411629283364377,100.33709999201939,1,4
M0369,P08,Prensa,C,1.3542418959818736,62.05140647921013,Correctivo,0.6928202586918445,Centro,0.5300840248883054,26.13774261615842,283.0025898498558,1,10
M0370,P07,Torno,B,6.273150537640812,92.33270254430717,Correctivo,0.3558061438783257,Centro,0.6303256713678888,17.019784434442585,720,0,24
M0371,P05,Fresadora,B,2.4212044751558417,52.205424381565344,Correctivo,0.7106963880984831,Centro,0.5534500108826634,29.812299145379253,111.40090148502411,1,4
M0372,P08,Torno,A,3.287833330393459,47.55782881374661,Preventivo,0.47364160034870995,Centro,0.5300840248883054,26.13774261615842,291.87927481233737,1,10
M0373,P05,Fresadora,B,8.775405195509522,91.00189038627056,Preventivo,0.6156708192848618,Centro,0.5534500108826634,29.812299145379253,554.6453718748622,1,19
M0374,P11,Torno,B,14.247221577895715,65.62669516803707,Preventivo,0.48416172390898227,Norte,0.6948780745805822,25.411629283364377,181.9219315079163,1,7
M0375,P11,Prensa,C,5.43696072965695,88.04554197367148,Preventivo,0.5294726325664726,Norte,0.6948780745805822,25.411629283364377,149.4534242967673,1,5
M0376,P01,Prensa,B,8.557883618211356,78.12348470087525,Correctivo,0.5238293628227454,Centro,0.5916641178967565,20.75990227476123,443.8542713414787,1,15
M0377,P08,Fresadora,A,11.111206827749388,82.33901741226683,Correctivo,0.6777748523929878,Centro,0.5300840248883054,26.13774261615842,448.525798512582,1,15
M0378,P02,Torno,A,6.317449111480079,89.39849320840717,Correctivo,0.6901095366327353,Sur,0.6112808956532385,23.775750060961073,240.84916985398547,1,9
M0379,P10,Fresadora,B,4.893136960002427,44.23406301281738,Correctivo,0.7971099133884014,Sur,0.8007702861329701,23.83049166876269,272.87692924494064,1,10
M0380,P08,Fresadora,B,6.764955212390457,84.51898472237875,Preventivo,0.8504884371301404,Centro,0.5300840248883054,26.13774261615842,272.2757039938405,1,10
M0381,P05,Torno,B,3.9398971199971218,94.09203482830159,Correctivo,0.4679580362298161,Centro,0.5534500108826634,29.812299145379253,384.18042340377184,1,13
M0382,P09,Torno,B,10.467454500881532,91.98290108561262,Correctivo,0.5079115160364094,Centro,0.6631797739082478,23.196749361855407,427.69361182998506,1,15
M0383,P02,Fresadora,B,8.139779606524828,76.48436830434639,Correctivo,0.6671240691554823,Sur,0.6112808956532385,23.775750060961073,504.39847901139535,1,17
M0384,P07,Prensa,B,3.1516815728352325,94.41338510879773,Correctivo,0.6476138588208262,Centro,0.6303256713678888,17.019784434442585,46.17184048460613,1,2
M0385,P04,Torno,C,4.434623870147092,56.37839164621591,Correctivo,0.5768295686054026,Sur,0.5948147700714784,26.266803606258584,425.14509026719355,1,15
M0386,P04,Prensa,B,4.5521225426559475,82.24394193050534,Correctivo,0.6541299430719646,Sur,0.5948147700714784,26.266803606258584,185.90048058409891,1,7
M0387,P07,Torno,A,4.434996158377813,101.31522130312712,Correctivo,0.7960816514232215,Centro,0.6303256713678888,17.019784434442585,239.3506821116105,1,8
M0388,P05,Prensa,A,11.051815659768014,118.00657070291768,Preventivo,0.9362270787915453,Centro,0.5534500108826634,29.812299145379253,111.90401842318725,1,4
M0389,P04,Fresadora,B,8.299833470205815,73.22492094923466,Preventivo,0.5300874218979545,Sur,0.5948147700714784,26.266803606258584,7.297540701179439,1,1
M0390,P05,Fresadora,B,4.086519620314041,89.06293156189872,Correctivo,0.7809055380165032,Centro,0.5534500108826634,29.812299145379253,108.17161309328824,1,4
M0391,P03,Fresadora,B,3.3084577975762772,72.23788144616753,Correctivo,0.5728227215399422,Centro,0.7363271954206225,21.46632597757719,416.8744875851633,1,14
M0392,P01,Fresadora,B,4.936315411587886,67.70145341443434,Preventivo,0.7705301213155564,Centro,0.5916641178967565,20.75990227476123,424.09884071515114,1,15
M0393,P10,Prensa,A,4.712313133300692,88.14588633732944,Preventivo,0.7693540225527129,Sur,0.8007702861329701,23.83049166876269,28.96962962186633,1,1
M0394,P05,Prensa,A,8.613415562515163,87.61085849372881,Preventivo,0.6994313968299897,Centro,0.5534500108826634,29.812299145379253,360.67561689306007,1,13
M0395,P04,Torno,B,10.294271737731293,78.75932387257109,Preventivo,0.6250072917834323,Sur,0.5948147700714784,26.266803606258584,50.173979122485896,1,2
M0396,P04,Prensa,A,6.353741061666853,112.50038690526806,Correctivo,0.20635937352310466,Sur,0.5948147700714784,26.266803606258584,701.713127204497,1,24
M0397,P07,Torno,A,6.081883696089895,102.21707244485724,Correctivo,0.5280035333881504,Centro,0.6303256713678888,17.019784434442585,565.8896565041941,1,19
M0398,P06,Fresadora,C,3.5373309676713385,95.48035199347416,Preventivo,0.41947574128794535,Sur,0.5599365188521057,27.3467055328597,342.09705633888973,1,12
M0399,P03,Fresadora,B,2.232187367343302,77.58099372070733,Correctivo,0.8864440454741588,Centro,0.7363271954206225,21.46632597757719,461.01842704890583,1,16
M0400,P12,Prensa,B,10.455127167627923,51.212178971671776,Preventivo,0.8641040316510792,Norte,0.7256822092033763,18.05302548860507,138.61001909360698,1,5
M0401,P02,Torno,A,4.482266395183626,78.90021493240559,Correctivo,0.9682397036760294,Sur,0.6112808956532385,23.775750060961073,149.6685920448434,1,5
M0402,P03,Prensa,A,5.2592688690968545,85.74510680778899,Preventivo,0.46201696511056384,Centro,0.7363271954206225,21.46632597757719,492.2492019139328,1,17
M0403,P09,Prensa,B,3.4708808452054045,62.71901534390976,Correctivo,0.5759803371675809,Centro,0.6631797739082478,23.196749361855407,457.2169885827728,1,16
M0404,P02,Prensa,A,5.649778506017372,41.38290118557707,Correctivo,0.5662699480829625,Sur,0.6112808956532385,23.775750060961073,196.94007736597388,1,7
M0405,P09,Torno,B,2.1781143147263267,58.21022499840072,Preventivo,0.9597286034322272,Centro,0.6631797739082478,23.196749361855407,524.8737110687617,1,18
M0406,P12,Prensa,B,13.869459946459934,100.60057640914275,Preventivo,0.7977602571828303,Norte,0.7256822092033763,18.05302548860507,48.0687450596509,1,2
M0407,P10,Torno,A,4.852743782941207,53.11214846978718,Preventivo,0.7775325818017813,Sur,0.8007702861329701,23.83049166876269,180.59497401680542,1,7
M0408,P10,Fresadora,A,9.76864439293742,69.30447265253753,Preventivo,0.4731551665584167,Sur,0.8007702861329701,23.83049166876269,267.86894945754335,1,9
M0409,P06,Fresadora,B,6.352245830956942,96.3735496348856,Correctivo,0.7958505149184566,Sur,0.5599365188521057,27.3467055328597,407.97974018182555,1,14
M0410,P01,Fresadora,C,5.642371424225553,99.01533150010508,Correctivo,0.8049526896059517,Centro,0.5916641178967565,20.75990227476123,116.55782669255213,1,4
M0411,P02,Prensa,B,10.65598419338234,120.2485008054868,Preventivo,0.5043143266051032,Sur,0.6112808956532385,23.775750060961073,344.61100949710635,1,12
M0412,P07,Prensa,C,7.120575672986678,30,Correctivo,0.6243278486716338,Centro,0.6303256713678888,17.019784434442585,475.6836313563769,1,16
M0413,P03,Fresadora,C,2.6918812402478554,81.62805362630338,Preventivo,0.8803256090275184,Centro,0.7363271954206225,21.46632597757719,100.19936845744309,1,4
M0414,P05,Prensa,B,8.696797096032704,67.5114801070691,Preventivo,0.9207235362157707,Centro,0.5534500108826634,29.812299145379253,187.02922755204358,1,7
M0415,P11,Prensa,A,5.945162568020214,80.77261565048155,Correctivo,0.4442771601997871,Norte,0.6948780745805822,25.411629283364377,585.3038161854627,1,20
M0416,P07,Prensa,B,10.099941961771528,79.3802432993143,Preventivo,0.440373168742951,Centro,0.6303256713678888,17.019784434442585,58.22032209941309,1,2
M0417,P04,Torno,C,7.156953815825007,69.80613167988065,Correctivo,0.9574725472285119,Sur,0.5948147700714784,26.266803606258584,125.27751501111176,1,5
M0418,P07,Torno,B,7.988607002472994,67.47018018711253,Correctivo,0.7454786553299245,Centro,0.6303256713678888,17.019784434442585,15.803488930895202,1,1
M0419,P08,Fresadora,A,4.625660535452381,90.04874871135006,Correctivo,0.8225284964956175,Centro,0.5300840248883054,26.13774261615842,103.47368833602631,1,4
M0420,P03,Fresadora,B,4.6671307674633296,85.11639748786187,Correctivo,0.6389982098102015,Centro,0.7363271954206225,21.46632597757719,495.64545868267436,1,17
M0421,P05,Prensa,B,4.666741023774745,71.71572448949355,Correctivo,0.5337401008893159,Centro,0.5534500108826634,29.812299145379253,720,0,24
M0422,P08,Fresadora,A,6.003389991473025,113.29036486043525,Correctivo,0.804101904802652,Centro,0.5300840248883054,26.13774261615842,3.3932203574646262,1,1
M0423,P05,Fresadora,B,3.7826288547983915,62.86175204433158,Correctivo,0.43731860634816216,Centro,0.5534500108826634,29.812299145379253,450.91363448562237,1,16
M0424,P07,Fresadora,A,7.4034561211366015,118.56936145709042,Preventivo,0.5103776972050917,Centro,0.6303256713678888,17.019784434442585,149.91671290319775,1,5
M0425,P04,Torno,A,10.904351665470198,94.15015285472677,Correctivo,0.6549091972163806,Sur,0.5948147700714784,26.266803606258584,279.3187022884435,1,10
M0426,P09,Fresadora,A,5.99205933901681,65.38455035292043,Preventivo,0.8751561254807786,Centro,0.6631797739082478,23.196749361855407,63.61095737331029,1,3
M0427,P07,Torno,B,5.644728030906201,68.30788068388833,Correctivo,0.7613898208863675,Centro,0.6303256713678888,17.019784434442585,267.54221878986294,1,9
M0428,P10,Fresadora,B,9.316831210733405,108.64665914781264,Preventivo,0.6305243534173649,Sur,0.8007702861329701,23.83049166876269,657.6583230072748,1,22
M0429,P08,Prensa,A,10.283016874267902,59.75590195811643,Preventivo,0.8202506510836215,Centro,0.5300840248883054,26.13774261615842,189.09898798830685,1,7
M0430,P04,Torno,B,7.563209143929057,93.43791803669343,Correctivo,0.7186065526694224,Sur,0.5948147700714784,26.266803606258584,210.978900676498,1,8
M0431,P08,Prensa,C,9.07378479116856,77.1026089280561,Correctivo,0.7286209854082528,Centro,0.5300840248883054,26.13774261615842,15.820649074130914,1,1
M0432,P02,Prensa,B,5.31515484224967,91.61337610439926,Correctivo,0.598567986209148,Sur,0.6112808956532385,23.775750060961073,200.58503060797588,1,7
M0433,P04,Prensa,B,3.223066968364097,104.530410667077,Preventivo,0.3772353724238494,Sur,0.5948147700714784,26.266803606258584,620.6822347181677,1,21
M0434,P02,Fresadora,C,13.429084709205139,64.54537573079764,Correctivo,0.7884569657556268,Sur,0.6112808956532385,23.775750060961073,248.21297737526777,1,9
M0435,P08,Fresadora,A,4.541149211972442,81.41982212219354,Correctivo,0.6103984890169263,Centro,0.5300840248883054,26.13774261615842,535.7832301670651,1,18
M0436,P02,Prensa,B,8.339435953771053,76.1894634319923,Preventivo,0.6597507065170042,Sur,0.6112808956532385,23.775750060961073,326.19518919711624,1,11
M0437,P04,Torno,A,7.878163509832361,80.82491290082562,Preventivo,0.544742847452769,Sur,0.5948147700714784,26.266803606258584,687.8498450905304,1,23
M0438,P02,Torno,B,8.288531859664658,66.9027617559842,Preventivo,0.8024084490786266,Sur,0.6112808956532385,23.775750060961073,433.56612522576677,1,15
M0439,P03,Torno,A,2.2762914351154513,70.6447581147188,Correctivo,0.752884344097181,Centro,0.7363271954206225,21.46632597757719,7.290722016251231,1,1
M0440,P11,Torno,A,11.267789021867133,72.09085782719539,Preventivo,0.3159393969598463,Norte,0.6948780745805822,25.411629283364377,88.94728178073689,1,3
M0441,P02,Prensa,A,6.222990227745501,78.63262137744168,Correctivo,0.4451292916643711,Sur,0.6112808956532385,23.775750060961073,296.55720129822635,1,10
M0442,P09,Fresadora,A,6.153161555662187,81.47349407140688,Preventivo,0.6529428345547925,Centro,0.6631797739082478,23.196749361855407,292.6638176709958,1,10
M0443,P03,Prensa,B,14.743438205344372,102.62062357133502,Correctivo,0.5577736798758738,Centro,0.7363271954206225,21.46632597757719,194.11179134331482,1,7
M0444,P11,Torno,A,2.7430342132552785,61.624351060967754,Preventivo,0.7559763825897636,Norte,0.6948780745805822,25.411629283364377,510.9975121857574,1,18
M0445,P08,Prensa,A,4.225746638819973,88.08120692003045,Correctivo,0.6255993845900357,Centro,0.5300840248883054,26.13774261615842,370.63725189225784,1,13
M0446,P12,Prensa,A,2.3612256439565993,98.92779157230605,Correctivo,0.5430745747088541,Norte,0.7256822092033763,18.05302548860507,0.7924221805976945,1,1
M0447,P10,Prensa,C,8.5277159575694,44.87124136227269,Preventivo,0.6880730295057534,Sur,0.8007702861329701,23.83049166876269,636.7675971470197,1,22
M0448,P09,Prensa,A,8.091514059049329,103.94278517898343,Preventivo,0.7349350518835905,Centro,0.6631797739082478,23.196749361855407,488.8988940397928,1,17
M0449,P09,Fresadora,B,5.20867534613987,86.31974497930565,Correctivo,0.9235435518541292,Centro,0.6631797739082478,23.196749361855407,213.61691819113463,1,8
M0450,P01,Fresadora,A,12.18713798187635,67.22100941514245,Correctivo,0.9325080438318386,Centro,0.5916641178967565,20.75990227476123,308.61518738033016,1,11
M0451,P12,Torno,A,7.525114865011769,88.39761158197966,Preventivo,0.8501211052782686,Norte,0.7256822092033763,18.05302548860507,506.4816810349382,1,17
M0452,P01,Prensa,A,5.751453121427797,65.95176980873201,Preventivo,0.812884995064904,Centro,0.5916641178967565,20.75990227476123,70.36597986423645,1,3
M0453,P08,Fresadora,A,11.333160041997125,72.05211721762254,Preventivo,0.8130902643486052,Centro,0.5300840248883054,26.13774261615842,17.523877799294972,1,1
M0454,P10,Torno,A,9.879770102032161,42.09171416199007,Preventivo,0.6186394097572999,Sur,0.8007702861329701,23.83049166876269,72.35841930152161,1,3
M0455,P01,Prensa,A,6.592760655161045,78.0009330940714,Correctivo,0.4981784403084484,Centro,0.5916641178967565,20.75990227476123,516.9752032171657,1,18
M0456,P11,Prensa,A,11.199167991599369,100.20929585850232,Correctivo,0.9206356629004333,Norte,0.6948780745805822,25.411629283364377,89.19756036554247,1,3
M0457,P08,Fresadora,A,2.4024727482044437,73.11336322926968,Preventivo,0.607515531561186,Centro,0.5300840248883054,26.13774261615842,263.62290184917003,1,9
M0458,P12,Prensa,A,15.225998961464015,86.01234567353305,Preventivo,0.6870022320840651,Norte,0.7256822092033763,18.05302548860507,304.94115996371147,1,11
M0459,P07,Torno,B,11.116259643189219,81.74137975472254,Correctivo,0.5987893981210612,Centro,0.6303256713678888,17.019784434442585,165.45774403383345,1,6
M0460,P05,Torno,B,5.6038833620298165,96.71585437247253,Correctivo,0.8655301321150781,Centro,0.5534500108826634,29.812299145379253,430.02429447610774,1,15
M0461,P06,Prensa,A,13.134692170222245,87.88634050435434,Correctivo,0.3686567946094272,Sur,0.5599365188521057,27.3467055328597,78.74247201747202,1,3
M0462,P10,Torno,C,3.6620234993460437,63.015252174297615,Correctivo,0.7972092190538903,Sur,0.8007702861329701,23.83049166876269,467.2473832306609,1,16
M0463,P11,Fresadora,B,5.175735407648981,76.37166854905895,Correctivo,0.40778245370034794,Norte,0.6948780745805822,25.411629283364377,720,0,24
M0464,P08,Fresadora,A,4.675886643786304,40.90357112764141,Correctivo,0.6791004856064199,Centro,0.5300840248883054,26.13774261615842,599.6499112663719,1,20
M0465,P11,Fresadora,C,2.6413129541511635,78.79541699201349,Correctivo,0.5341737808121508,Norte,0.6948780745805822,25.411629283364377,496.2707636154033,1,17
M0466,P09,Prensa,C,5.805682104574595,95.5156690988672,Preventivo,0.7929366427405974,Centro,0.6631797739082478,23.196749361855407,486.3839528433498,1,17
M0467,P05,Prensa,A,7.58733327085326,80.51105152601691,Preventivo,0.8130621804863236,Centro,0.5534500108826634,29.812299145379253,82.22662045228113,1,3
M0468,P04,Prensa,B,14.78142736531527,35.791845657103835,Preventivo,0.5574646460389775,Sur,0.5948147700714784,26.266803606258584,23.25894777262064,1,1
M0469,P05,Prensa,B,3.555708707851361,72.69167517942846,Preventivo,0.5232307762752919,Centro,0.5534500108826634,29.812299145379253,118.41982392288068,1,4
M0470,P01,Prensa,A,15.015699918817745,90.45956987333298,Preventivo,0.7282724257140697,Centro,0.5916641178967565,20.75990227476123,133.85223573174065,1,5
M0471,P05,Torno,A,19.120365797585045,73.66268160358118,Correctivo,0.7931923615945892,Centro,0.5534500108826634,29.812299145379253,104.25295142774834,1,4
M0472,P11,Fresadora,C,6.896988998643116,93.64280081614243,Correctivo,0.7320835226202582,Norte,0.6948780745805822,25.411629283364377,506.5426886266626,1,17
M0473,P12,Torno,B,4.601728230110333,81.99459449610633,Correctivo,0.7600074206374097,Norte,0.7256822092033763,18.05302548860507,443.8214284830873,1,15
M0474,P07,Fresadora,C,4.944597236718746,105.41134535412445,Preventivo,0.5963997901817841,Centro,0.6303256713678888,17.019784434442585,720,0,24
M0475,P05,Torno,A,8.710599335517319,104.28924285018668,Preventivo,0.49877465529808196,Centro,0.5534500108826634,29.812299145379253,320.8594226963052,1,11
M0476,P09,Torno,A,3.119110093389434,98.63039185088135,Preventivo,0.8696402870037006,Centro,0.6631797739082478,23.196749361855407,399.26378499094255,1,14
M0477,P08,Prensa,C,7.082216981108155,78.93578323275588,Preventivo,0.4429055001334987,Centro,0.5300840248883054,26.13774261615842,720,0,24
M0478,P04,Prensa,B,10.64206634595152,58.333513911356604,Preventivo,0.6032974593001668,Sur,0.5948147700714784,26.266803606258584,129.7479927827441,1,5
M0479,P12,Prensa,C,5.3567159700110425,50.231263457076594,Preventivo,0.5555572945417564,Norte,0.7256822092033763,18.05302548860507,92.96359839298997,1,4
M0480,P07,Fresadora,C,4.795021352276497,59.10282356377968,Preventivo,0.9046327421132765,Centro,0.6303256713678888,17.019784434442585,269.9722447109049,1,9
M0481,P03,Prensa,A,6.099194590357716,74.59979388454492,Preventivo,0.9433847111486366,Centro,0.7363271954206225,21.46632597757719,519.4665165286254,1,18
M0482,P09,Torno,A,19.520425906477943,74.92157049611409,Correctivo,0.9340709970044586,Centro,0.6631797739082478,23.196749361855407,27.261702282378167,1,1
M0483,P02,Prensa,C,16.643126162389272,53.82693571156898,Preventivo,0.9255285024543668,Sur,0.6112808956532385,23.775750060961073,48.79333900093614,1,2
M0484,P11,Fresadora,B,4.739625535481604,93.71225669418058,Correctivo,0.3729002589441837,Norte,0.6948780745805822,25.411629283364377,714.0197068342208,1,24
M0485,P05,Torno,A,3.7436258867212624,52.17376719572545,Correctivo,0.6433138533892604,Centro,0.5534500108826634,29.812299145379253,621.2083789549856,1,21
M0486,P09,Torno,B,4.725813461108148,37.98730711054986,Correctivo,0.7729004445993403,Centro,0.6631797739082478,23.196749361855407,130.65135857644455,1,5
M0487,P04,Fresadora,A,13.013708527879519,90.80786827261919,Correctivo,0.745335473416064,Sur,0.5948147700714784,26.266803606258584,97.64001946080529,1,4
M0488,P11,Torno,A,18.55082086559311,63.71320878701623,Preventivo,0.8380584935738921,Norte,0.6948780745805822,25.411629283364377,509.4639693314733,1,17
M0489,P03,Prensa,B,12.568109129380588,90.62727946173221,Correctivo,0.8631031549500007,Centro,0.7363271954206225,21.46632597757719,132.65877729305123,1,5
M0490,P07,Prensa,C,4.116094908260328,85.29551893324914,Correctivo,0.27276626430986284,Centro,0.6303256713678888,17.019784434442585,323.079742321495,1,11
M0491,P06,Torno,A,4.569634069001648,81.75936814237653,Correctivo,0.6272064675326448,Sur,0.5599365188521057,27.3467055328597,720,0,24
M0492,P04,Fresadora,C,6.515843550923839,85.73950086996008,Preventivo,0.6905925883678967,Sur,0.5948147700714784,26.266803606258584,504.0812135465156,1,17
M0493,P01,Fresadora,B,6.374461218591156,84.20928037731633,Preventivo,0.7054269222547302,Centro,0.5916641178967565,20.75990227476123,693.6678564104751,1,24
M0494,P02,Torno,C,5.042194457749324,89.8645648654042,Preventivo,0.889443288375169,Sur,0.6112808956532385,23.775750060961073,71.05625109068063,1,3
M0495,P10,Torno,A,5.138164322615146,76.34350602030658,Preventivo,0.3991433028352152,Sur,0.8007702861329701,23.83049166876269,343.0442868577549,1,12
M0496,P12,Prensa,A,4.103439678237036,61.87944204121245,Preventivo,0.35083154002517175,Norte,0.7256822092033763,18.05302548860507,511.7222976419144,1,18
M0497,P05,Fresadora,A,3.2694930662170196,91.72895806553034,Preventivo,0.6969236294177344,Centro,0.5534500108826634,29.812299145379253,552.1599639742632,1,19
M0498,P04,Prensa,A,3.50394058046358,95.7952830393279,Preventivo,0.7377442417213598,Sur,0.5948147700714784,26.266803606258584,143.96807735237792,1,5
M0499,P05,Prensa,C,5.918524892002864,107.4728760425532,Preventivo,0.36925919601313584,Centro,0.5534500108826634,29.812299145379253,347.96206514594553,1,12
M0500,P04,Prensa,C,20,105.3214111004497,Preventivo,0.6880425220488217,Sur,0.5948147700714784,26.266803606258584,226.9680577945116,1,8
M0501,P01,Fresadora,C,2.966334244115446,91.75959699306091,Preventivo,0.7209432947491223,Centro,0.5916641178967565,20.75990227476123,484.78636905724255,1,17
M0502,P04,Torno,C,20,49.02077114358755,Preventivo,0.7466815114982186,Sur,0.5948147700714784,26.266803606258584,145.5888344170622,1,5
M0503,P07,Prensa,C,3.842287313970149,47.042045709943025,Preventivo,0.5589833522856645,Centro,0.6303256713678888,17.019784434442585,101.94115832094617,1,4
M0504,P11,Fresadora,C,6.680265669638735,40.54983621161914,Correctivo,0.5299410326021224,Norte,0.6948780745805822,25.411629283364377,341.1827617578128,1,12
M0505,P07,Prensa,C,3.6183781949953735,74.42379899410923,Correctivo,0.7313732289082686,Centro,0.6303256713678888,17.019784434442585,23.43269641361735,1,1
M0506,P02,Torno,A,13.635013047356985,59.240052122369136,Preventivo,0.6129980189602001,Sur,0.6112808956532385,23.775750060961073,120.80792612935672,1,5
M0507,P08,Torno,C,12.361885413489505,89.86879221180686,Preventivo,0.5751031117722242,Centro,0.5300840248883054,26.13774261615842,105.51142283256752,1,4
M0508,P05,Torno,A,4.524464966506646,30,Correctivo,0.7231885833221033,Centro,0.5534500108826634,29.812299145379253,292.058438499271,1,10
M0509,P10,Fresadora,A,3.251104893091531,78.7687517104656,Preventivo,0.6150706228938301,Sur,0.8007702861329701,23.83049166876269,69.41878995400505,1,3
M0510,P09,Fresadora,A,6.0576868247740325,91.87145826981197,Correctivo,0.4707010587107722,Centro,0.6631797739082478,23.196749361855407,505.87783467465613,1,17
M0511,P11,Torno,A,10.892533063040618,57.36160546256067,Correctivo,0.6817200716161385,Norte,0.6948780745805822,25.411629283364377,462.4069475677053,1,16
M0512,P09,Fresadora,A,7.711903754723967,78.27105553957233,Correctivo,0.9082083217422127,Centro,0.6631797739082478,23.196749361855407,197.48982881069185,1,7
M0513,P07,Fresadora,B,12.06032290455755,81.92320876050125,Correctivo,0.7921647497503438,Centro,0.6303256713678888,17.019784434442585,64.44421168663068,1,3
M0514,P01,Fresadora,A,5.785548913842273,61.62475216306374,Preventivo,0.6019164446636543,Centro,0.5916641178967565,20.75990227476123,174.77222392386952,1,6
M0515,P03,Torno,C,7.266747524846978,78.25453160607555,Preventivo,0.638278400300864,Centro,0.7363271954206225,21.46632597757719,720,0,24
M0516,P09,Prensa,B,9.549923096366546,109.03485177879934,Preventivo,0.8500108949183671,Centro,0.6631797739082478,23.196749361855407,336.59621955426985,1,12
M0517,P07,Torno,B,4.869254742925675,79.14812229961368,Correctivo,0.8612581034762724,Centro,0.6303256713678888,17.019784434442585,493.01038914403324,1,17
M0518,P09,Prensa,A,20,102.60181331024758,Preventivo,0.8300748271613108,Centro,0.6631797739082478,23.196749361855407,3.8539664485582192,1,1
M0519,P01,Prensa,A,10.783233953116214,106.65518380970674,Preventivo,0.8947057532110356,Centro,0.5916641178967565,20.75990227476123,75.676316255408,1,3
M0520,P05,Prensa,C,4.462577711046044,80.45097820403163,Preventivo,0.5968177259555246,Centro,0.5534500108826634,29.812299145379253,642.8730748966749,1,22
M0521,P01,Prensa,B,4.5274790910948814,70.83954852782543,Preventivo,0.5451869125953447,Centro,0.5916641178967565,20.75990227476123,103.5627941711217,1,4
M0522,P04,Torno,B,6.7691307457464625,35.16120393565111,Correctivo,0.5654573185353351,Sur,0.5948147700714784,26.266803606258584,414.17983850463236,1,14
M0523,P12,Fresadora,B,16.68759844573889,61.831157806356345,Correctivo,0.8139868849228431,Norte,0.7256822092033763,18.05302548860507,12.037740339648305,1,1
M0524,P10,Fresadora,C,7.139247300368546,72.15703743475012,Preventivo,0.6944583683114175,Sur,0.8007702861329701,23.83049166876269,117.44287864457235,1,4
M0525,P11,Torno,A,6.007124561035672,32.074272438932304,Correctivo,0.8718585979378684,Norte,0.6948780745805822,25.411629283364377,170.9102206591328,1,6
M0526,P07,Fresadora,A,4.407936318912449,64.33276301345042,Preventivo,0.4852869012436795,Centro,0.6303256713678888,17.019784434442585,144.94315953849855,1,5
M0527,P03,Prensa,B,2.969278137666802,97.37436564254521,Correctivo,0.5044661083190466,Centro,0.7363271954206225,21.46632597757719,550.5942449849506,1,19
M0528,P11,Prensa,B,3.866762204157431,73.59844467098986,Correctivo,0.7665484756138725,Norte,0.6948780745805822,25.411629283364377,330.33544132407843,1,12
M0529,P08,Torno,B,4.51228405131917,66.78332030950844,Preventivo,0.7633359828343736,Centro,0.5300840248883054,26.13774261615842,496.9992635916501,1,17
M0530,P11,Prensa,A,5.844263608619974,80.96296400668838,Correctivo,0.5748827757412571,Norte,0.6948780745805822,25.411629283364377,584.6914493340624,1,20
M0531,P01,Prensa,A,8.433830122593923,54.60828492928596,Correctivo,0.6937957868981377,Centro,0.5916641178967565,20.75990227476123,399.93083651934035,1,14
M0532,P10,Fresadora,B,8.953336912219097,78.28999831273792,Correctivo,0.695822389906267,Sur,0.8007702861329701,23.83049166876269,404.107691175381,1,14
M0533,P05,Prensa,C,9.667625473915253,60.39920613299472,Preventivo,0.35762341280592236,Centro,0.5534500108826634,29.812299145379253,530.6994706368413,1,18
M0534,P06,Fresadora,A,8.678938734833912,74.34160253079426,Correctivo,0.8409813154871917,Sur,0.5599365188521057,27.3467055328597,172.07400569425323,1,6
M0535,P03,Prensa,C,5.544660439879075,93.22567921505768,Preventivo,0.6722757227562585,Centro,0.7363271954206225,21.46632597757719,644.1038390959503,1,22
M0536,P12,Prensa,A,9.2097188343999,74.11869572592893,Preventivo,0.7046780804230053,Norte,0.7256822092033763,18.05302548860507,96.49607720526302,1,4
M0537,P10,Torno,A,5.678572022652243,78.30978161269086,Preventivo,0.9060586162830633,Sur,0.8007702861329701,23.83049166876269,662.3074830090546,1,23
M0538,P12,Prensa,A,7.754427312388997,80.83517211392207,Correctivo,0.8819654669566971,Norte,0.7256822092033763,18.05302548860507,247.08803348029778,1,9
M0539,P05,Fresadora,A,4.466243117539207,47.97644519662701,Correctivo,0.39199704633430055,Centro,0.5534500108826634,29.812299145379253,473.05885316779506,1,16
M0540,P08,Torno,C,17.91390279550629,103.66945081836212,Preventivo,0.7216247370158484,Centro,0.5300840248883054,26.13774261615842,13.980357231537457,1,1
M0541,P04,Torno,C,13.588771647998097,107.39806074475632,Correctivo,0.6999618133603798,Sur,0.5948147700714784,26.266803606258584,198.62431097377254,1,7
M0542,P05,Prensa,A,10.419064513135213,91.39565373691272,Preventivo,0.7780346197626362,Centro,0.5534500108826634,29.812299145379253,145.94903269669004,1,5
M0543,P10,Fresadora,A,7.067974496541729,84.24677652344303,Correctivo,0.7613565545653787,Sur,0.8007702861329701,23.83049166876269,580.6979389877273,1,20
M0544,P11,Torno,B,5.22587821676744,82.57769752191261,Preventivo,0.7645569326537865,Norte,0.6948780745805822,25.411629283364377,256.9487962393221,1,9
M0545,P10,Prensa,B,12.01710262489634,76.6413798407336,Preventivo,0.45724230967339247,Sur,0.8007702861329701,23.83049166876269,412.6478191869596,1,14
M0546,P05,Fresadora,B,5.835396716421347,62.51814972461415,Preventivo,0.4960898500793698,Centro,0.5534500108826634,29.812299145379253,720,0,24
M0547,P07,Torno,B,2.3922946463785904,89.71241521855409,Correctivo,0.5547169124112526,Centro,0.6303256713678888,17.019784434442585,609.9679030059599,1,21
M0548,P06,Torno,C,10.38220177253122,97.55749209183713,Correctivo,0.6683659589925263,Sur,0.5599365188521057,27.3467055328597,296.51763591669555,1,10
M0549,P05,Fresadora,B,7.629420814393839,71.23078859271693,Preventivo,0.40974157893043284,Centro,0.5534500108826634,29.812299145379253,621.5266569697064,1,21
M0550,P02,Prensa,B,9.962255986336919,91.47878197118202,Preventivo,0.8101515948874566,Sur,0.6112808956532385,23.775750060961073,508.4456025647175,1,17
M0551,P08,Fresadora,B,1.686302566620113,91.34526444204407,Correctivo,0.9300586252944064,Centro,0.5300840248883054,26.13774261615842,108.03364204734827,1,4
M0552,P09,Fresadora,A,10.063124484555361,107.12371696379597,Correctivo,0.8167228818983884,Centro,0.6631797739082478,23.196749361855407,52.54437940835727,1,2
M0553,P11,Fresadora,B,20,63.19567824764652,Correctivo,0.86802989652466,Norte,0.6948780745805822,25.411629283364377,39.967110643806436,1,2
M0554,P09,Prensa,B,5.149935352961454,89.51748251975002,Correctivo,0.664072521251953,Centro,0.6631797739082478,23.196749361855407,449.4138209157697,1,15
M0555,P11,Torno,C,3.4951981909976193,81.88182286989922,Correctivo,0.6403964854736645,Norte,0.6948780745805822,25.411629283364377,277.17653965608065,1,10
M0556,P08,Prensa,B,4.414236272522341,69.4858713622653,Preventivo,0.7633065688409614,Centro,0.5300840248883054,26.13774261615842,23.06542265993209,1,1
M0557,P06,Torno,B,7.119269171939356,107.19872068033878,Preventivo,0.6829057948425636,Sur,0.5599365188521057,27.3467055328597,503.5899997031783,1,17
M0558,P12,Prensa,B,5.511056784734576,91.79064095920083,Preventivo,0.6756332951025779,Norte,0.7256822092033763,18.05302548860507,298.68720198714584,1,10
M0559,P07,Fresadora,A,6.265148315056074,58.91496845966374,Correctivo,0.6403120392046998,Centro,0.6303256713678888,17.019784434442585,520.0887950175684,1,18
M0560,P02,Prensa,A,1.738048077933293,63.9622503302497,Preventivo,0.8484947979075609,Sur,0.6112808956532385,23.775750060961073,76.7314490387714,1,3
M0561,P02,Prensa,C,5.762338082057429,99.87950476745696,Preventivo,0.842770262489606,Sur,0.6112808956532385,23.775750060961073,113.44044374749642,1,4
M0562,P08,Fresadora,A,9.744786629641094,94.5011904647249,Correctivo,0.5226894592769872,Centro,0.5300840248883054,26.13774261615842,311.80576292397734,1,11
M0563,P02,Torno,C,16.199321429272374,55.55039358640522,Preventivo,0.49516305739802613,Sur,0.6112808956532385,23.775750060961073,144.50724429896405,1,5
M0564,P03,Torno,B,7.256324413573507,103.4449218072398,Preventivo,0.6229029348245807,Centro,0.7363271954206225,21.46632597757719,417.1248889815042,1,14
M0565,P02,Fresadora,A,6.83724391667389,71.74363472131878,Preventivo,0.6870904959267419,Sur,0.6112808956532385,23.775750060961073,301.53508096263994,1,11
M0566,P08,Prensa,A,3.393964953367586,70.43489787997132,Correctivo,0.6679860690951042,Centro,0.5300840248883054,26.13774261615842,496.0418707409552,1,17
M0567,P03,Prensa,C,6.2047739596251885,79.86163708195699,Correctivo,0.5932982343048311,Centro,0.7363271954206225,21.46632597757719,67.50371837449119,1,3
M0568,P03,Prensa,C,4.060807243490339,80.48797806549128,Preventivo,0.7974087154222985,Centro,0.7363271954206225,21.46632597757719,440.04808704960624,1,15
M0569,P09,Torno,B,7.849749474064033,80.50628526235563,Correctivo,0.5191927864563802,Centro,0.6631797739082478,23.196749361855407,175.49635645012168,1,6
M0570,P11,Prensa,A,3.0348453627633964,59.229502160082745,Preventivo,0.7814438530845648,Norte,0.6948780745805822,25.411629283364377,261.68106573835126,1,9
M0571,P08,Prensa,C,8.93549052251524,108.96979449143332,Preventivo,0.7776833816102482,Centro,0.5300840248883054,26.13774261615842,182.1093924283015,1,7
M0572,P05,Fresadora,A,5.266386849670017,52.363553364741314,Correctivo,0.5236785716802134,Centro,0.5534500108826634,29.812299145379253,458.7902951979107,1,16
M0573,P06,Fresadora,A,3.217938878903793,80.65675296736903,Correctivo,0.7505357363707839,Sur,0.5599365188521057,27.3467055328597,660.3390437863828,1,23
M0574,P12,Prensa,C,7.32105489479261,60.005739473620565,Correctivo,0.5319124206566855,Norte,0.7256822092033763,18.05302548860507,148.56873560095724,1,5
M0575,P12,Fresadora,C,20,86.01012460632764,Preventivo,0.6934023409403134,Norte,0.7256822092033763,18.05302548860507,32.73924393243711,1,2
M0576,P12,Prensa,A,7.398512592469043,76.04261284226048,Preventivo,0.5736559705279654,Norte,0.7256822092033763,18.05302548860507,234.088764423594,1,8
M0577,P11,Fresadora,A,8.782523453707077,79.92709514742997,Correctivo,0.7141460467813362,Norte,0.6948780745805822,25.411629283364377,132.67380418661648,1,5
M0578,P06,Torno,A,3.8887513538111045,79.08563214285608,Preventivo,0.8466762423758111,Sur,0.5599365188521057,27.3467055328597,290.6136801727793,1,10
M0579,P06,Prensa,C,3.802427711462926,66.82481109239474,Correctivo,0.6596738807441368,Sur,0.5599365188521057,27.3467055328597,305.1360757097478,1,11
M0580,P05,Prensa,C,8.287411809468407,73.27293627015548,Correctivo,0.8556005159798253,Centro,0.5534500108826634,29.812299145379253,282.35840848837444,1,10
M0581,P09,Prensa,C,11.28849335962297,42.70673164412654,Preventivo,0.5578523679828754,Centro,0.6631797739082478,23.196749361855407,488.20864919192496,1,17
M0582,P04,Torno,B,6.623748803918343,89.55159885430145,Correctivo,0.9002723577354491,Sur,0.5948147700714784,26.266803606258584,495.0169694171672,1,17
M0583,P01,Prensa,B,4.2301928342701025,117.31103980440287,Correctivo,0.7306347647128774,Centro,0.5916641178967565,20.75990227476123,418.29511507786015,1,14
M0584,P06,Fresadora,A,5.643638923080827,82.71659415207465,Correctivo,0.759315372085237,Sur,0.5599365188521057,27.3467055328597,231.6727886335182,1,8
M0585,P07,Torno,B,7.633127692750709,75.87174512035423,Preventivo,0.7530347309467363,Centro,0.6303256713678888,17.019784434442585,590.1987315845402,1,20
M0586,P09,Fresadora,A,7.103835263043698,71.38393797595398,Correctivo,0.5608950615522919,Centro,0.6631797739082478,23.196749361855407,162.45855663753358,1,6
M0587,P01,Fresadora,B,2.271185440287698,63.0530144053472,Correctivo,0.37802175127670873,Centro,0.5916641178967565,20.75990227476123,720,0,24
M0588,P02,Torno,A,2.6905785702186695,76.34100765197765,Correctivo,0.7128597135738175,Sur,0.6112808956532385,23.775750060961073,225.1062666642929,1,8
M0589,P12,Torno,B,6.640020796395308,82.87308585443826,Correctivo,0.820641691113726,Norte,0.7256822092033763,18.05302548860507,121.01663358928015,1,5
M0590,P12,Fresadora,A,4.573279589340939,67.89568805546376,Correctivo,0.9388051138931154,Norte,0.7256822092033763,18.05302548860507,29.70694804482225,1,1
M0591,P03,Prensa,A,19.714824983773035,109.26867251377278,Preventivo,0.5459592547508351,Centro,0.7363271954206225,21.46632597757719,89.29207345118608,1,3
M0592,P11,Prensa,B,6.607359336918333,94.63388704252083,Correctivo,0.6675687626703538,Norte,0.6948780745805822,25.411629283364377,401.62132745032096,1,14
M0593,P05,Torno,C,10.954004947085698,70.92276241234192,Preventivo,0.6630649420234122,Centro,0.5534500108826634,29.812299145379253,4.633545508240345,1,1
M0594,P02,Prensa,A,6.54318401431292,80.59347019456044,Preventivo,0.6918587518515064,Sur,0.6112808956532385,23.775750060961073,502.08564501556884,1,17
M0595,P01,Torno,C,9.898404080779718,89.32869848954212,Preventivo,0.532227121936395,Centro,0.5916641178967565,20.75990227476123,574.8974186300811,1,20
M0596,P02,Prensa,B,2.937511696355699,96.73883042454446,Correctivo,0.8035793202680916,Sur,0.6112808956532385,23.775750060961073,295.2995640927385,1,10
M0597,P10,Fresadora,C,10.782564415015695,60.73865633055091,Correctivo,0.505373443458517,Sur,0.8007702861329701,23.83049166876269,417.8857348712437,1,14
M0598,P06,Fresadora,C,11.150301805057614,77.66655600312974,Correctivo,0.49148477378185196,Sur,0.5599365188521057,27.3467055328597,152.82123355179365,1,6
M0599,P05,Prensa,A,7.166325704595804,90.44925936006192,Correctivo,0.7702298992980011,Centro,0.5534500108826634,29.812299145379253,181.18768408518397,1,7
M0600,P06,Torno,A,9.11710157478347,82.44593708244155,Correctivo,0.7614051559474142,Sur,0.5599365188521057,27.3467055328597,102.42328869751763,1,4
