id_maquina,id_planta,dia,tipo,fabricante,antiguedad_anios,plan_mantenimiento,tipo_intervencion,carga,temperatura,vibracion,degradacion,coste_euros
M0001,P12,180,Prensa,C,5.202988276279934,Preventivo,Preventiva,0.5474763147655679,28.380826721281164,1.0925955284537776,0.5181603760943226,637.4780441970258
M0002,P07,594.5825162300195,Prensa,C,3.6762763066202924,Correctivo,Correctiva,0.733557961442853,32.51145845875635,2.9332431882005867,3.542611435036632,2580.9173238718386
M0003,P01,180,Fresadora,B,5.083074133764403,Preventivo,Preventiva,0.39163504800305216,26.811725836179875,1.2007141070493133,0.6800925035027225,639.8008596019155
M0004,P02,129.56460674476958,Fresadora,C,8.198833195198594,Correctivo,Correctiva,0.7514923938648096,44.020103271736346,1.9420261398351144,4.084274613802122,2061.337462546988
M0005,P06,221.9324105352887,Prensa,B,6.876888436743804,Correctivo,Correctiva,0.6988432276733085,40.41977424174664,2.4334489282229863,2.0328631041969882,1037.2629352467204
M0006,P02,628.0324199864955,Torno,B,3.5367039514837195,Correctivo,Correctiva,0.5671773153749593,29.07885046522229,1.1087798482051843,1.673813950529921,609.1476584057845
M0007,P02,36.70434456214889,Fresadora,A,14.716830779227914,Preventivo,Correctiva,0.8207296955791757,42.56452786176741,3.369603084203639,3.9562266760663927,1747.5546612743622
M0008,P09,106.2618337795465,Fresadora,B,7.394858071363304,Correctivo,Correctiva,0.7039878028217076,36.785592497970505,2.655124049191174,2.2862032484619044,318.254136834573
M0009,P02,41.38763689281862,Prensa,A,14.703478684920903,Preventivo,Correctiva,0.7306764006336344,43.56986338348192,2.9023014186981118,4.98257513703454,3155.633269561616
M0010,P08,6.375155534355858,Torno,A,6.836351968540154,Preventivo,Correctiva,0.6644635725711122,43.71291986137451,1.0191112205563448,1.9452706572067664,480.9709343049804
M0011,P06,7.1150745942938025,Torno,A,6.562099675073943,Correctivo,Correctiva,0.8751196808803279,45.736827567070904,2.341197529062643,4.30290758408592,1672.566890344524
M0012,P12,43.04025570950613,Prensa,A,10.424826081220223,Correctivo,Correctiva,0.8199941505211025,34.44832127763311,3.59205824193127,5.688842986017826,5523.832202546006
M0013,P10,217.29672631620846,Prensa,C,3.7538516059392717,Correctivo,Correctiva,0.6384140785823245,34.15138857196457,1.04270840166903,2.4117649236944723,2198.5162360110394
M0014,P06,246.01829673910368,Fresadora,C,5.17710394462889,Preventivo,Correctiva,0.35050768125616377,29.795583015294994,0.7098266650068011,1.23624154308075,839.8597958317343
M0015,P05,125.00123238457115,Prensa,C,6.0921858836514415,Preventivo,Correctiva,0.9303300770374525,49.02620290783569,1.1860134048434445,1.7301773597737535,1817.8514257463512
M0016,P08,501.58898773024436,Torno,A,5.821312836203055,Correctivo,Correctiva,0.7176369561408625,39.681832589250114,2.9992939178376377,1.7400458606442764,1078.1845000140913
M0017,P11,344.74361212649035,Torno,C,5.304020849341996,Preventivo,Correctiva,0.7616027194274765,34.257157464405545,1.5202711879095747,1.8978075763047577,1008.7301531517217
M0018,P12,24.0765879339749,Torno,B,2.781084546250715,Correctivo,Correctiva,0.8952613753824719,35.20632154689893,2.622545704406627,6.520177844477315,1515.6112712776605
M0019,P09,75.67685047462504,Fresadora,A,3.372700172238717,Correctivo,Correctiva,0.8978747641705174,47.98228433381663,0.7991494764070243,1.609337068151965,699.1328834849966
M0020,P07,304.7331421935399,Fresadora,C,8.649062527785988,Correctivo,Correctiva,0.6711362776653318,27.848189777433923,2.102696476308206,2.0238815085325257,1004.0039933138673
M0021,P05,274.8668761837161,Prensa,B,3.0406027414430703,Correctivo,Correctiva,0.7837218092744042,43.29005252880816,2.2210194633647236,3.664480241519269,1427.151270573242
M0022,P06,430.9283748752235,Fresadora,A,2.028698153742428,Correctivo,Correctiva,0.8728651048064231,42.81379346920119,1.1661038142372382,1.6536870186683206,475.4612677593382
M0023,P05,198.71850091788409,Fresadora,A,4.7892523159399465,Correctivo,Correctiva,0.7992171564002443,42.401802275178795,1.0991559021786301,1.7252866478522761,550.9519500773357
M0024,P03,180,Prensa,A,2.698329876376948,Preventivo,Preventiva,0.89404313621763,36.58050282298848,0.9593046075724163,1.5397346111265378,1057.9634632732311
M0025,P10,180,Torno,A,7.452364233803496,Preventivo,Preventiva,0.6631566290547722,38.763845759920684,1.3424995303609957,1.300705919039692,681.8771400596112
M0026,P06,450.8650269290923,Torno,B,3.6163526486612394,Correctivo,Correctiva,0.6300450091763876,40.8334792181756,2.081678611429493,3.537469243120511,589.0445522486148
M0027,P04,578.4105529520812,Fresadora,B,4.7553232892123525,Correctivo,Correctiva,0.5156043036857977,37.921713666970426,1.4901959833951557,1.2627962654774365,551.9826872076907
M0028,P03,397.4762246742603,Prensa,C,7.367135546054475,Correctivo,Correctiva,0.7870040868965642,35.63508042045191,1.6823856914556845,1.2843304418502903,676.6506783719412
M0029,P06,180,Torno,A,5.00336983701533,Preventivo,Preventiva,0.7383167467576712,41.011397548578,1.5803431238199088,1.0454859711184805,234.1637836922112
M0030,P04,520.0617523600044,Torno,A,8.11606428626274,Correctivo,Correctiva,0.42656714512901756,38.44056714825682,1.1005458645491035,2.05753851890211,554.9579164075532
M0031,P02,94.07395170236849,Prensa,A,4.74763175846508,Preventivo,Correctiva,0.5516706992288468,34.47596005373028,1.5064914073949325,2.51291616143083,1158.7092115987375
M0032,P10,11.069157421550273,Torno,C,10.776875159801651,Preventivo,Correctiva,0.48821053256538133,35.73060530120592,0.9804212128755279,1.2503039951378419,1643.1695912128132
M0033,P11,180,Prensa,B,2.510787789879508,Preventivo,Preventiva,0.6657640774729338,37.59747893459844,0.7680252327262347,0.5462512506771725,394.16043567441733
M0034,P04,498.5649738344637,Prensa,A,4.714917600992085,Preventivo,Correctiva,0.6378724021159732,40.76575014392037,1.51889206158187,3.395240911830797,1966.3987734556142
M0035,P04,72.48269269608922,Prensa,B,4.484773901258052,Preventivo,Correctiva,0.8527263151897505,44.49957298206537,1.9334734894243568,5.348179991910484,1968.4014398184481
M0036,P01,342.79949915595046,Prensa,C,3.38967589516543,Correctivo,Correctiva,0.6974646476615274,34.08548909791986,1.7400942992294404,3.798278096302672,1339.0382192034258
M0037,P02,711.1861750084292,Torno,C,2.5285561459695245,Correctivo,Correctiva,0.33910076874047296,24.933888418724525,0.4063113321662517,0.6815272676242488,401.1968046722433
M0038,P04,105.56687191030213,Fresadora,A,4.900249738591778,Correctivo,Correctiva,0.612244055516815,38.97418791474561,0.6817704104980844,1.7044717854819573,1004.6408404965513
M0039,P12,180,Fresadora,A,8.869407380168653,Preventivo,Preventiva,0.7014492908019837,30.26257960258481,1.470560001971093,2.618014937036435,738.208980200121
M0040,P08,137.9378007457144,Torno,A,2.5127015268672563,Correctivo,Correctiva,0.6974489953043662,42.58985724392339,0.5556296201648753,1.133529409077625,348.3002968875755
M0041,P05,180,Torno,B,3.1886881940448855,Preventivo,Preventiva,0.8817173521842783,46.69019524672078,2.1888389512700597,2.485670337385884,896.090713639561
M0042,P08,492.21612132495954,Torno,A,5.9725294156775215,Correctivo,Correctiva,0.7583455697774575,43.9812104290262,0.9961423829718238,1.8911218314168152,623.1969557809163
M0043,P08,625.8958274802457,Fresadora,A,7.491630056812635,Correctivo,Correctiva,0.5666405262897577,38.2595071186951,1.5250608802935506,3.0680291388878853,1214.134162270947
M0044,P05,360,Prensa,B,5.35652695073942,Preventivo,Preventiva,0.623811906013607,41.58353241958421,1.9476852288327144,1.0618665532193965,371.2815260206649
M0045,P12,180,Fresadora,B,11.13454474857298,Preventivo,Preventiva,0.39958256392661984,28.68997311457408,1.5721719528668958,0.9486679401865027,1221.349471581758
M0046,P09,260.1847342260438,Torno,A,11.768860369565733,Preventivo,Correctiva,0.5262697822871839,30.767490108530804,1.6565824335832005,0.839419374786197,517.5144894066838
M0047,P08,135.57886511798964,Fresadora,A,5.99299021868824,Preventivo,Correctiva,0.8306542311752422,43.57503896799115,2.7105004802143835,3.498020638736104,1168.9085648201628
M0048,P03,180,Fresadora,B,7.145679655470651,Preventivo,Preventiva,0.5892376322025992,33.99902186626595,1.0494906940954734,0.4533855342931457,272.6128766319463
M0049,P05,63.126702880436,Torno,A,6.463881747589564,Preventivo,Correctiva,0.8282672626912772,47.29828735264128,1.5836002922735064,4.186987114626932,851.2449482805245
M0050,P10,259.67547739616396,Torno,B,5.802749045046946,Correctivo,Correctiva,0.794694474455851,34.045421931655355,2.7206335806584283,1.6830340971275555,975.863236017548
M0051,P11,55.20840829837027,Fresadora,B,2.996682794433264,Correctivo,Correctiva,0.7733704093794512,40.92700655147079,0.7586703251060105,1.8949275955420208,1842.6981853260422
M0052,P02,180,Prensa,A,3.8041683872144434,Preventivo,Preventiva,0.8805254137405226,38.74628372992321,1.5281290989482172,1.349542579671109,475.8765372908824
M0053,P09,180,Prensa,A,7.696859389260662,Preventivo,Preventiva,0.6178889981513652,36.413953303392226,1.6068939538228817,1.8849896092597778,536.0575667190304
M0054,P10,172.93374949592672,Torno,B,4.927223786435483,Correctivo,Correctiva,0.6595517837197606,33.01172602550087,1.0568567240588482,1.8279922466041307,702.4627787072676
M0055,P04,57.129413228597954,Torno,C,11.31518606273222,Preventivo,Correctiva,0.8692894063799876,44.152211421278075,4.439975364213037,4.974146524363548,2871.5698359931166
M0056,P07,170.01424103571708,Prensa,C,4.521456290007693,Correctivo,Correctiva,0.7181647043057875,32.78161944410094,1.6987283233687354,2.5012765746500505,1963.292358971577
M0057,P03,360,Prensa,B,1.7459622884994719,Preventivo,Preventiva,0.8856260257440324,39.06157086122869,2.053899098994172,2.095351644454785,703.4794648720934
M0058,P09,58.43982595720347,Torno,A,20,Preventivo,Correctiva,0.5999814842408986,40.140357596463566,1.9115110831536586,1.477628027280744,1299.1858795747041
M0059,P04,7.0702104319771895,Fresadora,A,1.4684570387153475,Correctivo,Correctiva,0.9771354484318608,46.560474968430405,1.5075776401363967,2.1306114303014403,1416.969693396869
M0060,P12,28.219735568453604,Prensa,A,3.5431386948621144,Correctivo,Correctiva,0.6561658884273281,31.052542263706073,1.4091725831282886,1.7187647973278866,1981.6618165540167
M0061,P04,180,Prensa,B,4.410234241187592,Preventivo,Preventiva,0.7431893511957217,41.052392336636125,1.5100272777550199,0.5816474853438046,776.3933110486332
M0062,P06,448.6857726459158,Fresadora,C,3.9842148462687548,Correctivo,Correctiva,0.662624238592646,45.861993560305415,1.0792353795078664,2.1261263129123624,835.8212318862984
M0063,P11,180,Prensa,A,4.894606260551118,Preventivo,Preventiva,0.3325294578658426,36.02123716832247,0.9705389616152337,1.4725254013673377,244.40151026784656
M0064,P02,74.08754248943038,Torno,A,4.603555587632476,Preventivo,Correctiva,0.720456193640936,40.115469371285364,1.474941402569935,1.9600798653668454,1800.2310982726622
M0066,P08,323.9818545007769,Fresadora,B,7.848473540204706,Correctivo,Correctiva,0.5159272423478871,34.533897420479356,0.8083731422828601,1.1040284599924721,256.6089469189464
M0067,P10,164.45000074701352,Fresadora,A,4.070648403622724,Correctivo,Correctiva,1,45.780211427648815,1.8588464449350648,2.290214791440402,848.9477191652692
M0068,P12,348.71026096738655,Fresadora,B,19.351084912748888,Correctivo,Correctiva,0.9071299919417125,34.410301715007634,8.232782905590703,8.584764256289798,4178.37174608483
M0069,P12,111.15968758158144,Fresadora,A,4.762536230945671,Correctivo,Correctiva,0.3633565027695577,28.6048753082199,1.7561163719289,1.9619803455245337,1026.9131176939652
M0070,P11,180,Torno,C,5.927149571619462,Preventivo,Preventiva,0.48884394318153845,36.81653561669063,0.9078003330314216,1.0440442749832533,638.2136765209241
M0071,P01,180,Torno,B,6.444019784627276,Preventivo,Preventiva,0.45749166424350723,27.622969566544832,1.164430925968814,0.8283048663557377,757.1453217974052
M0072,P11,84.08168048858423,Prensa,B,9.893172508224733,Preventivo,Correctiva,0.8165060425810992,45.76276069133742,1.5727192627114535,3.5692324308990453,1180.9776648393995
M0073,P03,445.8668859192626,Torno,A,4.027659847337624,Correctivo,Correctiva,0.6365863289980492,35.25277580168548,1.9166627276812127,2.4016522323635163,854.5569873803346
M0074,P12,168.38507725257588,Fresadora,C,7.787889013114171,Preventivo,Correctiva,0.4098496046426976,25.900946958431383,1.0442985764321173,1.0521869356963338,970.8604131283497
M0075,P11,180,Fresadora,B,7.3931681761388015,Preventivo,Preventiva,0.8316567492907134,44.82142460937277,2.6209710502781185,2.211224267749197,1068.3781865266192
M0076,P06,476.62568821572575,Fresadora,A,5.22514304660673,Correctivo,Correctiva,0.9135168323124825,47.6343039484758,2.719717634574836,3.749653002771452,1746.8210814612323
M0077,P02,180,Prensa,A,3.02043780870234,Preventivo,Preventiva,0.921425263250801,43.983296574750256,0.9574967168518939,0.6979867693831562,732.0905104627448
M0078,P09,180,Fresadora,B,8.192752817890492,Preventivo,Preventiva,0.6655123017842114,36.45014723714842,1.5043719294746112,0.8200042284908052,461.19595594445406
M0079,P01,433.987992405002,Prensa,C,10.684085958258162,Correctivo,Correctiva,1,43.56098522343081,1.9554372051819342,2.772984656978111,1094.8229046585645
M0080,P08,485.1706778053899,Torno,A,12.940299997028207,Correctivo,Correctiva,0.6275540302177909,43.01084114425508,2.6672409579155123,7.311360302935564,1519.0981346796484
M0081,P08,171.04998872521332,Torno,C,5.8909669406180285,Correctivo,Correctiva,0.7367595155844695,38.89560096185376,1.2028681765508171,1.585013620868692,803.2952977443871
M0082,P03,180,Torno,C,5.391587206053199,Preventivo,Preventiva,0.9393702640890288,40.54656210965213,1.5836503110170495,0.64466381302714,292.30066715064606
M0083,P08,180,Torno,B,11.555468754991626,Preventivo,Preventiva,0.8628975539181334,40.86899516251921,2.2448171523997464,1.3161218281901674,501.5024763852439
M0084,P04,96.57969379569863,Torno,A,8.461051258896488,Preventivo,Correctiva,0.9568192552530614,48.24330304657946,2.0728715686199752,4.449863088325234,2285.9914828708
M0085,P02,188.78867388254085,Torno,B,7.147260462787737,Correctivo,Correctiva,0.988734240883588,40.61124747802762,1.4736102789888095,1.669276665470061,1119.084542481525
M0086,P07,366.4872410710927,Torno,C,9.759823526994483,Correctivo,Correctiva,0.6721417014983404,28.735668534892262,5.274431619225074,4.228235469641433,2623.203266648193
M0087,P09,227.83782230243207,Fresadora,A,7.280461413089585,Correctivo,Correctiva,0.6203123221081099,33.457561466002545,1.0594489196480543,2.476391189237243,1746.532954199391
M0088,P05,360,Prensa,C,3.96077508249624,Preventivo,Preventiva,0.7946320621221925,45.725245144077356,0.6981954996280049,2.009682549140245,796.4456318642383
M0089,P09,68.68515473141399,Torno,C,12.834465300794255,Correctivo,Correctiva,0.5710525025586477,39.95972138962089,2.5834886110740793,2.4596222374026397,2034.9833390059812
M0090,P12,226.7623909973775,Torno,A,2.176024464941202,Correctivo,Correctiva,0.5816820820067815,28.411044774454655,1.1332152356938898,2.100987401145469,790.3130873040128
M0091,P06,25.86243716774274,Prensa,B,14.982291640005961,Preventivo,Correctiva,0.5459596760322962,41.7308067447073,2.2871022561233096,3.0937505835137666,2473.8387864444176
M0092,P11,201.51604639935923,Fresadora,A,8.974074479496648,Preventivo,Correctiva,0.3942810296853787,34.766993841942316,1.0467576934337006,1.7849735318526765,854.6980105683501
M0093,P10,163.69316446442593,Prensa,B,10.344527221407697,Preventivo,Correctiva,0.9521705262363239,39.60968005093316,1.9716766422136072,2.8856465514625538,1006.16750953221
M0094,P06,443.17325235536686,Prensa,B,5.270485651998612,Correctivo,Correctiva,0.5508620783887533,41.883015690169714,1.9302116076544202,1.9987524684704,2253.0503185484567
M0095,P05,130.89632857537657,Torno,A,4.817496870619122,Preventivo,Correctiva,0.5655677291715239,42.3480438009439,1.1110671412283806,2.0408987251853272,1105.1323126610064
M0096,P10,180,Fresadora,B,4.071369495438145,Preventivo,Preventiva,0.7314396773624716,37.12263287218613,0.672603245891373,0.5993873592750271,1079.903278133868
M0097,P09,147.29768686670218,Prensa,A,7.980268037677096,Correctivo,Correctiva,0.7925123478720386,44.43716157370143,1.4610369983323706,4.084946523114252,1928.5153077658751
M0098,P10,142.5677715071246,Torno,C,9.988299747125437,Correctivo,Correctiva,0.8169312920859688,42.941873086294486,1.7486604065270217,3.49520333170502,2329.149158328871
M0099,P02,132.8614363764637,Fresadora,B,8.104415708823048,Preventivo,Correctiva,0.6034492513903809,37.587215655896124,2.3982362336097705,1.6499785015120318,663.0337207844317
M0100,P04,460.39593860845815,Torno,C,4.889372453995616,Correctivo,Correctiva,0.8162495916614009,45.91191481710294,2.216211384018082,4.8555939518314215,984.8740966946083
M0101,P12,414.65070122107744,Fresadora,B,3.3217175460302153,Correctivo,Correctiva,0.5104832940693301,25.77453562290594,0.7581001137546934,0.5135507879422853,374.4078755178971
M0102,P08,180,Fresadora,C,4.468790113655018,Preventivo,Preventiva,0.7949554865264244,42.22731296263317,2.058532900731543,2.2838669513942973,871.8880120510091
M0103,P06,9.9151103275745,Torno,C,20,Correctivo,Correctiva,0.7008702048961665,49.69130287526157,8.244093508901685,7.959664514688467,5446.7141691338
M0104,P10,180,Fresadora,C,6.678728571150022,Preventivo,Preventiva,0.6525108769077803,33.26752217735859,1.7926739394724722,1.0749524499732148,512.609624275356
M0105,P04,74.40520867220557,Fresadora,A,8.067260608019007,Preventivo,Correctiva,0.7484369234377117,42.73872903555277,1.7453914216616973,2.4117464229139713,994.6807430889676
M0106,P09,104.986265990679,Prensa,B,7.179305199197942,Preventivo,Correctiva,0.8884459268293936,40.648034221342485,1.5166926971442414,1.9880525539944995,1596.7741022145372
M0107,P12,676.1099081149375,Fresadora,A,4.148155349261559,Correctivo,Correctiva,0.6344644930349783,26.81133301452194,2.7882985390317505,3.558615684281546,673.4501778374131
M0108,P01,372.729559356481,Torno,A,4.925556259020791,Correctivo,Correctiva,0.7340386111190157,39.92251230360324,0.9690295920716289,3.4005229010089977,1468.5039125349101
M0109,P03,432.59753106104057,Fresadora,B,3.5727121669023774,Correctivo,Correctiva,0.6867047278002762,32.84632441391555,0.956995581652094,1.8752108470580293,1243.3539635421137
M0110,P11,97.05624007097244,Torno,A,6.194085909321213,Correctivo,Correctiva,0.7819920005871921,41.85185310261196,0.9453670922400553,2.7246077196452245,1263.373564247502
M0111,P10,382.51703927614136,Prensa,C,4.877681652759415,Correctivo,Correctiva,0.7966983336628586,40.910594564032436,1.9378654335083934,2.6565314959815907,1443.8498073732087
M0112,P10,83.48928767422038,Prensa,C,7.273332516933685,Preventivo,Correctiva,0.870947252689291,40.37147065176147,1.564660377285407,2.9018217697874094,1371.749116690793
M0113,P08,115.86362948973688,Prensa,C,16.350531505848096,Preventivo,Correctiva,0.8360982482434982,44.73070604310463,2.247609447284026,4.350776674352748,3042.0658305644192
M0114,P03,306.29270160714094,Torno,B,10.12139623914157,Correctivo,Correctiva,0.7425594710460158,34.44012457601183,2.8972022432676487,2.651173175662986,720.7066155603418
M0115,P12,360,Prensa,A,3.577540084848767,Preventivo,Preventiva,0.7437143396599896,26.800883002251616,1.2102529026765407,1.4577335474564392,829.0067016269642
M0116,P04,160.5812013406507,Torno,B,9.10616081409687,Correctivo,Correctiva,0.7848634428494563,42.37554494745343,1.8267010851659697,2.8021356819044074,1565.2875031532503
M0117,P10,180,Fresadora,C,3.345795967651269,Preventivo,Preventiva,0.5419861160794832,36.086598017919464,0.9503929162656855,0.5824349515642422,368.6812063209192
M0118,P06,98.40364803520787,Fresadora,B,4.551380738063603,Correctivo,Correctiva,0.8143275404830816,46.6876634894576,1.5971846323476928,1.6390938073592036,903.8039795824209
M0119,P11,27.372317339010376,Fresadora,B,9.538178591558436,Preventivo,Correctiva,0.8756641347380596,43.898245200195646,2.712263788504566,5.371356902010107,1676.8866405026658
M0120,P02,180,Torno,B,2.596049976691033,Preventivo,Preventiva,0.783585856362465,34.18070294708023,0.706647826468246,0.3781374697259074,309.65315588054074
M0121,P10,360,Fresadora,B,5.785238692239957,Preventivo,Preventiva,0.7334279332879954,37.7676002251714,1.3147028176272317,3.1449883367431286,898.23541702169
M0122,P12,540,Prensa,C,2.913848707534531,Preventivo,Preventiva,0.47819644558667246,30.009000615505315,1.8229385277455123,1.4509458010696543,1299.1681192477026
M0123,P10,180,Torno,B,7.900258847664934,Preventivo,Preventiva,0.798363094469075,37.82359602188576,2.2350038969908574,1.8857083514759732,453.0616933156876
M0124,P03,180,Prensa,A,5.035775943386538,Preventivo,Preventiva,0.6151663296331962,33.715347957900164,1.1919063684791564,1.4184977042919729,1095.4380569923194
M0125,P10,466.7734212804554,Torno,A,4.155334739912232,Correctivo,Correctiva,0.5521977473779834,34.621413026453276,0.6188511766824172,1.8219451064178698,935.8804619984314
M0126,P01,360,Torno,B,5.129164774103795,Preventivo,Preventiva,0.6584369800676215,31.835568332956413,1.6740485743413842,0.9014593174405157,927.4258260180316
M0127,P06,536.0192520235801,Fresadora,C,7.25835432094013,Correctivo,Correctiva,0.9160162910359143,47.16515349638531,2.451505428134998,2.209481180422692,1865.246056586883
M0128,P06,360,Fresadora,A,4.63949274060231,Preventivo,Preventiva,0.7094418977696622,41.09360386464968,1.870266499241451,1.3361342082846537,1139.9728598437275
M0129,P12,238.29388438729856,Fresadora,A,7.307611140749406,Correctivo,Correctiva,0.8079573139737177,36.3729558062926,2.195861637725193,3.8519119491030187,1686.2786498030334
M0130,P09,180,Torno,A,5.194158323269781,Preventivo,Preventiva,0.4195740318313221,31.52250915121014,1.1883225224163498,0.8453492888042776,1072.0057062607543
M0131,P03,246.0131642526517,Fresadora,A,2.7177257133338455,Correctivo,Correctiva,0.4372194081984077,31.715702773692723,1.3701561094834291,1.4254687670612274,801.3177351121565
M0132,P08,20.1108693363308,Torno,A,2.7984948848499056,Preventivo,Correctiva,0.9690001468610485,45.557130605048314,1.5635641206111468,1.901654322191601,429.1488636941491
M0134,P04,284.58303977072177,Torno,A,10.203131529522233,Correctivo,Correctiva,0.6207293919321994,39.70791391903467,2.968320195397611,4.41817952199735,2172.068225769273
M0135,P06,443.2805806033032,Torno,A,2.177942079372241,Correctivo,Correctiva,0.4878215302319611,41.934799006680514,1.1970813151864679,2.0491574528508143,554.9817859067521
M0136,P08,7.581829270354798,Prensa,A,8.06524162020198,Preventivo,Correctiva,0.8617118568124269,47.68920051070921,1.521517838452525,1.4154692245225033,781.6421556232742
M0137,P10,123.37146996654596,Fresadora,C,9.040717536974752,Preventivo,Correctiva,0.5696640921399091,39.06061553166803,1.79516579297803,1.948160282128083,1173.6966424191369
M0138,P06,177.25750418579327,Torno,A,10.44538830420348,Preventivo,Correctiva,0.9120546123055381,48.538089907138776,4.14895425371456,4.3665268312538705,3570.5243339327685
M0139,P02,153.18673655046004,Prensa,C,5.697711209019035,Correctivo,Correctiva,0.8184132180649684,42.29885475137547,2.16345336184822,4.7865072257647405,2437.0390934422303
M0140,P10,265.3702187389519,Torno,C,3.13213294396361,Preventivo,Correctiva,0.8200976715652094,40.88621382186688,0.8976360194371851,1.1177757501891146,723.4928809693967
M0141,P05,130.12025177730135,Torno,A,17.41170533452568,Correctivo,Correctiva,0.8276951029212246,50.588954812131476,3.8223633748013897,4.5880260861864,3636.2023497127952
M0142,P11,294.1139211590678,Prensa,A,3.9271523192959714,Preventivo,Correctiva,0.4510804597754418,34.81021228546925,1.2039237180603248,1.2924756618397368,525.1330967033042
M0143,P03,488.3031400760312,Prensa,B,4.758295114405047,Correctivo,Correctiva,0.44294343634708144,33.05022573309293,0.42223041130441763,0.901466412380308,644.5127796503933
M0144,P10,69.96969815537231,Torno,C,9.604565382871902,Correctivo,Correctiva,0.7997927318931705,42.754223242283544,1.3060402610768032,2.0556378526271497,695.2019264112415
M0145,P06,188.73923487431006,Torno,A,5.226573874864764,Correctivo,Correctiva,0.9334425291022969,45.740808078571554,3.242588871578908,3.35702021316405,1019.3204170552788
M0146,P11,211.63637778803982,Fresadora,A,3.208082200411906,Correctivo,Correctiva,0.622371795587928,38.89658094774005,1.8532769332822867,3.6969931875254565,1492.125839838801
M0147,P10,180,Torno,A,9.681779263827897,Preventivo,Preventiva,0.5266669110414922,39.28377199934792,1.1308297416385051,0.5774085503300018,1234.8438167000404
M0148,P11,561.2928787675434,Prensa,C,2.347988338622527,Correctivo,Correctiva,0.9284067316913468,40.846166506937536,1.9888121244318673,3.174255615061904,2075.949357733428
M0149,P06,360,Torno,B,2.725441103088762,Preventivo,Preventiva,0.4103169740079365,37.691533978848526,0.9546841546641147,0.657642183164116,300.068111781968
M0150,P04,326.769477483699,Torno,A,7.28258637546772,Correctivo,Correctiva,0.6460530043828404,40.46576163902622,1.236540379156534,1.668181407905957,655.1867328726655
M0151,P07,404.80405342969755,Fresadora,A,8.275430814806633,Correctivo,Correctiva,0.8679992609046177,35.03511110326197,3.6599010904053193,3.576275165839538,1581.9235723983168
M0152,P04,692.7655418459702,Fresadora,B,7.430157699257954,Correctivo,Correctiva,0.5568519631654302,38.1815659623878,1.4611337460936153,0.8307721896142002,527.744341678745
M0153,P08,18.346340207158242,Prensa,A,18.004798731859495,Preventivo,Correctiva,0.8380812153279652,46.89104318102805,3.8767403752096956,5.018089337793036,2734.2252233332
M0154,P08,152.62559030389502,Prensa,A,7.896247207114936,Correctivo,Correctiva,0.5674941471498164,40.97319505277782,1.2122361709540759,2.638916900608634,1367.859018873893
M0155,P02,180,Prensa,B,6.92147351543172,Preventivo,Preventiva,0.8390414794901727,38.205268501538434,1.482743452287097,2.9217249368723346,995.0933361137713
M0156,P08,31.89018970588417,Torno,A,8.739178333118272,Correctivo,Correctiva,0.7966535686654388,42.49388986658516,1.967552565600733,2.3826168479424203,1128.2151195198169
M0158,P03,180,Prensa,A,4.783166326633659,Preventivo,Preventiva,0.93430553874203,41.890317822163766,0.9196849823207649,1.7349200491785024,1209.4500966296714
M0159,P04,180,Prensa,B,6.115646965707167,Preventivo,Preventiva,0.29909543034281266,33.86405816273113,1.0731585244942545,1.0971684791846301,656.6683622075342
M0160,P11,87.57495772131297,Prensa,C,17.104263173516014,Correctivo,Correctiva,0.5646187399482131,45.058736066872996,2.89291675990385,4.1480136692199965,1792.1539343450424
M0161,P02,561.131174366566,Fresadora,B,6.142082366131382,Correctivo,Correctiva,0.6567880623225599,36.94010509384081,1.3709900589305515,1.9686398825249178,760.1784009078068
M0162,P09,336.73311944564193,Torno,A,2.5850144738197507,Correctivo,Correctiva,0.7539280073347073,35.29169061926761,1.672058436250423,1.933675533904986,777.4245206944403
M0163,P05,145.54760805521738,Prensa,B,6.1071040774742675,Preventivo,Correctiva,0.409777262575802,40.745884213624606,1.0161615963202089,1.7094467460352483,759.2691135020723
M0164,P11,373.4380665630528,Torno,B,5.0163453623413305,Correctivo,Correctiva,0.5901180346681348,36.54801785106185,0.468431068936951,0.8889724463035419,383.16336973270865
M0165,P11,54.577125118074214,Prensa,A,8.625512629116704,Correctivo,Correctiva,0.5651529897708224,40.517997544651955,0.7014571423535503,1.392775627464803,956.9622407931236
M0166,P10,225.9485906713441,Prensa,A,7.282422644606865,Correctivo,Correctiva,0.7902047233751003,42.144670541478675,3.3475829253585747,2.9278789175381035,2803.349324062316
M0167,P05,180,Torno,B,5.92856501203528,Preventivo,Preventiva,0.5638890544306228,44.092263589119746,1.549477335076477,1.2344434467288372,671.2975099727098
M0168,P08,368.4014242185988,Fresadora,C,4.654646698925344,Correctivo,Correctiva,0.6806115600865974,36.20931543644511,2.3188629087104027,1.9562027351447784,1700.8563012658312
M0169,P05,161.90534093325493,Prensa,C,8.069772146796728,Correctivo,Correctiva,0.6312325117660397,37.56802246162379,0.950851731356084,1.0650268134264582,1292.0055339976566
M0170,P11,130.8455960721426,Prensa,A,3.605147048236442,Correctivo,Correctiva,0.927592468468962,41.271581660015556,1.0228035144823882,0.9282436642293238,440.36922303950104
M0171,P09,309.80326116095847,Prensa,B,12.677466334451823,Correctivo,Correctiva,0.6133031221139833,36.22754759175835,3.529811593579381,3.908430107503236,2185.3727852839233
M0173,P10,44.17311530317417,Fresadora,C,5.732598162588263,Correctivo,Correctiva,0.8942110275447176,43.10140187853544,1.5952067689054839,2.802101554511148,1377.1412301514147
M0175,P09,170.39117355993451,Torno,A,2.941409364772195,Correctivo,Correctiva,0.981292870289868,43.2774717475714,1.8670598543761805,1.7281864192116436,623.0418100418551
M0176,P03,17.126369312668388,Torno,A,5.903162157902735,Preventivo,Correctiva,0.902652824302617,38.481347522671,4.620377687275484,4.923135801095038,709.1292739761316
M0177,P08,379.3216220668447,Prensa,C,5.173458427132392,Correctivo,Correctiva,0.6232060889599512,37.22164795381314,0.4551665379929949,0.611768475449144,582.9781521608098
M0178,P06,21.610975331052696,Fresadora,B,12.145781646486034,Preventivo,Correctiva,0.5920533665338363,39.69254273306533,2.5862606581526504,3.888476123779319,2428.2051527090125
M0179,P09,180,Torno,C,20,Preventivo,Preventiva,0.5349284238721833,39.113474697605476,2.794521455440578,0.7156760849152811,995.7332679573029
M0180,P02,463.57667462492054,Fresadora,A,11.283473501762334,Correctivo,Correctiva,0.6281424788422096,41.138983217246334,1.838256803711379,3.0603121372947966,2695.0171510622035
M0181,P12,96.48870750882267,Fresadora,A,4.386841666675912,Preventivo,Correctiva,0.7168553205516157,34.909656493215586,1.268964316818558,1.6116119466208993,412.28278194689256
M0182,P05,49.71591933617586,Fresadora,B,11.74151213472041,Preventivo,Correctiva,0.6296388398815431,47.15463205622224,1.9094005192482206,2.186554545707239,776.7097866033344
M0183,P07,378.7970762551223,Fresadora,A,6.102830142836863,Correctivo,Correctiva,0.7043567153401638,32.99725108326303,1.4159849052016815,2.409518772741616,605.2907373314016
M0184,P07,180,Torno,C,5.107029033915563,Preventivo,Preventiva,0.5111923161152251,27.407495331145043,0.4505336377467215,0.6878418008207384,613.4783607329142
M0185,P10,100.79838729195505,Torno,B,4.28716320403554,Correctivo,Correctiva,0.6752569518980165,38.99041133803062,1.4290483318537006,1.4648166195210017,1512.0560345675522
M0186,P02,89.04850320013242,Fresadora,A,19.70853785241852,Correctivo,Correctiva,1,50.02166098952078,2.267876298828752,1.6392867876306907,1479.9235281156637
M0187,P07,98.65672309033475,Prensa,A,13.232032716411227,Correctivo,Correctiva,0.6919647570302159,36.13062894286699,2.2674864164573076,2.2989083977343956,1356.7935726891403
M0188,P08,180,Prensa,A,4.629571664542112,Preventivo,Preventiva,0.8841745982184687,46.54718890604705,1.1262571266329457,1.0987841471329831,170.88084115487825
M0189,P12,180,Fresadora,A,2.990479126668499,Preventivo,Preventiva,0.70921876143643,30.67765070669898,0.7697384228451334,0.8251400150566099,413.21824881191867
M0190,P08,92.64591808189103,Torno,A,7.79851058542986,Preventivo,Correctiva,0.8887366084469662,43.51727614163196,1.2890357591233657,1.4121062973671887,986.5377986583073
M0191,P04,256.17705834905877,Prensa,A,4.429142885008961,Correctivo,Correctiva,0.6552696496686187,35.840445078125704,1.2662180107634162,3.099778086208923,2245.609764285383
M0192,P05,180,Torno,A,4.5393300727741694,Preventivo,Preventiva,0.7153690986705413,41.70877816273768,0.6497177123313782,0.9888649053479306,887.178074799302
M0193,P12,155.86565152290163,Torno,B,7.70558843054742,Correctivo,Correctiva,0.7599368839487042,34.861305275841474,1.9524985668464627,1.4360240831496278,2400.4991263624943
M0194,P06,296.3010479634117,Fresadora,A,9.024747799995714,Preventivo,Correctiva,0.575696194085353,35.798991291289184,0.9361848431548602,1.0262345240255017,285.0617279020399
M0195,P09,672.2430667577117,Prensa,B,4.951364643936034,Correctivo,Correctiva,0.41607312460543067,34.67209325294566,0.5624861222754799,2.555261083344377,1930.3806838945634
M0196,P09,180,Torno,B,9.873662518693774,Preventivo,Preventiva,0.4516678457661518,32.27462993648598,2.2034416863099184,1.3355659732542409,1257.71012842607
M0197,P12,162.24445315189752,Prensa,C,18.337428558743994,Correctivo,Correctiva,0.7851067153884583,41.135327580399654,2.9709043290239814,2.4692174283453885,780.5734233477527
M0198,P09,180,Fresadora,A,5.67406335247905,Preventivo,Preventiva,0.7467746242982628,34.74312995392519,1.6193219211154373,1.1789863807138365,515.2060675523745
M0199,P07,64.63464608989152,Prensa,C,2.404782832699116,Correctivo,Correctiva,1,36.76570079423069,1.6489360274269282,1.806834673377157,1294.113507342937
M0200,P04,565.0436505036703,Fresadora,B,4.492281342747371,Correctivo,Correctiva,0.9418975956815182,49.18004726063536,1.6670238914741187,5.133183972130478,1704.9692923374191
M0201,P11,180,Prensa,C,4.32621053669841,Preventivo,Preventiva,0.732558708341895,39.38192829247962,1.2174853831042973,0.6758574424018902,308.70712325917026
M0202,P03,180,Fresadora,A,12.34894256662854,Preventivo,Preventiva,0.6775936348314247,37.640398543018925,1.2427178348612273,0.6409551157079204,376.9083076382444
M0203,P06,472.6854169885306,Fresadora,A,1.4338202067382713,Correctivo,Correctiva,0.6932349125714687,44.91742031632134,1.506821565809917,1.8266536516802472,554.7458371085955
M0204,P09,165.42420533899832,Torno,B,6.9646887384613345,Preventivo,Correctiva,0.30099489645200206,34.66045126795501,0.8172261163965846,0.6787135753707352,530.4954825313802
M0205,P12,101.7384100696585,Prensa,A,7.30911730661324,Preventivo,Correctiva,0.8531648760395,39.35916349342955,1.9445853490448222,3.0420926831194617,619.7182370822118
M0206,P06,180,Fresadora,A,5.483529700020675,Preventivo,Preventiva,0.7049993022840242,42.46504083763687,1.862552637213914,1.1326016049738434,555.3847406243646
M0207,P01,479.24489079503786,Torno,A,7.669620713398884,Correctivo,Correctiva,0.6355629716914042,37.50067635199914,2.338152956146252,2.2064929926501975,1296.169684198361
M0208,P09,24.84667116941203,Prensa,C,13.927126575676839,Preventivo,Correctiva,0.8745555108853479,39.70331959621762,3.732869975286888,7.882668069443215,4339.901913645033
M0209,P02,162.28234443456537,Torno,A,8.015377381694883,Preventivo,Correctiva,0.6278298527226183,36.816325641977244,1.5735743034344372,1.8370305437664696,540.4543393155295
M0210,P04,80.60078685723724,Torno,A,4.982883958484705,Correctivo,Correctiva,0.9783287711411288,47.25556070170575,2.272790831932219,3.2318036560971133,1603.3937774641804
M0211,P07,180,Fresadora,C,3.5999120793730293,Preventivo,Preventiva,0.7902560630663533,29.581454873761757,2.5590818744563553,2.1471269086391147,698.6918921416305
M0212,P01,50.154745858795664,Torno,B,20,Correctivo,Correctiva,0.5990594129158169,34.35256384340585,4.033207622690482,3.1037069336607974,3121.13376663278
M0213,P07,68.24486753877768,Prensa,A,12.55717147111495,Preventivo,Correctiva,0.5508066721149625,31.557456952526188,1.36251450900713,1.0038544410655694,736.3230547264119
M0214,P09,180,Fresadora,B,10.797215422511822,Preventivo,Preventiva,0.5202849507452489,31.012243913032467,1.8076089252663874,1.1215908175095939,638.6304169480126
M0215,P08,653.6351758836695,Torno,A,7.923677854310521,Correctivo,Correctiva,0.591322106882517,38.1203511493139,1.5846506388658004,1.4213319945039737,683.5902852390564
M0216,P02,188.90384194215895,Prensa,A,9.838342239017658,Correctivo,Correctiva,0.8473654872271563,41.64826837057658,2.4599859422009778,4.4749389827938035,5050.7683131238355
M0217,P08,381.6017970792849,Fresadora,B,3.173095506839377,Preventivo,Correctiva,0.7559723270364709,39.771274271893454,1.2419048400405097,1.3776290149179025,1012.6733940448731
M0218,P07,296.7285802772566,Fresadora,B,2.5670157989370535,Preventivo,Correctiva,0.5210688997692807,27.664676215741537,1.1297726299959152,1.5779319287290812,389.87759662418114
M0219,P10,340.85278176975237,Fresadora,A,3.2351625103897543,Correctivo,Correctiva,0.6285910647338486,38.150142641727115,1.4608271611178993,1.0763029314691381,444.0726004185428
M0220,P02,180,Prensa,B,4.684809962697413,Preventivo,Preventiva,0.8206088912687454,40.27076755098226,1.595149176578787,1.0973319145689509,303.3748696209025
M0221,P10,453.8859411297849,Fresadora,B,6.324492055176363,Correctivo,Correctiva,0.6788890576353377,39.16736759764108,2.930539252227908,2.244069936680213,1098.6572708983365
M0223,P10,48.265827655216384,Fresadora,B,7.017475240348806,Correctivo,Correctiva,0.7449493995870679,42.241763318805106,1.8020243809695486,3.5891643133548197,1207.7738283896194
M0224,P01,516.9099650018592,Torno,B,3.0561558370106323,Correctivo,Correctiva,0.8335961945568127,38.40100006004102,0.9438007383054078,1.292188178294029,831.5054798173073
M0225,P04,38.664790226349076,Prensa,C,6.689321121178879,Correctivo,Correctiva,0.9616017691704395,47.200010023217914,1.9503681948494567,3.15289560837161,2792.4350001732005
M0226,P01,182.39407745009137,Torno,B,10.167697307730426,Correctivo,Correctiva,0.5464919286238069,30.937320909682928,1.6768587008533768,2.1964329732134873,761.5433897244428
M0227,P09,81.90035984924947,Prensa,B,6.5622122727643735,Correctivo,Correctiva,0.8174304778123842,40.866495034434585,1.0065267531141675,1.5681715809966315,1148.2405489710952
M0228,P08,434.5795067020772,Torno,A,3.0122259268305847,Preventivo,Correctiva,0.6742056918674302,40.21137638521155,1.050096235616229,1.6079109644716112,345.00569159887675
M0229,P06,41.54872145899165,Torno,B,3.6878704545560126,Correctivo,Correctiva,0.8181919937332923,43.30858723727271,1.1153453408536027,2.376151097705992,527.4037119533954
M0230,P07,611.099540588275,Prensa,C,3.7125441617803774,Correctivo,Correctiva,0.1696859876182983,20.318097808180326,0.7289944286124962,1.6431513760124468,1064.814355993809
M0231,P07,180,Torno,B,6.662545248267022,Preventivo,Preventiva,0.675605973657234,25.198882035652215,2.8390145802305438,1.6260694860722233,550.1410149255508
M0232,P10,171.8213489189357,Prensa,C,6.042213492618988,Preventivo,Correctiva,0.8114973005257821,38.66548447396623,0.8408579393178576,2.3504760359532253,1693.3394730630964
M0233,P11,180,Fresadora,A,8.862704008677976,Preventivo,Preventiva,0.7914552434297483,41.20005442096536,1.900797276245217,1.064210316102765,687.0761090301163
M0234,P09,169.9812014622218,Torno,A,20,Preventivo,Correctiva,0.641566391219124,42.31651657608406,5.179684590093425,5.550016978025161,3755.66579924869
M0235,P11,180,Torno,A,4.710251099567599,Preventivo,Preventiva,0.9320077339009125,41.905072944754096,1.3552958435308802,2.14271766011019,645.9937654504856
M0236,P04,422.33262883288495,Prensa,B,3.0553780895473728,Correctivo,Correctiva,0.8851557393015587,48.80400700460629,2.130588159004743,2.5717743409403675,1593.3887579935465
M0237,P08,229.18647546430964,Torno,C,3.4977053245209238,Correctivo,Correctiva,0.6043834609153895,33.23661843929491,0.9584055813209873,0.5228878757454976,998.7861311182218
M0238,P08,155.8104898679162,Torno,A,9.233684759938107,Correctivo,Correctiva,0.8351746703411795,48.02781178293708,2.5530353477503547,3.090935583581684,2278.750595445661
M0239,P06,532.1540694750789,Prensa,C,4.615043284209655,Correctivo,Correctiva,0.8107939409903822,43.751753836626015,1.8151595163127392,2.5718980428487055,1029.0475504954982
M0240,P01,180,Torno,B,4.2663082549174085,Preventivo,Preventiva,0.7340022702076197,32.946289786551056,1.323666251267883,0.6193627511793686,211.11631909197337
M0241,P01,42.9049491206596,Fresadora,A,16.494506996519707,Preventivo,Correctiva,0.9974192016919439,45.83164281083555,3.037487585381869,3.907890950819077,3553.107734212105
M0242,P12,54.50107643036567,Prensa,B,7.24769231052312,Preventivo,Correctiva,0.7896427446395229,35.899420964967604,2.559551535817111,2.0978541370637322,872.9118089788068
M0243,P06,532.5364087664875,Torno,C,7.6209808634693275,Correctivo,Correctiva,0.950107845703006,46.573422978644054,5.661752540410608,2.38485805501681,627.0338090263045
M0244,P07,374.91798498587,Prensa,A,3.99944304673553,Correctivo,Correctiva,0.6677591646179923,30.871298531799297,1.7984037645474382,1.4934539509361027,985.6497523116012
M0245,P07,70.97813321202088,Torno,B,5.382136515392639,Correctivo,Correctiva,0.8294549866395518,30.68498483887995,1.9464616317952461,1.650663920240188,1635.4164821168747
M0246,P06,180,Torno,B,4.227019467058545,Preventivo,Preventiva,0.3726131585667385,35.036914489272945,0.8139721649153516,0.48920741883694985,393.64923190522995
M0247,P04,217.17225646347953,Prensa,A,8.25626411673221,Correctivo,Correctiva,0.557114960952131,37.77165187972325,1.3331714602157876,2.926860673198564,2401.738129600385
M0248,P04,79.53417265088356,Torno,B,11.48010274448198,Correctivo,Correctiva,0.39853140514833735,38.741057603532965,2.829019443698137,2.562341728522728,2432.3799232577953
M0249,P03,180,Prensa,B,9.055291551283839,Preventivo,Preventiva,0.6728891055198153,36.47643539009408,1.0640424492039922,1.1763064596228625,980.246096168105
M0250,P11,360,Torno,B,6.607341133066416,Preventivo,Preventiva,0.5518502538898493,34.48286681730359,2.8454711304923666,1.7780558308129026,613.7964551527816
M0251,P05,180,Prensa,A,5.739666551369661,Preventivo,Preventiva,0.38616364262517605,37.49873402108188,0.853318585784428,0.6835554467170786,883.3158095099524
M0252,P07,330.3475509045404,Prensa,C,3.8291288828526726,Correctivo,Correctiva,0.791212714366112,31.15768686523702,1.146555069690819,2.262526385329268,1262.1347449023976
M0253,P07,135.84539472569585,Torno,B,10.866575080434883,Correctivo,Correctiva,0.7613589630546196,37.31500062765542,2.387692169224291,1.928515050537675,1329.45363672968
M0255,P08,326.3107262640579,Fresadora,A,10.388018045610064,Correctivo,Correctiva,0.3814691125415931,37.109777771151755,1.5339361747548466,2.3978709391195956,1224.7944002807476
M0256,P06,60.96691146567433,Prensa,B,12.574898736701766,Preventivo,Correctiva,0.9385862525757186,50.11642727108235,4.042440619739294,4.708968151017032,2069.8108127046844
M0257,P09,74.96604781768173,Fresadora,A,10.707985204369582,Correctivo,Correctiva,0.8557166361624076,42.23593453583606,1.924504189610958,2.0048671173529597,470.3188394954103
M0258,P10,455.55649730604443,Prensa,A,1.556788580622777,Correctivo,Correctiva,0.7576536656728899,34.915822638811704,1.4827091223269715,3.036125701759673,1236.5666023611568
M0259,P06,235.03132749600314,Torno,C,9.255622482983501,Preventivo,Correctiva,0.7961455347456116,45.97198078005363,3.1516395932172365,3.9314890144048933,917.5201657775752
M0260,P04,457.62747826870594,Torno,B,5.103393447686127,Correctivo,Correctiva,0.8042463230194354,43.490138485282955,4.6956781479116385,2.904886306510837,780.1934461639293
M0261,P02,11.227908422108145,Prensa,C,9.571831110636007,Preventivo,Correctiva,0.5659023561579448,37.529994234988266,1.1905848590329693,1.2081241378813465,1810.0234111785173
M0262,P03,136.08765894170483,Prensa,B,2.829238785369138,Preventivo,Correctiva,0.8043994666305544,40.804227701024345,1.3499156994472685,1.8676304679514695,1964.8266024003394
M0263,P02,14.08932015582519,Prensa,B,3.097207976847986,Correctivo,Correctiva,0.755689930672523,35.48362728049956,1.3382859682589938,2.071834878008796,1002.6488582859521
M0265,P07,424.5621483301822,Prensa,A,12.493264966141538,Preventivo,Correctiva,0.8106800235666036,36.2727169023657,2.630801954459479,2.5558350364006617,2099.465596073338
M0266,P07,180,Fresadora,B,2.97718183931727,Preventivo,Preventiva,0.44777986912198076,27.0579259438314,1.2989734044856025,0.5978144114280882,414.37283690481297
M0267,P01,239.65089387160617,Prensa,A,3.7361550540484463,Preventivo,Correctiva,0.7710277246359414,38.76093462844985,1.184639856528987,2.9036608272710307,2351.5867102206753
M0268,P01,261.13432753932324,Torno,B,9.429535071709148,Correctivo,Correctiva,0.507510991556192,32.68906586429489,0.7614448758525779,1.2241258582951613,2469.681008388772
M0269,P07,180,Fresadora,B,3.478024312803207,Preventivo,Preventiva,0.6869729250730268,33.49367582413744,1.1686096614184156,1.2608745944468185,247.56306135920758
M0270,P02,210.66498155443895,Torno,B,8.969352953816518,Preventivo,Correctiva,0.9788785869883171,38.946803359039315,2.6933411739299777,3.2330071200721147,964.6068146974567
M0271,P04,492.54940799985866,Fresadora,A,6.3708224199436865,Correctivo,Correctiva,0.9489474435137958,47.64107125738551,1.8004606064824233,1.1117732914508331,839.9514664920226
M0272,P03,13.35931956906935,Torno,B,5.271055023430035,Correctivo,Correctiva,0.7829559040158502,41.09922342358473,0.7974737101177803,1.317326548657549,682.6619937923294
M0273,P08,94.94831438988737,Torno,C,17.64655017762807,Preventivo,Correctiva,0.711029811346963,46.098171802551654,3.2209849730411877,4.58346790322443,1703.8799063298025
M0274,P11,76.99552085562223,Fresadora,B,9.093235077645643,Correctivo,Correctiva,0.7088263671022971,45.21848382851693,2.0148898040613723,1.5454760565148216,801.3137507795425
M0275,P12,702.880380284127,Torno,B,3.1273560797886,Correctivo,Correctiva,0.689718182628665,29.417769012457473,0.578114217966535,1.4061420191988698,1891.8716476308823
M0276,P12,56.870226565782175,Torno,A,14.513346338818476,Preventivo,Correctiva,0.9780408301778327,38.11461047830184,3.5527096616548564,3.4985945481338185,1537.135066896022
M0277,P08,114.53927338319644,Fresadora,C,3.864643019714915,Correctivo,Correctiva,0.6554854510602885,41.75249106195771,1.0976994387964731,2.5512886025692905,1026.373255708389
M0278,P11,553.2048936999863,Fresadora,C,6.895668415985758,Correctivo,Correctiva,0.6327840859736673,40.37632889833706,3.2054920844673958,1.7042613304923282,1248.2903323600397
M0279,P06,140.6148305472286,Prensa,C,6.326398428756318,Preventivo,Correctiva,0.6649693716401711,45.548130032067476,2.10169417268079,4.075400448212844,1247.2996350231035
M0280,P07,30.959856703167052,Prensa,B,5.969564727468028,Preventivo,Correctiva,0.7950654084531772,35.49629534682261,1.882261682805097,1.3365978179523699,955.7740526666446
M0281,P11,153.6936670558019,Torno,A,3.3885326128837834,Preventivo,Correctiva,0.8708768989570552,40.88088914256092,2.1965922741965276,4.612381910327684,1067.079186022584
M0282,P12,70.45882683101352,Torno,A,16.61166939546456,Correctivo,Correctiva,0.9031566496469952,43.86370979066784,2.593743160990523,2.662898996673819,3180.1562616834153
M0283,P12,180,Torno,A,10.073690575479286,Preventivo,Preventiva,0.562468993204395,30.648636651012115,1.2533359996414726,0.5812558489651058,704.695919239777
M0284,P05,85.58033406655082,Prensa,A,3.7215421104428317,Preventivo,Correctiva,0.6169521822662293,46.48504934147251,0.7311420950771532,1.3901087531999965,492.2284613019891
M0285,P11,601.7314859511962,Torno,C,3.833777022187826,Correctivo,Correctiva,0.48594849837534226,36.80421843586391,0.6586518735889424,1.6513190360174845,677.7910604859649
M0286,P11,216.41787458719128,Prensa,A,14.225418400819901,Correctivo,Correctiva,0.48678381296585205,37.98414505037973,3.580811510325591,6.13634162647617,5164.748476643904
M0287,P05,113.33697421284697,Torno,C,3.9914958414540123,Correctivo,Correctiva,0.7237777480780204,48.86636694733521,1.062720457449965,1.1611123173306914,525.8341392880772
M0288,P11,408.78369265890194,Fresadora,B,5.419595198395779,Correctivo,Correctiva,0.9793508050506675,46.398878534925835,4.368809542721905,5.745099362350439,870.7247489843975
M0289,P05,120.36084976156623,Fresadora,C,6.552906929588818,Correctivo,Correctiva,0.8591077127423629,48.41222067015627,2.223868669380531,3.9065985939737544,1233.1849249856687
M0290,P09,145.85726261589645,Torno,A,4.766386268659158,Correctivo,Correctiva,0.869957810219387,38.02459944703066,2.1001454558337422,3.373182768898743,1596.9419198530297
M0291,P06,100.75403644588847,Prensa,B,9.371169780747506,Correctivo,Correctiva,0.7804057981853325,49.70762597486371,1.7956113652297343,2.2424735153529,2510.0266857978395
M0292,P02,329.1237910792065,Prensa,A,4.114450386857065,Preventivo,Correctiva,0.5610445924088625,35.45833538854854,1.1150868419406414,1.0432620885946793,1054.4442531357317
M0293,P05,267.9453977988805,Prensa,C,5.638214375071069,Preventivo,Correctiva,0.7361918737034414,41.778037303372294,1.2347665578875204,1.7574013086608558,2419.006136790804
M0294,P12,360,Prensa,A,8.00308020725556,Preventivo,Preventiva,0.7854119085431239,30.632996997550684,1.9030508016188532,0.9618422264614571,918.5301574518525
M0295,P04,176.44459008149352,Fresadora,C,7.945218505844934,Correctivo,Correctiva,0.8418058765253711,45.58647298882919,1.4502554200322324,3.900000585743298,1995.2325497797108
M0296,P06,395.9014193222317,Prensa,B,2.578032714648897,Preventivo,Correctiva,0.3424097772393244,35.83020848604456,0.6648431689081035,1.5066085721878777,1405.465645717417
M0297,P10,494.7162313250967,Fresadora,B,9.524651737435383,Correctivo,Correctiva,0.9902794589799531,47.469850289107406,2.766037116100209,1.568539382663639,1709.778066102228
M0298,P07,270.1943201331776,Fresadora,A,4.822257799348379,Preventivo,Correctiva,0.746205996763495,28.03168921941718,0.870031851295606,1.4814957358973666,704.6418697461536
M0299,P08,120.43218244566015,Fresadora,C,6.443968643977666,Correctivo,Correctiva,0.876089649162859,48.08126009686262,2.5409765282785903,5.408577209580451,1172.666095193198
M0300,P12,47.7514731428283,Prensa,A,5.5279325991280706,Correctivo,Correctiva,0.757298836896622,31.61022858308882,1.8686544722168121,2.6361124434374177,1274.863042778223
M0301,P01,354.9710621679955,Fresadora,B,9.82321132531732,Correctivo,Correctiva,0.6328678231324159,31.73094072741481,0.8469496039225691,1.1445205045190352,910.4120923679119
M0302,P12,180,Fresadora,A,4.211954930935937,Preventivo,Preventiva,0.5628522395348445,29.09360107595478,1.13975021315681,0.9400316950849001,770.6640421150905
M0303,P03,180,Fresadora,B,11.022611102314212,Preventivo,Preventiva,0.3194967682749747,31.022337563688346,1.2097236622922916,0.6938943985561203,547.5017524417608
M0304,P04,88.30308154224394,Torno,C,11.642659166709894,Preventivo,Correctiva,0.44874314814358734,41.608626894192184,1.4549795618158476,1.3442909797675568,878.904150590021
M0305,P12,282.36383400543014,Fresadora,C,8.60073419398907,Correctivo,Correctiva,0.821828822982085,28.68985241109469,3.3889927321926225,4.089411038215854,2893.515895569817
M0306,P07,74.05159245422524,Fresadora,C,8.471354312307243,Correctivo,Correctiva,0.925996290926742,38.4682667558179,1.7513128806199043,1.9237921021684088,540.0509694301138
M0307,P03,326.57147720866885,Fresadora,B,13.142192703092803,Correctivo,Correctiva,0.680891441403233,33.47954433938489,3.8497245528610566,3.7222087762173937,3804.212908275295
M0308,P02,334.3018464689323,Prensa,B,5.259829331222331,Correctivo,Correctiva,0.7235506901126189,40.40267452355168,0.9726479536416164,1.352695801975249,1085.1742709115383
M0309,P04,159.34511632295454,Fresadora,C,13.357241275867796,Correctivo,Correctiva,0.7873611014518511,46.83555097423045,3.742337337411298,2.2498933451423,1221.9444574357371
M0310,P02,180,Fresadora,B,9.34549572681981,Preventivo,Preventiva,0.5747102215897889,35.30914336122878,1.677190724002138,1.3100069008846251,1240.7377910580578
M0311,P09,103.9691125769856,Prensa,A,9.683278688800547,Preventivo,Correctiva,0.4699088789655568,38.27155339055705,1.1859955718357473,2.5502585023186697,1457.8526985723365
M0312,P07,104.74987412557998,Torno,B,7.451726596298252,Preventivo,Correctiva,0.7938437283456268,34.94443572060791,2.3196824836411483,2.8469834417831095,524.969857487186
M0313,P04,42.76510806482791,Prensa,A,7.961290042902355,Correctivo,Correctiva,1,50.848474318099186,2.1287293909601708,3.4929351644718114,1649.2107911383428
M0314,P02,360,Prensa,B,4.231288105650287,Preventivo,Preventiva,0.4680963130258576,31.72800451257245,1.1423542598610064,0.8209272596148229,606.6735727381927
M0315,P02,71.33198273925501,Prensa,C,6.481310042029675,Correctivo,Correctiva,0.9569448637471357,44.638502867061064,1.3037715483071566,2.924900443348687,2504.232989293347
M0316,P02,490.1191299162511,Torno,A,4.58631735690271,Correctivo,Correctiva,0.7731006224842152,42.90222539470238,2.256037650436288,3.9198611410134294,1319.6157492400828
M0317,P03,180,Prensa,C,8.515907343289731,Preventivo,Preventiva,0.6354765382585135,32.62715840927965,0.8321564523843665,0.6580783626628415,315.3848735773638
M0318,P03,60.06227766872937,Torno,A,4.4723777133592435,Preventivo,Correctiva,0.6069941294639393,34.56334055877695,1.0063025946179147,1.7105783601382187,891.64844769987894
M0320,P02,231.72482033738365,Prensa,B,8.008458782205206,Preventivo,Correctiva,0.6624916373539683,41.645158155961056,1.4728635343836725,1.411755639393715,677.8332628626661
M0321,P02,238.27791586262464,Torno,A,5.144421468144208,Correctivo,Correctiva,0.7549514115092048,39.25299700203138,1.1981722185255799,0.955100436711884,280.25650402487685
M0322,P05,520.6257585146589,Torno,A,6.050687612355714,Preventivo,Correctiva,0.7411788447261288,41.85318800262468,3.5236591515760773,1.8588390044293277,1083.8028335494862
M0323,P11,493.13619145645356,Fresadora,A,3.3829856194511074,Correctivo,Correctiva,0.7293084300520559,41.411260199525096,1.2724781705818768,3.2747789819580535,643.789874349236
M0324,P07,244.42244971163933,Prensa,A,3.381283266342013,Correctivo,Correctiva,0.6143294280387034,32.230576136494754,1.4140136471934404,1.7100490669757211,768.0632235284284
M0325,P09,423.18235794238564,Fresadora,B,4.809437845602706,Correctivo,Correctiva,0.7084943317816197,40.07873098005654,1.3146855373619006,1.678830633555351,931.5894500129108
M0326,P05,180,Torno,A,13.89677979956688,Preventivo,Preventiva,0.40554368179333633,43.89210598674424,1.1149437399666322,1.105314246659108,684.5268341280861
M0327,P04,354.04202264607846,Fresadora,B,4.702251530364366,Preventivo,Correctiva,0.6197508847669859,36.260675405952746,1.0981090260241573,1.0675332669566633,1194.0775707665837
M0328,P11,309.8098732923005,Prensa,B,10.808629573066481,Correctivo,Correctiva,0.6298500151617226,33.54131922366994,3.1643990953141006,4.049211388615409,1389.2118002571603
M0329,P03,306.3010675180053,Torno,C,11.663651049906836,Correctivo,Correctiva,0.5451399527127371,32.04443562666302,1.6509627369436113,1.427073382115914,798.7176217122534
M0330,P11,174.41921743709568,Torno,A,8.24225865839803,Preventivo,Correctiva,0.4276454722919348,36.784343245801495,1.340807700817656,1.2088531445882473,744.0369138891988
M0331,P03,129.05117977918414,Torno,B,7.882013957385853,Correctivo,Correctiva,0.8328833178039218,41.379311764789676,3.145942718122749,2.9350981346021126,1077.531181267816
M0332,P01,128.09814096443728,Fresadora,A,9.128693798353998,Correctivo,Correctiva,0.7491203597745335,39.54108353720583,1.0717992401459133,1.7898032011248184,1154.3792866750273
M0333,P11,387.02119795769073,Torno,B,3.8820666360290437,Correctivo,Correctiva,0.8397137054099122,40.365153312258116,2.333448050763962,1.7870189598581963,1043.1637242209522
M0334,P10,180,Torno,A,4.888363121994958,Preventivo,Preventiva,0.6761259691765006,34.28716760203634,1.0477838547120513,0.898262781876266,761.9101411819231
M0335,P07,180,Fresadora,B,10.326641834477995,Preventivo,Preventiva,0.47703404463651367,29.198349496615837,1.6453137350661,0.645869939219262,572.2375494688964
M0336,P05,136.17545452359664,Fresadora,B,15.284517938791014,Correctivo,Correctiva,0.8202849756195918,50.48755969437284,2.418942000861728,3.887667341146211,2267.3370133655076
M0337,P04,191.80706394673206,Prensa,A,7.021528245870886,Correctivo,Correctiva,0.6256140288895113,41.11377154543166,1.0689315044226981,2.249714478667263,2002.3193072819993
M0338,P09,360,Prensa,A,6.0766976201066525,Preventivo,Preventiva,0.7009519004654254,41.14132094118761,1.5668529978920795,2.2934804607481096,1032.6442619854708
M0339,P05,290.9825904740506,Prensa,B,4.606841519272838,Preventivo,Correctiva,0.500959962178695,37.123119069855285,1.0650475917383266,1.9421129095905125,1063.4460622081692
M0341,P01,180,Fresadora,B,8.792583006795626,Preventivo,Preventiva,0.6822986072488932,35.60685616729288,3.442592999311442,2.009953811741786,547.7565287706379
M0342,P02,59.58742216409139,Prensa,A,5.431634538368076,Correctivo,Correctiva,0.7444257914753314,34.22918747556108,1.0115217091716466,3.24141962717597,964.3758136571827
M0343,P07,262.89632577600725,Torno,A,11.646577652078385,Correctivo,Correctiva,0.3795749489604286,27.976058635559067,2.1123539708492327,1.687768364573302,3370.4903276944183
M0344,P06,180,Prensa,B,3.6985508013290427,Preventivo,Preventiva,0.8739528889654713,47.021059698302146,1.4545370486881821,2.240752852789784,844.1286356499947
M0345,P06,24.057495825455163,Torno,A,16.045438891380307,Correctivo,Correctiva,0.6440459803724826,42.12329050300809,1.6058168817209728,1.5185505049858976,1830.8166197006597
M0346,P09,180,Torno,B,8.977621340889877,Preventivo,Preventiva,0.6161533641330622,35.98217654690965,1.2399906917248125,1.3588753421011157,401.11055401221256
M0347,P04,597.4425335136908,Prensa,A,6.224379962740812,Correctivo,Correctiva,0.44091497947848274,37.03639663644552,0.9941220956033082,3.0943310497011294,2083.260266666394
M0348,P03,234.20781927485933,Torno,C,3.7757524354942933,Correctivo,Correctiva,0.7901096844881872,35.183385695297524,1.7859027073439993,2.8194381233834656,1861.0731121996992
M0349,P03,145.40911621300617,Prensa,C,10.21854742217471,Preventivo,Correctiva,0.9083177377406167,40.55924843878114,2.4773768530767586,4.2203105004369625,2588.501844142925
M0350,P02,307.3387672791771,Prensa,A,13.965039175944165,Preventivo,Correctiva,0.7015702032037283,38.65422138474798,2.094558347555113,1.5873357443590999,641.6642329394364
M0351,P10,45.13196510088004,Prensa,B,2.425492575320949,Preventivo,Correctiva,0.6634347238488918,37.749616870546284,0.6202063144371881,1.7203517518177305,1195.671226368524
M0352,P05,561.0120843035652,Fresadora,B,4.60702491365014,Correctivo,Correctiva,0.5813055432800208,40.55305004550617,0.834874362251452,1.6100771064784187,1010.9918497494491
M0353,P07,15.790281330806295,Prensa,B,7.415789880245689,Correctivo,Correctiva,0.8939478584045607,33.912196169600605,3.159868407252265,5.287750235860803,2689.096846171804
M0354,P05,599.6260630127241,Fresadora,A,3.159407096692864,Correctivo,Correctiva,0.705682941244855,41.59021972636657,2.4944444571954385,1.7808018652267221,657.0759782262517
M0355,P06,583.6610837913454,Fresadora,C,4.588387919027203,Correctivo,Correctiva,0.5410621589922741,37.479203265784534,0.8224484951606237,1.9796598576046924,541.4337563689172
M0356,P04,99.48060754567997,Fresadora,C,6.082511659331813,Preventivo,Correctiva,0.8262962083550022,43.66481036552501,0.5755413642211648,1.08827824713244,630.9848066288981
M0358,P11,228.08410168718237,Torno,A,9.409008790185473,Preventivo,Correctiva,0.6115914833818202,40.06410462160707,1.2729261944259351,1.8461469713210674,1134.249050462165
M0359,P01,323.0850429154921,Fresadora,B,10.889100615294154,Correctivo,Correctiva,0.7195341959182036,32.24932983106937,2.5759526911904937,2.415513913006535,1556.3234173647554
M0360,P07,575.8666503680088,Prensa,A,6.8680510792223,Correctivo,Correctiva,0.567064273320469,27.843986376049095,2.5803517342579347,1.2932656638774098,697.9857627631901
M0361,P10,121.47347282777487,Torno,A,6.485474938351251,Correctivo,Correctiva,0.8923943760671759,45.713460308929356,0.8143049174300699,2.5388598744383004,1011.2651960550229
M0362,P09,39.63696898566542,Fresadora,A,18.716161096473044,Correctivo,Correctiva,0.8399644226641633,43.487684437856544,3.027783358222341,3.3706793801100763,1155.26042491757
M0363,P10,629.7943029608073,Fresadora,B,5.380640324375375,Correctivo,Correctiva,0.5949307636267557,33.08396531665037,0.9277058301710698,2.189373730185513,740.5641721493448
M0364,P05,405.9757327159851,Torno,C,5.0787111845537245,Correctivo,Correctiva,0.6106149891520843,37.38954884946376,1.6791851387502508,2.5007033227549016,827.2682174007535
M0365,P04,0.13334019135439587,Torno,C,4.050901013603813,Preventivo,Correctiva,0.678592096235167,39.06710737335474,0.817808635705738,2.524055788993255,709.7601199606358
M0366,P06,285.6315242881195,Fresadora,B,5.912485260140965,Correctivo,Correctiva,0.7041645926218724,38.75722288550191,2.263813006239803,5.885654761450203,4154.252684107134
M0367,P05,180,Fresadora,A,5.623958663115909,Preventivo,Preventiva,0.5719456538952312,36.915626034494124,0.7162622765842629,0.5803603343742186,497.51932769412366
M0368,P11,100.33709999201939,Prensa,B,8.61619579874376,Preventivo,Correctiva,0.6675077176868155,39.84649389503427,2.0601782653224867,3.368882896528807,1699.8878966979314
M0369,P08,283.0025898498558,Prensa,C,1.3542418959818736,Correctivo,Correctiva,0.6206042074600402,35.62603062138163,1.161740039211074,1.1961172468852537,901.6177213213775
M0371,P05,111.40090148502411,Fresadora,B,2.4212044751558417,Correctivo,Correctiva,0.7357176530540621,41.48852052004954,1.4176967518781391,1.769698342133128,496.8327890723181
M0372,P08,180,Torno,A,3.287833330393459,Preventivo,Preventiva,0.5184572754989356,37.01068587133796,0.9025348077661389,1.2071693233389809,388.828458147556
M0373,P05,180,Fresadora,B,8.775405195509522,Preventivo,Preventiva,0.7251952666428694,48.495071199334994,2.042775875434202,1.8177370579305612,548.857598507165
M0374,P11,181.9219315079163,Torno,B,14.247221577895715,Preventivo,Correctiva,0.5468425489721308,41.645028527708405,3.0266026364095575,3.4021369720202186,2297.0970057015315
M0375,P11,149.4534242967673,Prensa,C,5.43696072965695,Preventivo,Correctiva,0.5976799451914856,34.431794970977336,1.8766680036705652,1.4691866887621319,698.9717543084995
M0376,P01,443.8542713414787,Prensa,B,8.557883618211356,Correctivo,Correctiva,0.6655047783665293,38.31112562061533,1.2874637470835582,3.6931049473951565,3259.7168655373325
M0377,P08,448.525798512582,Fresadora,A,11.111206827749388,Correctivo,Correctiva,0.8184301155912156,44.330602450302514,2.420213591808343,2.3622210998471114,694.137661824367
M0378,P02,240.84916985398547,Torno,A,6.317449111480079,Correctivo,Correctiva,0.6678718086207357,31.646277852668238,1.5741869333222405,1.6551194894528745,469.5329194222664
M0379,P10,272.87692924494064,Fresadora,B,4.893136960002427,Correctivo,Correctiva,0.7221971685441774,36.700743171107774,1.9907776407966495,2.2280195212786302,596.3514547342384
M0380,P08,272.2757039938405,Fresadora,B,6.764955212390457,Preventivo,Correctiva,0.8092941708398369,44.10049508334753,1.4544253996108392,2.39457178543035,2014.53592906666
M0381,P05,384.18042340377184,Torno,B,3.9398971199971218,Correctivo,Correctiva,0.439183295578696,36.26099417200719,0.45228022205608504,0.8199224767196484,372.1393435728992
M0382,P09,427.69361182998506,Torno,B,10.467454500881532,Correctivo,Correctiva,0.6128889135880622,38.008111021160794,3.2952014068142006,3.353714074154469,2174.3492691958827
M0383,P02,504.39847901139535,Fresadora,B,8.139779606524828,Correctivo,Correctiva,0.7799763216328502,45.46137113936111,3.3745421388952836,2.3083872331871844,1290.7764060463946
M0384,P07,46.17184048460613,Prensa,B,3.1516815728352325,Correctivo,Correctiva,0.6814581823705342,30.687646279244905,1.0815391320312964,2.336324116960413,1333.9929667616288
M0385,P04,425.14509026719355,Torno,C,4.434623870147092,Correctivo,Correctiva,0.6227368275967916,43.1089436756737,1.2508062760407963,1.8483892584244146,1073.7598868295697
M0386,P04,185.90048058409891,Prensa,B,4.5521225426559475,Correctivo,Correctiva,0.799842629757229,43.8865563717565,1.6953943105809695,3.4187002159866005,1816.8825748208767
M0387,P07,239.3506821116105,Torno,A,4.434996158377813,Correctivo,Correctiva,0.8546990756051992,31.696725373460882,1.1043183936487262,1.1487792107566304,1132.6937369174616
M0388,P05,111.90401842318725,Prensa,A,11.051815659768014,Preventivo,Correctiva,0.9775283713513427,55.94874856727505,2.1158252190869113,4.307574094514714,3997.6869455214646
M0389,P04,7.297540701179439,Fresadora,B,8.299833470205815,Preventivo,Correctiva,0.41006261476702943,32.94437213838208,0.988517091434115,1.0823394482711106,739.1346525958778
M0390,P05,108.17161309328824,Fresadora,B,4.086519620314041,Correctivo,Correctiva,0.8848975593130268,49.95138805355121,1.0385564007115875,1.6826989922817452,478.2233038983701
M0391,P03,416.8744875851633,Fresadora,B,3.3084577975762772,Correctivo,Correctiva,0.5075714837190075,33.25579163894274,0.5973925377774905,0.6432534908206611,175.10014686239992
M0392,P01,180,Fresadora,B,4.936315411587886,Preventivo,Preventiva,0.7970608859129745,29.21469224052278,1.489208687754361,0.5217682292441048,476.67388551062095
M0393,P10,28.96962962186633,Prensa,A,4.712313133300692,Preventivo,Correctiva,0.7615903038859648,35.04620434334295,0.824302095525946,1.0614172298747955,794.6863351378784
M0394,P05,180,Prensa,A,8.613415562515163,Preventivo,Preventiva,0.681274657064651,46.396352477385996,1.440961487094924,1.6319422667723424,1170.1496423086921
M0395,P04,50.173979122485896,Torno,B,10.294271737731293,Preventivo,Correctiva,0.6054396725125606,42.40330678379764,1.1010958375770414,2.392033367595288,1286.498342887031
M0396,P04,701.713127204497,Prensa,A,6.353741061666853,Correctivo,Correctiva,0.19586236459028947,26.986968323823,0.6804231019295219,0.9301652611981275,731.6571866270715
M0397,P07,565.8896565041941,Torno,A,6.081883696089895,Correctivo,Correctiva,0.6030015653347861,31.433163627592023,1.1568456357207395,1.0821587499168979,1795.0865474932566
M0398,P06,342.09705633888973,Fresadora,C,3.5373309676713385,Preventivo,Correctiva,0.423036260126314,33.59908539940612,0.6159438819690208,0.7587440918746908,605.0526664393662
M0399,P03,461.01842704890583,Fresadora,B,2.232187367343302,Correctivo,Correctiva,0.9899582855206425,41.51718949420987,1.4552355614211683,2.430872890040833,1051.1938352874392
M0400,P12,138.61001909360698,Prensa,B,10.455127167627923,Preventivo,Correctiva,1,40.46248292341533,2.516815507121525,3.6731824784990033,1899.0981592835738
M0401,P02,149.6685920448434,Torno,A,4.482266395183626,Correctivo,Correctiva,1,47.185905643856415,3.3378093087479908,4.073770478063064,1575.0683868630426
M0402,P03,180,Prensa,A,5.2592688690968545,Preventivo,Preventiva,0.5756730478475279,33.419777751117955,1.254437307936959,1.2691662323687565,676.73832627115
M0403,P09,457.2169885827728,Prensa,B,3.4708808452054045,Correctivo,Correctiva,0.61225282290961,35.90990430506766,1.4695516616531348,1.6296663650652048,867.5505753414332
M0404,P02,196.94007736597388,Prensa,A,5.649778506017372,Correctivo,Correctiva,0.5927071735179024,36.47092467419308,1.968315191201115,2.1037255051543053,978.342969524973
M0405,P09,180,Torno,B,2.1781143147263267,Preventivo,Preventiva,0.8754395023952956,41.08866521995185,1.9688253373231146,1.6639533824143666,470.9287913645095
M0406,P12,48.0687450596509,Prensa,B,13.869459946459934,Preventivo,Correctiva,0.8155517895689888,37.94674656381845,1.621744354276188,2.1773479569400105,3178.425463609856
M0407,P10,180.59497401680542,Torno,A,4.852743782941207,Preventivo,Correctiva,0.7114440426705243,37.855927665040674,1.1832134111888184,2.435744243190443,553.9292061024972
M0408,P10,180,Fresadora,A,9.76864439293742,Preventivo,Preventiva,0.5636655106715951,35.23843791303637,1.261024830299474,1.0613828334669564,1212.059293901916
M0409,P06,407.97974018182555,Fresadora,B,6.352245830956942,Correctivo,Correctiva,0.8245716264922968,45.85860843707362,2.14307328845354,2.466419944758328,669.3074065127184
M0410,P01,116.55782669255213,Fresadora,C,5.642371424225553,Correctivo,Correctiva,1,39.07523281812279,2.5874393367741377,3.667999919849205,1591.8920796211044
M0411,P02,344.61100949710635,Prensa,B,10.65598419338234,Preventivo,Correctiva,0.4977459193876448,36.68730197546078,3.188335214928371,4.085931790335331,1159.5013703711516
M0412,P07,475.6836313563769,Prensa,C,7.120575672986678,Correctivo,Correctiva,0.6676842422976556,32.01129719247819,1.3917139350714345,1.3673995604571143,882.8316422955318
M0413,P03,100.19936845744309,Fresadora,C,2.6918812402478554,Preventivo,Correctiva,0.9583195164571529,41.255393734881274,1.3583994721771242,2.2016222646554713,1010.5517611617231
M0414,P05,187.02922755204358,Prensa,B,8.696797096032704,Preventivo,Correctiva,0.8778285165844515,51.3069350987736,2.0805652460756665,2.996988695009918,1221.1904254924907
M0415,P11,585.3038161854627,Prensa,A,5.945162568020214,Correctivo,Correctiva,0.4853754583514589,36.008025149280336,4.036239554735789,4.686333534468914,2031.5532782183814
M0416,P07,58.22032209941309,Prensa,B,10.099941961771528,Preventivo,Correctiva,0.5539334138719347,31.770938867736085,1.798383103118699,1.6297131094114707,1419.3814045681677
M0417,P04,125.27751501111176,Torno,C,7.156953815825007,Correctivo,Correctiva,0.9891914875533898,49.65684931844602,2.162631930555159,5.4754962704820205,1734.6550614561631
M0418,P07,15.803488930895202,Torno,B,7.988607002472994,Correctivo,Correctiva,0.762823225734926,35.18317323940151,2.9443773965871545,4.271558387423689,1698.820856994796
M0419,P08,103.47368833602631,Fresadora,A,4.625660535452381,Correctivo,Correctiva,0.8101518452976856,47.38167789285289,2.4062862583969578,4.763466680153079,1176.7391419801133
M0420,P03,495.64545868267436,Fresadora,B,4.6671307674633296,Correctivo,Correctiva,0.6987387354565404,37.129233865515296,1.791547946261249,2.308266611496084,711.3985203953425
M0422,P08,3.3932203574646262,Fresadora,A,6.003389991473025,Correctivo,Correctiva,0.8100165163844651,41.265125050206976,1.0134723680891584,2.300318168040661,671.1296270235326
M0423,P05,450.91363448562237,Fresadora,B,3.7826288547983915,Correctivo,Correctiva,0.4931708451245926,42.49168541859492,1.2874852128288947,1.1171385763887742,780.0303322743739
M0424,P07,149.91671290319775,Fresadora,A,7.4034561211366015,Preventivo,Correctiva,0.6365390729726025,31.803667781465297,1.576065039706201,1.6707912684078539,1827.2903695547134
M0425,P04,279.3187022884435,Torno,A,10.904351665470198,Correctivo,Correctiva,0.5939814732490437,40.60019274010929,1.4016722473803314,2.1323469577675356,695.9444468006211
M0426,P09,63.61095737331029,Fresadora,A,5.99205933901681,Preventivo,Correctiva,0.910121282274831,39.737656124943136,2.1757762444885294,3.404572384820605,1894.1793287206533
M0427,P07,267.54221878986294,Torno,B,5.644728030906201,Correctivo,Correctiva,0.6883153500145508,27.658621641445798,3.2001785309538104,4.793409031836292,1019.3392272111648
M0428,P10,180,Fresadora,B,9.316831210733405,Preventivo,Preventiva,0.76355534800610525,41.43818716107394,2.7328900484872842,1.5198229829893257,1437.7868630772339
M0429,P08,189.09898798830685,Prensa,A,10.283016874267902,Preventivo,Correctiva,0.755063349332209,44.23350437489608,2.4467464727508696,4.825627067187596,2609.298469414142
M0430,P04,210.978900676498,Torno,B,7.563209143929057,Correctivo,Correctiva,0.7378994985549514,39.39801934141,1.4813190709058728,2.5531731692039443,620.2403347449083
M0431,P08,15.820649074130914,Prensa,C,9.07378479116856,Correctivo,Correctiva,0.6659511062438614,42.76906286987971,2.1516327140059763,3.0872748479093564,1840.7247444495924
M0432,P02,200.58503060797588,Prensa,B,5.31515484224967,Correctivo,Correctiva,0.5802836207286971,37.18713684298481,1.46044516578189,2.725753364709014,1302.9562955737645
M0433,P04,180,Prensa,B,3.223066968364097,Preventivo,Preventiva,0.4362344729315359,37.56316121609008,0.689678537530442,0.4816112554970227,511.7685088309388
M0434,P02,248.21297737526777,Fresadora,C,13.429084709205139,Correctivo,Correctiva,0.839168355236372,40.25445662981253,2.129832599124148,1.845208874076905,549.8116504080659
M0435,P08,535.7832301670651,Fresadora,A,4.541149211972442,Correctivo,Correctiva,0.6646009846101021,43.689523572178665,2.7863673875055066,2.8872238259897585,1232.647814698863
M0436,P02,180,Prensa,B,8.339435953771053,Preventivo,Preventiva,0.6249165513239004,39.19183685706891,2.5666202910986713,1.2471619458029437,517.6738408098674
M0437,P04,180,Torno,A,7.878163509832361,Preventivo,Preventiva,0.5334805141268757,37.675901810645485,0.8868577604043869,0.6116745657735394,323.35444007667087
M0438,P02,180,Torno,B,8.288531859664658,Preventivo,Preventiva,0.7753753201396837,40.18994955479407,3.2249655986696624,1.1392855326986824,772.0405736171621
M0439,P03,7.290722016251231,Torno,A,2.2762914351154513,Correctivo,Correctiva,0.766617999644429,37.2250994627431,1.0339227996754785,1.8182412076559242,806.6843350015449
M0440,P11,88.94728178073689,Torno,A,11.267789021867133,Preventivo,Correctiva,0.4601229855575641,41.71058392839982,1.7969353293175219,2.0281004721485787,1141.7976193653838
M0441,P02,296.55720129822635,Prensa,A,6.222990227745501,Correctivo,Correctiva,0.3072645617604002,31.108051315035567,0.4434262065694312,1.2771633452865923,533.9916034315393
M0442,P09,292.6638176709958,Fresadora,A,6.153161555662187,Preventivo,Correctiva,0.47449519200481183,34.14397797140835,1.464916499988962,1.4422648974576795,300.2360461203018
M0443,P03,194.11179134331482,Prensa,B,14.743438205344372,Correctivo,Correctiva,0.5916771661329403,34.44158350533128,1.832482476128647,2.794586613737228,2699.5378444315497
M0444,P11,180,Torno,A,2.7430342132552785,Preventivo,Preventiva,0.7620832096182242,40.47697066459139,1.1108449375739848,1.4112063681387517,552.2373554788263
M0445,P08,370.63725189225784,Prensa,A,4.225746638819973,Correctivo,Correctiva,0.6019011023018073,37.77201892392641,1.7240254568515234,2.442379030428123,2625.1635226078324
M0446,P12,0.7924221805976945,Prensa,A,2.3612256439565993,Correctivo,Correctiva,0.5659054117412975,28.509365023576635,1.2914381934876202,2.7813383384768193,1851.3941157263675
M0447,P10,360,Prensa,C,8.5277159575694,Preventivo,Preventiva,0.6628318647117168,38.64223094991158,0.6471466493973042,1.1124830311349452,656.4632912480953
M0448,P09,180,Prensa,A,8.091514059049329,Preventivo,Preventiva,0.7489050982444057,41.36826835578965,1.2112218521167117,1.6076277156860053,857.2960185736081
M0449,P09,213.61691819113463,Fresadora,B,5.20867534613987,Correctivo,Correctiva,0.9735603181614356,41.75146275050218,0.6606369684831468,1.7154573439939236,884.2634512643949
M0450,P01,308.61518738033016,Fresadora,A,12.18713798187635,Correctivo,Correctiva,0.7858151434250893,34.29806549954992,2.3010959948451504,1.3952564400402645,1440.3492914414196
M0451,P12,180,Torno,A,7.525114865011769,Preventivo,Preventiva,0.7978234189496511,31.321155302616692,1.756918970245479,0.892181041261015,451.3997818845502
M0452,P01,70.36597986423645,Prensa,A,5.751453121427797,Preventivo,Correctiva,0.7828028291591909,36.52038017998919,1.1556228739158347,2.3522134774706247,3180.313637771095
M0453,P08,17.523877799294972,Fresadora,A,11.333160041997125,Preventivo,Correctiva,0.7946127948430227,43.75654832592613,3.3081776285289357,4.968557617589632,1783.7526095064227
M0454,P10,72.35841930152161,Torno,A,9.879770102032161,Preventivo,Correctiva,0.5953170483825201,34.394326109692464,1.3671047655587154,1.016281869842139,801.1443845234846
M0455,P01,516.9752032171657,Prensa,A,6.592760655161045,Correctivo,Correctiva,0.5853434623841655,36.16310519346339,1.4575256791080677,2.2759396161115526,1347.542812488119
M0456,P11,89.19756036554247,Prensa,A,11.199167991599369,Correctivo,Correctiva,0.9465278350246848,47.4014536980278,4.177598256273587,7.6649252937440355,2130.8155271905252
M0457,P08,263.62290184917003,Fresadora,A,2.4024727482044437,Preventivo,Correctiva,0.5968298953073041,33.89123442465764,1.4932626303250534,2.4200390199351234,876.9274270440848
M0458,P12,304.94115996371147,Prensa,A,15.225998961464015,Preventivo,Correctiva,0.6442147611002053,30.728569557807226,4.5979990542604385,4.0935835408623555,3077.926997080311
M0459,P07,165.45774403383345,Torno,B,11.116259643189219,Correctivo,Correctiva,0.6828451303512209,35.26858751727957,1.5627247107720306,1.6787022042710225,1574.8908472270025
M0460,P05,430.02429447610774,Torno,B,5.6038833620298165,Correctivo,Correctiva,0.8383243188469758,49.93740593595651,1.5607686117340458,0.8426480215395497,372.9286831380671
M0461,P06,78.74247201747202,Prensa,A,13.134692170222245,Correctivo,Correctiva,0.36253175684273176,36.53421367885229,0.9163681974003295,1.2189110917328478,1647.249359833248
M0462,P10,467.2473832306609,Torno,C,3.6620234993460437,Correctivo,Correctiva,0.9588640421055803,45.62580592158281,1.4307071721892461,1.9700007977377068,665.0985429401165
M0464,P08,599.6499112663719,Fresadora,A,4.675886643786304,Correctivo,Correctiva,0.5449058810992075,36.59917297730577,0.9649849440005929,2.4085881554882183,864.06916088702
M0465,P11,496.2707636154033,Fresadora,C,2.6413129541511635,Correctivo,Correctiva,0.5216028326108196,35.335010038466116,1.2826766889829206,2.1171217610887685,1022.1087491013005
M0466,P09,486.3839528433498,Prensa,C,5.805682104574595,Preventivo,Correctiva,0.7714849159214335,40.72443450403652,1.6836532023018678,2.1266321728763153,1533.0289135936916
M0467,P05,82.22662045228113,Prensa,A,7.58733327085326,Preventivo,Correctiva,0.9274257779450502,48.44645442535714,1.858645803577176,3.7525230317017773,1577.8928593553903
M0468,P04,23.25894777262064,Prensa,B,14.78142736531527,Preventivo,Correctiva,0.40641829944687297,35.554055812372575,1.6451512079728767,2.26495834713036,2140.5229740328955
M0469,P05,118.41982392288068,Prensa,B,3.555708707851361,Preventivo,Correctiva,0.6053682265648994,46.21528904302638,0.748039275694011,1.265857194969348,798.776435150317
M0470,P01,133.85223573174065,Prensa,A,15.015699918817745,Preventivo,Correctiva,0.8513659412299243,43.304527556561695,2.886324868944195,6.220632116589112,6707.980780436596
M0471,P05,104.25295142774834,Torno,A,19.120365797585045,Correctivo,Correctiva,0.8561621815071614,47.453608330650695,3.4174186737093257,2.758003828993811,1809.6349722469897
M0472,P11,506.5426886266626,Fresadora,C,6.896988998643116,Correctivo,Correctiva,0.7209232866256792,42.71526156114549,2.60668724768804,1.6943306720012947,1121.9347364880757
M0473,P12,443.8214284830873,Torno,B,4.601728230110333,Correctivo,Correctiva,0.8055630535132471,36.69638782178378,2.6491564154024587,4.266874749487992,459.92636881714975
M0474,P07,180,Fresadora,C,4.944597236718746,Preventivo,Preventiva,0.5867453042545547,26.21735691802199,0.6816228809082261,0.9382353992495001,266.1065907427121
M0475,P05,180,Torno,A,8.710599335517319,Preventivo,Preventiva,0.5125744442561828,44.21487836550898,1.5737542682639452,1.5386804820622921,523.4886186661448
M0476,P09,180,Torno,A,3.119110093389434,Preventivo,Preventiva,0.9022842476937379,40.91173889367644,2.451306851471597,1.200294441100123,365.2790175575335
M0477,P08,180,Prensa,C,7.082216981108155,Preventivo,Preventiva,0.45276412185403003,36.82173196998939,1.2843381696170735,1.0178309062125606,409.4841299837953
M0478,P04,129.7479927827441,Prensa,B,10.64206634595152,Preventivo,Correctiva,0.6163443167393157,40.607048310252175,2.440977658527428,2.4264791407962143,3463.646749292961
M0479,P12,92.96359839298997,Prensa,C,5.3567159700110425,Preventivo,Correctiva,0.6087987772548862,32.16208281617188,0.796735550994384,1.0861166356752396,606.4323638776802
M0480,P07,269.9722447109049,Fresadora,C,4.795021352276497,Preventivo,Correctiva,0.8203798169601384,28.94194827705528,2.5083200396900156,4.31600397411942,1319.5762155797145
M0481,P03,180,Prensa,A,6.099194590357716,Preventivo,Preventiva,1,44.529619266015665,1.245543898170839,1.355460703071972,683.9158056807399
M0482,P09,27.261702282378167,Torno,A,19.520425906477943,Correctivo,Correctiva,0.9527633640908646,45.91373183467369,3.9156481646721035,5.386695391388627,2809.996950232024
M0483,P02,48.79333900093614,Prensa,C,16.643126162389272,Preventivo,Correctiva,1,46.791038986378666,6.216854184512287,5.577523739791849,2064.576060302126
M0484,P11,714.0197068342208,Fresadora,B,4.739625535481604,Correctivo,Correctiva,0.27224650812712253,33.96726858775915,0.7898900566425393,2.077907811971888,886.5241938984836
M0485,P05,621.2083789549856,Torno,A,3.7436258867212624,Correctivo,Correctiva,0.570022605402895,41.27425874504344,0.7334874096591749,2.852911516818777,905.2270843726872
M0486,P09,130.65135857644455,Torno,B,4.725813461108148,Correctivo,Correctiva,0.7856623944991775,44.54145907559645,1.5771946937860446,2.8741001901514696,673.620608280542
M0487,P04,97.64001946080529,Fresadora,A,13.013708527879519,Correctivo,Correctiva,0.7504337684540664,44.62570641300173,1.8335584661482538,3.588328393648722,2215.9140978293626
M0488,P11,180,Torno,A,18.55082086559311,Preventivo,Preventiva,0.8727476841243629,42.01979458727014,3.6946027087365874,2.2534188481380175,1319.5581602829525
M0489,P03,132.65877729305123,Prensa,B,12.568109129380588,Correctivo,Correctiva,0.8306551454699851,43.323028146868715,2.9072984350511786,4.092508951822268,2476.7226114659843
M0490,P07,323.079742321495,Prensa,C,4.116094908260328,Correctivo,Correctiva,0.2026138177356236,20.684524530671133,0.5575433637499638,0.8909162086666345,1597.50113626238
M0492,P04,360,Fresadora,C,6.515843550923839,Preventivo,Preventiva,0.7245663420936616,43.15777138131076,1.077334685755073,0.769254222550314,426.7798651883939
M0493,P01,180,Fresadora,B,6.374461218591156,Preventivo,Preventiva,0.6588875572824321,30.29619606003723,1.5860627485247203,1.0161812510091783,639.5807988270793
M0494,P02,71.05625109068063,Torno,C,5.042194457749324,Preventivo,Correctiva,0.9753978543538485,44.331169033036765,1.6048504832070893,3.065093040142825,1343.7112063147017
M0495,P10,180,Torno,A,5.138164322615146,Preventivo,Preventiva,0.4508829195524934,33.569122785370354,1.1896648195002941,0.6533694340601509,858.705930004796
M0496,P12,511.7222976419144,Prensa,A,4.103439678237036,Preventivo,Correctiva,0.3906745628000576,29.861467468299374,0.88811939464436,1.0951812377477692,1612.9231450161747
M0497,P05,180,Fresadora,A,3.2694930662170196,Preventivo,Preventiva,0.6331713524155183,39.905116116123104,0.9472080222033767,0.8163671724495072,282.53358380264666
M0498,P04,143.96807735237792,Prensa,A,3.50394058046358,Preventivo,Correctiva,0.806583868298633,44.55298210144535,1.3504638968066767,2.5677434297524844,1689.3636607557592
M0499,P05,180,Prensa,C,5.918524892002864,Preventivo,Preventiva,0.3652545184695293,35.45317144213803,0.638552862549908,0.9952924888674826,463.6927614210549
M0500,P04,226.9680577945116,Prensa,C,20,Preventivo,Correctiva,0.6855051486809443,45.04946127638424,1.8057513978859279,2.5725454282790188,2469.3990705857495
M0501,P01,360,Fresadora,C,2.966334244115446,Preventivo,Preventiva,0.7889577809233878,33.27339629263984,1.5095578624985748,1.3022131428835717,612.9328922496883
M0502,P04,145.5888344170622,Torno,C,20,Preventivo,Correctiva,0.7900630658856601,41.74341659648308,5.160098263240142,6.676787293832047,3640.2457732002636
M0503,P07,101.94115832094617,Prensa,C,3.842287313970149,Preventivo,Correctiva,0.6635569260077059,30.82744348117183,1.2602793892260695,3.4605649730894297,1411.2488937818641
M0504,P11,341.1827617578128,Fresadora,C,6.680265669638735,Correctivo,Correctiva,0.5199169039889758,36.5120525323379,0.9790808729535184,1.5905401072631984,727.6793913767543
M0505,P07,23.43269641361735,Prensa,C,3.6183781949953735,Correctivo,Correctiva,0.7143495062933478,29.288121507040046,0.84588032949621,1.5759093600099359,746.3750287801133
M0506,P02,120.80792612935672,Torno,A,13.635013047356985,Preventivo,Correctiva,0.6930625951001284,40.11049854650466,2.525099573892763,3.3971435196016264,1600.5640522259494
M0507,P08,105.51142283256752,Torno,C,12.361885413489505,Preventivo,Correctiva,0.7168319878075182,45.59141440978488,1.7015119608179605,3.2769688397209213,2618.0934648842676
M0508,P05,292.058438499271,Torno,A,4.524464966506646,Correctivo,Correctiva,0.5923324329315129,41.04149509434208,1.4036933473227169,1.3305202568019312,763.1423756251085
M0509,P10,69.41878995400505,Fresadora,A,3.251104893091531,Preventivo,Correctiva,0.6602938595720691,41.475889125527814,0.6960474039365746,1.1252501875747654,318.52437766252984
M0510,P09,505.87783467465613,Fresadora,A,6.0576868247740325,Correctivo,Correctiva,0.5848760441631233,36.52333874088839,1.7889851230360136,1.9504348687252338,772.6691690594806
M0511,P11,462.4069475677053,Torno,A,10.892533063040618,Correctivo,Correctiva,0.7144503143872358,42.49614805082025,2.3950044287643952,4.691829149484283,1280.9761118830975
M0512,P09,197.48982881069185,Fresadora,A,7.711903754723967,Correctivo,Correctiva,0.9445080410366672,40.409629002477914,2.716216200836437,4.702458864260184,2904.365044400016
M0513,P07,64.44421168663068,Fresadora,B,12.06032290455755,Correctivo,Correctiva,0.7105250095322363,36.20489922025365,3.3425602461787207,4.33605375238227,2911.2136180767834
M0514,P01,174.77222392386952,Fresadora,A,5.785548913842273,Preventivo,Correctiva,0.6482303717081369,33.480832453490244,0.8055274019427211,0.5835628899683232,454.3809358015752
M0515,P03,180,Torno,C,7.266747524846978,Preventivo,Preventiva,0.5875116720703197,35.61838365097504,1.2875013397262547,0.972228638872463,506.6440524142471
M0516,P09,336.59621955426985,Prensa,B,9.549923096366546,Preventivo,Correctiva,0.8557884324018592,37.35196339538954,1.764666643297485,2.3132152870240277,1779.969843005784
M0517,P07,493.01038914403324,Torno,B,4.869254742925675,Correctivo,Correctiva,0.9886310534213685,40.26537266843645,1.9083657783840697,1.6199737767758102,1300.274796059838
M0518,P09,3.8539664485582192,Prensa,A,20,Preventivo,Correctiva,0.7834924973076854,42.82045695106717,4.316224134437377,7.335723018356572,11441.264652002199
M0519,P01,75.676316255408,Prensa,A,10.783233953116214,Preventivo,Correctiva,0.9143173931171248,42.991339363438414,2.4038029402414924,3.416832661587074,5083.464354654596
M0520,P05,180,Prensa,C,4.462577711046044,Preventivo,Preventiva,0.5868086116334116,40.89348623374167,1.3371893423522123,1.0329625950470618,532.2202347972415
M0521,P01,103.5627941711217,Prensa,B,4.5274790910948814,Preventivo,Correctiva,0.6221131237740338,31.58716854713879,0.6341981409448058,1.7617358953945326,1209.8797183609524
M0522,P04,414.17983850463236,Torno,B,6.7691307457464625,Correctivo,Correctiva,0.7055707129224846,35.674458734369985,1.5646124939849808,2.7228240033372075,1915.9815994950873
M0523,P12,12.037740339648305,Fresadora,B,16.68759844573889,Correctivo,Correctiva,0.8820753506384239,38.657097252048374,1.995033527659397,1.4038707273665914,916.9690424402618
M0524,P10,117.44287864457235,Fresadora,C,7.139247300368546,Preventivo,Correctiva,0.8322003514568656,43.28974250707566,3.3335912491136965,5.249574796243343,2010.822293508673
M0525,P11,170.9102206591328,Torno,A,6.007124561035672,Correctivo,Correctiva,0.9729803276147092,45.117923106497464,2.55341378876397,2.6067597598040626,974.1550090969384
M0526,P07,144.94315953849855,Fresadora,A,4.407936318912449,Preventivo,Correctiva,0.5663995325660574,31.86323789091883,1.1605341198974766,2.3777536941626227,1310.026473344468
M0527,P03,550.5942449849506,Prensa,B,2.969278137666802,Correctivo,Correctiva,0.5104770626802057,29.39467840182485,1.716786119346563,2.573105742224726,573.3477649359294
M0528,P11,330.33544132407843,Prensa,B,3.866762204157431,Correctivo,Correctiva,0.7514773284804019,37.94558825463613,1.001858587625851,2.3267429289121737,1236.9941886953068
M0529,P08,496.9992635916501,Torno,B,4.51228405131917,Preventivo,Correctiva,0.846266646718976,47.55910128731913,1.147556566309783,0.9267869213305989,635.8453384523599
M0530,P11,584.6914493340624,Prensa,A,5.844263608619974,Correctivo,Correctiva,0.5627041574468796,33.30654687336395,0.9438214573214386,2.6833990954139915,896.0333616138903
M0531,P01,399.93083651934035,Prensa,A,8.433830122593923,Correctivo,Correctiva,0.7170772645968436,39.97058846423844,2.5678209923855166,3.2256849382786417,2413.7563520638732
M0532,P10,404.107691175381,Fresadora,B,8.953336912219097,Correctivo,Correctiva,0.7384097427828874,38.71437640190301,3.714020102533192,3.312373631392513,917.7178970949226
M0533,P05,180,Prensa,C,9.667625473915253,Preventivo,Preventiva,0.3548096384515702,38.778016369679335,1.0194843002306002,1.2366144686672973,562.6023190393589
M0534,P06,172.07400569425323,Fresadora,A,8.678938734833912,Correctivo,Correctiva,0.9412908974459746,47.963450759509186,1.8258703487720016,1.6445256895595586,1588.5185444606177
M0535,P03,360,Prensa,C,5.544660439879075,Preventivo,Preventiva,0.5995846348533812,33.264747776771074,1.8626032817070628,1.9937599436426172,1652.686536379865
M0536,P12,96.49607720526302,Prensa,A,9.2097188343999,Preventivo,Correctiva,0.7813418771516354,36.88179789674679,6.0913444477308545,8.311860750497154,2008.670488835729
M0537,P10,180,Torno,A,5.678572022652243,Preventivo,Preventiva,1,43.7137719817107,1.8000151858032907,1.0350590578957852,646.1404653100135
M0538,P12,247.08803348029778,Prensa,A,7.754427312388997,Correctivo,Correctiva,0.8226426876783187,30.204814184066873,2.3676124486844694,2.7632067563345055,2170.2767528705226
M0539,P05,473.05885316779506,Fresadora,A,4.466243117539207,Correctivo,Correctiva,0.39051721661674677,37.12251752237077,2.158540419936853,2.769979922610831,1371.9985708282545
M0540,P08,13.980357231537457,Torno,C,17.91390279550629,Preventivo,Correctiva,0.725254601092108,42.54812633757865,5.623599885279954,6.394531778375558,4549.782077401043
M0541,P04,198.62431097377254,Torno,C,13.588771647998097,Correctivo,Correctiva,0.6440199573758235,40.914042360634966,1.7650525276579894,1.6237797127469271,1000.8495497874975
M0542,P05,145.94903269669004,Prensa,A,10.419064513135213,Preventivo,Correctiva,0.7426465047334081,51.02564208117111,2.2205503853164155,4.900165175850186,1840.8272091818715
M0543,P10,580.6979389877273,Fresadora,A,7.067974496541729,Correctivo,Correctiva,0.7664325556152065,39.19722297618647,0.7776812891665819,2.674025644121962,1530.2294622156696
M0544,P11,180,Torno,B,5.22587821676744,Preventivo,Preventiva,0.886375356138495,41.83673902525908,3.6863590611307777,2.7218084985396436,1111.6635034714134
M0545,P10,412.6478191869596,Prensa,B,12.01710262489634,Preventivo,Correctiva,0.46707957915538745,36.58228584888159,1.5860472629621765,2.4139138447103825,4083.2912096214354
M0546,P05,360,Fresadora,B,5.835396716421347,Preventivo,Preventiva,0.37777163636343003,37.11625294038339,0.8132460108955363,0.31827592614510847,302.5041383838999
M0547,P07,609.9679030059599,Torno,B,2.3922946463785904,Correctivo,Correctiva,0.5312803191724209,25.269471841708004,1.145639056237769,2.3250972406667216,543.9951007221713
M0548,P06,296.51763591669555,Torno,C,10.38220177253122,Correctivo,Correctiva,0.5763833231385196,37.72967262046664,2.4995298585822123,4.497934842106322,2591.6803243759796
M0549,P05,180,Fresadora,B,7.629420814393839,Preventivo,Preventiva,0.3566734760902157,34.76578249056618,0.8357586686715917,0.40538977288186095,224.4150825399907
M0550,P02,180,Prensa,B,9.962255986336919,Preventivo,Preventiva,0.9185271323809411,44.10369584701994,2.764876587825292,1.2214925136297488,1183.7123385299003
M0551,P08,108.03364204734827,Fresadora,B,1.686302566620113,Correctivo,Correctiva,0.9927807095000635,44.19281545911706,2.431416034725621,7.626531226528166,2357.0370178715893
M0552,P09,52.54437940835727,Fresadora,A,10.063124484555361,Correctivo,Correctiva,0.842339278656359,44.71647351153428,2.184031178309219,2.3941205498569422,1807.3415011231552
M0553,P11,39.967110643806436,Fresadora,B,20,Correctivo,Correctiva,0.8695038262292593,48.936471923564376,4.4127956752434105,2.953266046073153,3092.952113560175
M0554,P09,449.4138209157697,Prensa,B,5.149935352961454,Correctivo,Correctiva,0.8284743076752696,43.541832240465524,2.4782901007984304,3.7318188727849657,1943.184285675771
M0555,P11,277.17653965608065,Torno,C,3.4951981909976193,Correctivo,Correctiva,0.5858776384062352,34.700788383976324,1.2589350623018296,2.1122027708288797,599.9902857409106
M0556,P08,23.06542265993209,Prensa,B,4.414236272522341,Preventivo,Correctiva,0.7550725496176036,40.41722987185469,1.4750978145020477,3.5415124635727517,1642.2480196248407
M0557,P06,180,Torno,B,7.119269171939356,Preventivo,Preventiva,0.6349703373509339,41.72953803897557,1.5274419354187405,1.42710888012044,795.2091874384208
M0558,P12,298.68720198714584,Prensa,B,5.511056784734576,Preventivo,Correctiva,0.6128116272220678,27.886841470139345,1.9206439254743883,1.8671038460197882,2003.778579254086
M0559,P07,520.0887950175684,Fresadora,A,6.265148315056074,Correctivo,Correctiva,0.7742695958028957,32.02305160386473,3.7052967280596123,2.8273004729996876,1360.1075795243285
M0560,P02,76.7314490387714,Prensa,A,1.738048077933293,Preventivo,Correctiva,0.9422018090812175,44.39405706956327,1.6010394704797533,3.092758030691038,2062.270046058893
M0561,P02,113.44044374749642,Prensa,C,5.762338082057429,Preventivo,Correctiva,0.8463393655010938,41.09180207898771,1.5130663891461293,1.7643080089374625,918.9399919322573
M0562,P08,311.80576292397734,Fresadora,A,9.744786629641094,Correctivo,Correctiva,0.41629193184235086,32.0702163737339,1.4813035762477986,0.8594609343189128,831.4367765496486
M0563,P02,144.50724429896405,Torno,C,16.199321429272374,Preventivo,Correctiva,0.5026561522160099,40.57965014212251,1.2865654937592772,2.1393892918019786,3460.7499584214925
M0564,P03,180,Torno,B,7.256324413573507,Preventivo,Preventiva,0.6366590868321843,35.95654766876507,2.1832968439189013,1.136000571505157,675.404633096248
M0565,P02,180,Fresadora,A,6.83724391667389,Preventivo,Preventiva,0.7645652890513651,39.58345295249971,1.8376099840625686,1.8746822119476112,621.9402518802832
M0566,P08,496.0418707409552,Prensa,A,3.393964953367586,Correctivo,Correctiva,0.5943525855233612,43.16035745684303,0.6470986379875877,2.208762828060718,775.3225001386945
M0567,P03,67.50371837449119,Prensa,C,6.2047739596251885,Correctivo,Correctiva,0.7039548996185807,36.04963552270275,1.0765072897133219,1.1172373006231577,523.9431734998805
M0568,P03,360,Prensa,C,4.060807243490339,Preventivo,Preventiva,0.7485514409269605,31.717736826840984,1.7034917691097333,1.7203424459291923,1038.650134924226
M0569,P09,175.49635645012168,Torno,B,7.849749474064033,Correctivo,Correctiva,0.5716274765842998,42.494969539982264,1.9191898277087556,1.5392478067668143,1616.419524500302
M0570,P11,180,Prensa,A,3.0348453627633964,Preventivo,Preventiva,0.8158026816088331,41.74582657495571,1.6275770324000478,1.7563890322709095,1170.0111201139089
M0571,P08,182.1093924283015,Prensa,C,8.93549052251524,Preventivo,Correctiva,0.7350226883202295,41.563746194511175,2.027532938149367,2.9688029686390247,978.4118226166255
M0572,P05,458.7902951979107,Fresadora,A,5.266386849670017,Correctivo,Correctiva,0.6354692668532244,47.63029394370519,1.0054802444659847,1.7056874554987662,1093.1689032580257
M0573,P06,660.3390437863828,Fresadora,A,3.217938878903793,Correctivo,Correctiva,0.7178916645596738,41.074549380683194,1.8307709788191524,1.5837275371056667,1008.3307948014449
M0574,P12,148.56873560095724,Prensa,C,7.32105489479261,Correctivo,Correctiva,0.6135290962117933,32.580947780380924,0.7032546280231339,0.758454138517654,476.03448403822586
M0575,P12,32.73924393243711,Fresadora,C,20,Preventivo,Correctiva,0.7113483602612269,40.35798685507437,4.145107786962525,3.4881991626412,2450.651772832043
M0576,P12,234.088764423594,Prensa,A,7.398512592469043,Preventivo,Correctiva,0.5148330416925408,27.242676822192646,2.358471897424641,2.4631841780396058,1696.908186586356
M0577,P11,132.67380418661648,Fresadora,A,8.782523453707077,Correctivo,Correctiva,0.8748997905206655,43.89707959379797,1.685821079397913,2.945759976797567,1314.4178989467678
M0578,P06,180,Torno,A,3.8887513538111045,Preventivo,Preventiva,0.8232159663430033,44.22240688174653,3.635200612109858,3.2363574600333607,1051.3290663773803
M0579,P06,305.1360757097478,Prensa,C,3.802427711462926,Correctivo,Correctiva,0.5488927840734442,35.140577653636505,1.4769827107189004,2.2596077429067503,1948.6238416527424
M0580,P05,282.35840848837444,Prensa,C,8.287411809468407,Correctivo,Correctiva,0.7811388803553756,44.156286545782095,1.1795023943564609,1.9849136110466294,1202.3952123954375
M0581,P09,180,Prensa,C,11.28849335962297,Preventivo,Preventiva,0.609183768729191,42.47385475508088,1.4143304426946393,1.1977840009573544,1059.6544822126154
M0582,P04,495.0169694171672,Torno,B,6.623748803918343,Correctivo,Correctiva,0.8588687007855622,42.90670537977606,2.0013830140244773,3.4193825995367098,1816.4324797945603
M0583,P01,418.29511507786015,Prensa,B,4.2301928342701025,Correctivo,Correctiva,0.7497228839957409,35.67019371471316,2.1205322324837734,3.1739713838398496,2361.3834999175187
M0584,P06,231.6727886335182,Fresadora,A,5.643638923080827,Correctivo,Correctiva,0.7283528156367868,38.4289500895274,1.4491631373456697,2.6746257049211613,2016.5411023209492
M0585,P07,180,Torno,B,7.633127692750709,Preventivo,Preventiva,0.770879554829206,35.369703750156866,2.0453723886894597,0.7707707895729415,364.4345663070243
M0586,P09,162.45855663753358,Fresadora,A,7.103835263043698,Correctivo,Correctiva,0.6528410527389668,33.861511602284544,0.7791016859772865,1.4672602239981167,652.9717823715016
M0588,P02,225.1062666642929,Torno,A,2.6905785702186695,Correctivo,Correctiva,0.645067467219059,37.18105086333482,1.990272935981818,4.385883511055098,722.6716178410535
M0589,P12,121.01663358928015,Torno,B,6.640020796395308,Correctivo,Correctiva,0.8901367697234903,42.55647755565018,2.9186631911074556,4.302698431390229,4454.462918530362
M0590,P12,29.70694804482225,Fresadora,A,4.573279589340939,Correctivo,Correctiva,0.9975499185150206,36.66489532017018,1.5514243770817449,1.7004412318795323,856.4849433257577
M0591,P03,89.29207345118608,Prensa,A,19.714824983773035,Preventivo,Correctiva,0.5475316219757804,36.44087383614516,4.257395877918768,6.496756979629701,3303.727155114903
M0592,P11,401.62132745032096,Prensa,B,6.607359336918333,Correctivo,Correctiva,0.6753597954035107,39.86500406084664,1.5043063192834218,2.1328170496603858,1234.1656005469417
M0593,P05,4.633545508240345,Torno,C,10.954004947085698,Preventivo,Correctiva,0.7208915362710665,48.09167624380586,1.7077975368711789,1.8420822338057417,1220.3875199370484
M0594,P02,180,Prensa,A,6.54318401431292,Preventivo,Preventiva,0.7186193192138073,39.618827593498125,2.3607884740580944,3.0387727352185405,1599.245806998514
M0595,P01,180,Torno,C,9.898404080779718,Preventivo,Preventiva,0.5123467884394117,34.634626463803336,1.9568036202957915,1.2318606058058246,984.0703864507534
M0596,P02,295.2995640927385,Prensa,B,2.937511696355699,Correctivo,Correctiva,0.6894179887220633,31.99562220563846,1.102292593032012,1.5920054867584452,1120.3164586152302
M0597,P10,417.8857348712437,Fresadora,C,10.782564415015695,Correctivo,Correctiva,0.586344733299622,39.89504873570631,2.733453325748241,3.141457874562649,1701.4573207870596
M0598,P06,152.82123355179365,Fresadora,C,11.150301805057614,Correctivo,Correctiva,0.5218689113087359,42.25012002555462,2.5353538128189417,2.6057826805312088,1382.7744453424552
M0599,P05,181.18768408518397,Prensa,A,7.166325704595804,Correctivo,Correctiva,0.6973275613535636,47.58929521510921,2.2801815947497,1.3027484098053648,1826.2599520597935
M0600,P06,102.42328869751763,Torno,A,9.11710157478347,Correctivo,Correctiva,0.8618156922519061,49.28073406579627,2.6907144654211286,2.4484188778129843,2521.163998384531
