"id_poliza","k","t_k","coste_k","anio"
8,1,0.6869,1009.45,1
13,1,6.1751,2852.54,7
15,1,1.5501,894.95,2
22,1,1.5537,1900.32,2
22,2,4.3788,362.39,5
29,1,7.1163,2910.31,8
31,1,3.2415,727.41,4
34,1,3.0002,4843.63,4
43,1,2.6448,1461.37,3
43,2,3.3914,9206.68,4
43,3,5.7616,3481.25,6
43,4,7.2308,2014.44,8
44,1,0.1976,3187.93,1
44,2,4.3418,3133.77,5
46,1,1.882,3087.49,2
46,2,3.0567,5086.32,4
46,3,5.399,2374.93,6
46,4,6.5688,2878.97,7
48,1,1.9816,3382.16,2
51,1,1.5783,1078.34,2
56,1,4.5397,3515.17,5
57,1,2.6516,6615.13,3
60,1,0.2307,1252.4,1
63,1,2.2436,2065.52,3
63,2,7.9679,1962.25,8
64,1,3.4313,1998.18,4
65,1,0.4473,1293.38,1
73,1,0.6086,4236.61,1
73,2,4.6616,2748.63,5
75,1,2.4775,3158.8,3
75,2,4.1308,2983.35,5
78,1,2.5358,853.98,3
78,2,3.1922,1417.52,4
78,3,3.8286,3267.99,4
78,4,5.6408,1999.35,6
80,1,1.836,1480.88,2
85,1,1.4495,1162.93,2
88,1,0.6933,338.51,1
90,1,6.2042,3307.46,7
93,1,3.7182,466.36,4
93,2,6.7377,3650.72,7
93,3,6.8719,3114.47,7
99,1,1.1316,1468.81,2
99,2,2.8189,1294.43,3
99,3,4.2531,844.73,5
99,4,4.7009,2091.89,5
99,5,6.4069,682.45,7
99,6,6.8999,2063.27,7
99,7,7.055,562.34,8
99,8,7.2459,250.52,8
104,1,4.3945,726.46,5
105,1,0.5102,1997.07,1
107,1,0.9645,2324.72,1
115,1,2.2439,829.36,3
115,2,2.5936,578.81,3
115,3,2.6765,1243.94,3
115,4,3.284,2322.26,4
115,5,3.337,1012.43,4
115,6,3.4909,2544.08,4
118,1,3.3192,2192.48,4
120,1,1.2389,2421.65,2
120,2,4.2234,498.1,5
121,1,5.363,1400.52,6
124,1,1.3468,2522.12,2
124,2,5.9871,5566.56,6
128,1,2.7975,5100.3,3
128,2,6.4733,5479.96,7
130,1,0.6736,1731.42,1
130,2,3.9856,1560.71,4
130,3,4.0515,1679.66,5
130,4,4.3896,1341.28,5
131,1,0.4866,2199.32,1
131,2,3.3801,1510.61,4
131,3,4.3817,2810.65,5
131,4,6.4051,1220.93,7
131,5,7.0011,2040.25,8
134,1,1.0481,141.89,2
138,1,2.7364,3837.95,3
138,2,4.7583,625.55,5
138,3,5.5917,1579.27,6
143,1,7.7843,1779.27,8
148,1,1.563,1218.34,2
148,2,6.2263,581.96,7
149,1,1.5781,682.51,2
149,2,4.1745,1057.68,5
150,1,2.5452,981.14,3
151,1,3.2732,275.21,4
151,2,3.3328,462.82,4
151,3,3.8069,960.96,4
151,4,4.7898,3204.38,5
151,5,5.1978,1341.1,6
151,6,5.57,1308.05,6
151,7,5.7593,1661.26,6
151,8,5.8828,1043.03,6
153,1,2.2213,5157.94,3
153,2,2.8536,6020.47,3
153,3,2.9254,629.22,3
156,1,1.6441,2503.67,2
157,1,2.2413,3201.37,3
158,1,2.074,610.71,3
158,2,2.1085,2602.74,3
158,3,3.4235,2508.29,4
158,4,3.7939,4297.18,4
158,5,4.5825,768.82,5
158,6,5.2812,6014.31,6
158,7,6.3093,7270.07,7
158,8,6.404,2764.23,7
158,9,6.5763,5519.05,7
159,1,0.6961,2519.43,1
161,1,1.5407,888.46,2
164,1,2.4562,1967.51,3
164,2,5.9832,1238.55,6
164,3,6.2899,1590.55,7
164,4,6.8558,1853.53,7
164,5,7.6464,3821.1,8
169,1,0.2784,4411.47,1
169,2,2.3316,1239.63,3
169,3,4.2906,1297.81,5
171,1,2.2119,2060.64,3
172,1,4.88,355.22,5
173,1,0.119,36.07,1
177,1,0.6754,1259.27,1
187,1,3.5727,3175.5,4
187,2,3.7533,2625.37,4
187,3,4.8046,917.16,5
191,1,0.0753,3011.24,1
194,1,3.4913,3389.7,4
195,1,1.6177,3446.35,2
196,1,4.9614,5182.52,5
202,1,2.2015,508.27,3
202,2,3.4718,2528.6,4
202,3,5.2983,2130.68,6
202,4,8.2763,1386.62,9
203,1,6.6334,1785.42,7
203,2,7.8373,3079.34,8
208,1,4.3791,588.13,5
212,1,4.7167,1925.04,5
212,2,6.4245,3868.41,7
215,1,0.1889,3536.28,1
216,1,1.0231,2499.35,2
218,1,0.3433,3627.13,1
219,1,1.7357,1236.41,2
220,1,0.4846,1340.01,1
236,1,1.0468,2877.49,2
238,1,5.3815,3281.26,6
240,1,3.812,959.54,4
241,1,1.8629,4370.33,2
241,2,4.3043,1748.18,5
244,1,0.7182,1343.04,1
245,1,1.9351,4531.81,2
245,2,6.5225,5971.17,7
245,3,7.6068,2497.62,8
245,4,8.7484,3530.3,9
245,5,9.3051,1364.19,10
246,1,3.7845,1199.74,4
249,1,5.0744,2222.63,6
249,2,5.3487,2065.54,6
249,3,5.3811,2788.23,6
251,1,1.2976,3323.74,2
252,1,1.5621,1687.79,2
253,1,1.8027,3404.36,2
253,2,2.0971,1556.81,3
253,3,2.7892,363.89,3
253,4,3.0186,7979.72,4
253,5,3.49,1328.69,4
253,6,3.5951,2585.56,4
253,7,3.9052,2566.36,4
253,8,4.1404,2260.55,5
253,9,4.2814,1232.7,5
253,10,4.8186,970.91,5
253,11,5.1801,4358.91,6
253,12,5.2092,180.83,6
253,13,5.5136,3684.95,6
253,14,5.5432,1440.09,6
253,15,6.0544,3253.35,7
253,16,7.8161,155.08,8
253,17,8.155,987.89,9
253,18,8.3576,1425.11,9
253,19,8.8484,4221.42,9
253,20,9.3525,1413.83,10
254,1,1.9726,2473.01,2
255,1,0.1118,6174.94,1
255,2,0.4765,2077.29,1
255,3,2.4696,3670.7,3
255,4,3.2023,2957.83,4
255,5,3.2251,7613.88,4
256,1,5.843,850.71,6
258,1,1.6257,5920.58,2
258,2,2.7751,4723.56,3
266,1,0.9565,314.56,1
269,1,1.943,2330.98,2
276,1,5.5758,999.63,6
282,1,1.5369,2367.44,2
282,2,2.4067,3517.65,3
283,1,0.3933,2189.65,1
289,1,2.4719,2513.04,3
289,2,3.4613,1440.9,4
289,3,3.8728,2314.13,4
289,4,7.07,2249.77,8
293,1,3.4309,4356.42,4
293,2,5.0926,1835.58,6
296,1,0.595,348.34,1
296,2,3.5729,516.37,4
297,1,0.9356,4669.29,1
297,2,3.939,1776.85,4
297,3,4.3482,5239.71,5
300,1,0.0803,3106.35,1
301,1,0.8796,6949.59,1
301,2,8.6563,6973.14,9
302,1,0.5561,4610.43,1
302,2,6.7808,1985.61,7
304,1,4.9454,3297.52,5
306,1,0.7385,495.38,1
308,1,4.8397,3048.65,5
311,1,3.1829,4096.56,4
311,2,6.0817,830.67,7
314,1,4.6464,1349.12,5
314,2,8.0091,1675.87,9
317,1,1.9534,1307.05,2
317,2,3.1608,7198.21,4
318,1,1.9905,1893.78,2
320,1,0.9272,2488.81,1
321,1,5.2541,6592.92,6
323,1,0.9115,1082.07,1
323,2,1.197,838.82,2
323,3,2.3839,1596.9,3
324,1,1.5159,1656.94,2
324,2,3.0615,858.45,4
324,3,3.1521,1317.07,4
324,4,3.5767,393.96,4
324,5,4.7469,1396.99,5
324,6,4.8582,1623.26,5
324,7,7.7322,544.64,8
324,8,7.9718,372.13,8
325,1,1.0201,1887.5,2
326,1,1.1305,1389.94,2
328,1,1.2014,1545.71,2
331,1,0.3847,1073.35,1
333,1,1.9103,2992.7,2
334,1,1.4862,3652.67,2
335,1,2.2961,3707.11,3
335,2,5.4516,2490.71,6
336,1,3.0518,3041.25,4
338,1,2.0376,1603.88,3
339,1,2.6024,3355.35,3
342,1,1.5436,2029.1,2
342,2,2.372,3868.54,3
342,3,3.2619,5561.09,4
345,1,1.4499,499.15,2
347,1,3.9832,4055.61,4
348,1,0.8471,1293.02,1
349,1,1.0679,3031.74,2
351,1,1.2985,1314.44,2
356,1,1.6067,677.23,2
361,1,1.9641,5387.78,2
361,2,2.7259,3256.23,3
362,1,0.4497,1943.45,1
363,1,1.9564,2209.36,2
363,2,5.1089,2642.04,6
364,1,6.0196,10323.4,7
365,1,0.9827,663.6,1
369,1,2.3991,1493.82,3
370,1,1.0667,4108.36,2
371,1,1.7097,956.76,2
371,2,2.4199,3700.35,3
371,3,2.8081,1355.73,3
371,4,4.9887,3241.88,5
373,1,1.4679,334.28,2
374,1,4.594,825.91,5
374,2,5.1578,3015.07,6
377,1,3.3855,4559.28,4
377,2,4.2376,2277.15,5
377,3,4.9237,5696.43,5
377,4,5.0416,3364.8,6
377,5,5.4623,1551.17,6
377,6,7.4055,2486.41,8
378,1,0.6384,3124.22,1
379,1,2.5985,737.14,3
381,1,0.9393,3682.69,1
384,1,0.6157,903.88,1
387,1,5.0737,3059.61,6
387,2,5.5914,2561.94,6
388,1,1.331,810.67,2
388,2,3.1938,644.29,4
388,3,3.5225,767.58,4
388,4,3.7199,3678.29,4
388,5,4.1228,919.11,5
390,1,1.9369,1072.1,2
393,1,0.312,1068.49,1
399,1,2.3672,1311.81,3
400,1,0.2241,2373.45,1
400,2,3.49,9061.51,4
407,1,9.0481,2465.52,10
409,1,3.4869,4010.19,4
414,1,9.2017,1209.28,10
415,1,1.2469,5641.22,2
415,2,1.2973,9266.55,2
415,3,1.3138,5463,2
417,1,1.9493,2059.59,2
418,1,2.8817,1076.29,3
422,1,6.1768,5563.06,7
428,1,1.5956,998.93,2
428,2,2.7323,1069.79,3
428,3,4.8389,426.73,5
428,4,5.6656,4298.99,6
428,5,7.0625,2423.69,8
430,1,2.9233,4188.52,3
432,1,1.0099,699.26,2
432,2,1.104,426.52,2
432,3,1.1633,1044.05,2
432,4,2.9847,2915.47,3
432,5,4.1141,906.08,5
432,6,4.5919,844.3,5
436,1,2.7271,527.63,3
441,1,0.2838,930.9,1
442,1,0.788,7417.31,1
442,2,3.2853,1770.19,4
443,1,2.2259,4093.67,3
443,2,2.3178,10531.05,3
445,1,2.5607,2273.16,3
449,1,1.9542,1175.69,2
449,2,2.2237,2591.3,3
450,1,1.5561,1687.66,2
458,1,1.843,400.84,2
458,2,6.1817,4412.73,7
458,3,6.5275,3720.49,7
459,1,1.6783,1513.25,2
459,2,2.6844,1909.99,3
459,3,4.7702,1735.61,5
459,4,4.8284,785.27,5
459,5,4.8893,1926.02,5
459,6,7.6269,3016,8
459,7,9.0951,3473.28,10
461,1,1.5338,1228.8,2
462,1,0.0329,1119.22,1
464,1,1.3252,3715.07,2
465,1,0.6489,819.7,1
465,2,2.3567,3233.25,3
467,1,4.3819,1341.61,5
467,2,4.4887,516.5,5
467,3,8.6465,4387.42,9
467,4,9.2432,496.72,10
469,1,1.9003,2258.59,2
473,1,1.1648,2342.1,2
475,1,5e-04,2144.57,1
478,1,2.5729,1456.04,3
479,1,1.3764,4281.14,2
485,1,3.9601,2034.14,4
493,1,3.2601,2660.68,4
494,1,2.9638,2507.65,3
494,2,3.7074,2108.95,4
494,3,4.8508,6678.9,5
504,1,1.5393,12983.38,2
504,2,2.8742,18457.54,3
504,3,4.831,6429.41,5
504,4,5.2676,20723.38,6
511,1,0.7476,5265.85,1
511,2,1.3577,1490.15,2
511,3,2.0839,5768.18,3
512,1,1.2041,1188.31,2
512,2,4.3918,725.07,5
513,1,4.3854,7295.79,5
514,1,0.707,2616.28,1
515,1,5.9028,3067.21,6
517,1,3.0013,3826.37,4
529,1,4.6102,1434.22,5
530,1,0.8009,1914.6,1
530,2,2.4876,2139.92,3
530,3,4.3012,7706.23,5
530,4,4.9563,3313.08,5
530,5,5.4047,5584.96,6
531,1,2.5052,4661.72,3
531,2,2.8419,4530.66,3
531,3,3.1895,3867.23,4
531,4,3.2735,4065.24,4
531,5,3.4704,21202.29,4
531,6,4.9121,7138.27,5
531,7,5.1652,3959.43,6
531,8,5.256,1083.98,6
531,9,5.5377,3349.92,6
531,10,6.0614,2929.13,7
531,11,6.3399,4170.52,7
531,12,6.5525,2103.99,7
532,1,0.4233,8543.83,1
532,2,3.0016,3751.27,4
533,1,1.1907,2184.96,2
533,2,4.1648,3208.94,5
533,3,5.1767,1022.35,6
533,4,5.3934,1264.36,6
533,5,6.5038,3018.79,7
534,1,2.6199,3944.19,3
534,2,4.6313,892.18,5
536,1,1.6665,2946.7,2
537,1,1.6047,751.95,2
543,1,1.5813,3184.72,2
543,2,3.5868,1632.06,4
545,1,4.1177,1869.75,5
547,1,0.0514,3199.01,1
547,2,0.0936,2430.27,1
548,1,0.9454,1870.75,1
550,1,1.9762,938.41,2
551,1,1.2483,785.51,2
552,1,0.2089,1551.92,1
558,1,1.9646,6357.92,2
561,1,3.3165,1228.94,4
561,2,6.4418,3396.2,7
562,1,9.4119,1285.83,10
568,1,0.2892,812.33,1
568,2,0.5376,8838.37,1
568,3,0.7333,500.62,1
568,4,1.3883,1884.23,2
570,1,3.9249,323.03,4
578,1,1.3491,1383.6,2
580,1,0.7208,456.49,1
585,1,4.7655,1150.18,5
585,2,5.3381,1052.05,6
589,1,1.1641,1985.21,2
589,2,1.3352,1280.41,2
589,3,3.9706,1008.81,4
589,4,4.9682,1311.48,5
589,5,6.0829,1325.06,7
590,1,0.1593,3157.77,1
590,2,0.3421,3035.74,1
590,3,1.5206,1097.51,2
590,4,2.2662,2598.52,3
590,5,2.5762,1000.73,3
591,1,1.3027,2837.61,2
594,1,7.3951,2969.37,8
596,1,2.2545,5051.77,3
596,2,2.6022,4367.82,3
596,3,3.6564,3563.81,4
598,1,2.1169,487.67,3
604,1,0.6615,3478.32,1
604,2,0.7171,2934.53,1
604,3,2.2608,1229.46,3
604,4,2.2668,4598.29,3
604,5,2.2754,2881.4,3
605,1,0.4966,1277.51,1
605,2,1.6741,1816.55,2
605,3,2.0835,4903.44,3
605,4,2.6332,3315.69,3
607,1,1.8664,1502.33,2
607,2,2.2242,1391.62,3
607,3,3.3556,7169.76,4
609,1,1.1991,1392.94,2
609,2,6.4607,2922.09,7
609,3,6.9805,3178.46,7
612,1,1.3215,660.73,2
614,1,3.2525,1234.38,4
614,2,3.9106,818.83,4
615,1,1.735,5466.51,2
615,2,7.243,20495,8
619,1,1.4802,3323.52,2
628,1,2.0128,995.37,3
628,2,2.0159,3862.43,3
633,1,4.8957,7033.05,5
634,1,0.8737,1087.42,1
641,1,7.5751,6070.38,8
644,1,0.6965,1943.37,1
646,1,2.2878,6439.72,3
647,1,0.9893,527.55,1
647,2,1.8439,4041.21,2
647,3,4.0574,2367.21,5
647,4,4.1559,924.29,5
650,1,0.5353,5074.33,1
650,2,2.6849,2443.39,3
652,1,2.5311,2968.72,3
659,1,0.4111,4724.21,1
659,2,0.6614,2125.44,1
659,3,1.654,10668.71,2
659,4,1.9864,890.17,2
659,5,3.6697,1766.24,4
659,6,4.3495,2165.11,5
659,7,5.2351,1418.51,6
659,8,5.9622,1297.43,6
659,9,6.117,673.56,7
663,1,0.4535,589.37,1
664,1,6.6677,1286.16,7
667,1,0.153,3092.32,1
668,1,1.9188,1924.15,2
668,2,2.0935,1967.85,3
668,3,2.5891,1123.79,3
671,1,1.989,3214.02,2
671,2,5.9961,2676.56,6
671,3,6.827,1839.37,7
671,4,8.4732,2821.04,9
672,1,2.0327,384.37,3
673,1,3.7965,2230.78,4
673,2,5.6079,2230.15,6
674,1,0.531,2030.44,1
674,2,1.7451,598.53,2
674,3,2.2423,1138.93,3
674,4,2.8029,3814.81,3
676,1,3.0736,2206.36,4
684,1,1.304,1858.69,2
686,1,0.9072,113.7,1
689,1,1.0878,3579.28,2
690,1,8.0356,1695.03,9
702,1,1.494,1503.01,2
702,2,5.0654,1327.62,6
707,1,5.3568,2950.9,6
707,2,7.5499,861.27,8
708,1,4.3501,2897.27,5
711,1,1.7663,1141.87,2
716,1,2.3608,1386.13,3
716,2,3.5496,4412.86,4
717,1,6.5767,643.05,7
718,1,1.0896,2238.01,2
723,1,1.8643,945.64,2
723,2,3.9483,9375.8,4
727,1,1.0321,1020.69,2
730,1,3.3893,4422.82,4
733,1,1.9847,2090.74,2
734,1,0.7245,2575.07,1
734,2,1.8284,1523.45,2
734,3,4.6164,938.73,5
734,4,5.4857,3740.04,6
736,1,4.4351,1649.72,5
740,1,3.0713,4809.71,4
740,2,3.8693,2541.7,4
741,1,1.1139,12324.77,2
744,1,1.6647,841.23,2
746,1,0.5696,1641.9,1
746,2,0.8467,2501.46,1
751,1,1.0878,1359.06,2
756,1,1.4447,1275.83,2
758,1,1.6252,3489.5,2
760,1,1.5156,1955.74,2
760,2,2.1516,4010.48,3
760,3,2.5573,5491.58,3
764,1,2.0364,1628.72,3
765,1,4.3957,2556.01,5
766,1,2.9228,8852.13,3
772,1,1.3379,2518.59,2
772,2,3.4784,181.48,4
772,3,4.1091,1622.56,5
775,1,2.9098,5218.17,3
775,2,3.1712,2870.6,4
776,1,3.0206,867.62,4
780,1,3.5674,1269.03,4
787,1,2.0811,1404.75,3
792,1,0.8745,3428.23,1
792,2,3.1686,1664.56,4
793,1,3.1698,1033.72,4
795,1,1.7767,1656.58,2
800,1,5.567,3453.78,6
801,1,2.8636,1518.7,3
805,1,0.7443,8264.62,1
806,1,1.4623,1113.18,2
807,1,0.0685,1119.06,1
811,1,1.3343,1983.02,2
812,1,4.068,1991.96,5
814,1,0.6439,8729.75,1
814,2,1.775,3552.28,2
814,3,2.9177,1924.7,3
814,4,5.1113,6025.69,6
814,5,6.9522,7131.27,7
814,6,7.2859,3168.04,8
819,1,1.8594,2661.64,2
819,2,2.3799,2726.46,3
819,3,6.1014,1598.85,7
819,4,7.9568,3219.48,8
821,1,0.0995,787.26,1
822,1,2.0771,1284.56,3
822,2,2.0977,2673.06,3
822,3,2.2166,3223.47,3
822,4,4.2096,1753.51,5
825,1,3.218,2321.1,4
825,2,3.5537,2061.19,4
825,3,4.4682,978.11,5
825,4,6.4661,1476.61,7
825,5,7.8687,287.11,8
826,1,1.9657,2772.21,2
827,1,1.7783,819.31,2
827,2,2.2931,2213.79,3
831,1,2.0571,8545.79,3
831,2,2.4414,3175.25,3
832,1,1.4293,2013.08,2
832,2,3.3041,4534.73,4
833,1,2.239,2216.67,3
833,2,2.5718,6573.14,3
833,3,2.6514,6067.57,3
833,4,3.3516,3403.77,4
835,1,2.8423,1782.08,3
835,2,3.2489,2764.99,4
835,3,5.3226,4645.14,6
839,1,0.4294,3992.77,1
839,2,2.186,910.59,3
839,3,2.2785,1752.81,3
839,4,3.2277,2535.84,4
839,5,3.9669,4042.26,4
839,6,5.5782,2302.4,6
842,1,2.523,3534.86,3
844,1,2.3445,2356.13,3
847,1,0.4098,240.61,1
847,2,3.1107,2414.03,4
853,1,0.8747,4625.75,1
853,2,1.2966,3795.96,2
853,3,3.8054,6693.64,4
855,1,0.9623,1436.03,1
855,2,6.6161,4768.97,7
856,1,2.9381,664.37,3
857,1,2.204,578.55,3
857,2,5.3741,4392.33,6
865,1,1.7184,3248.23,2
866,1,4.3044,556.72,5
867,1,2.6322,3368.34,3
868,1,0.6741,1565.66,1
868,2,1.756,1660.96,2
869,1,0.9778,5326.6,1
874,1,0.9997,934.91,1
878,1,1.0077,756.49,2
878,2,2.1692,3930.19,3
879,1,1.2662,5090.43,2
881,1,0.4581,762.9,1
881,2,1.5228,3563.56,2
883,1,1.2124,5653.25,2
885,1,0.9311,2036.49,1
890,1,0.7758,1616.57,1
890,2,3.3069,3037.2,4
897,1,1.245,3495.14,2
897,2,1.662,2111.96,2
897,3,1.8936,3064.57,2
897,4,2.0015,4441.25,3
897,5,2.3046,4090.63,3
897,6,2.9831,2642.49,3
897,7,3.0063,1543.3,4
897,8,3.7242,4447.23,4
897,9,5.6625,1695.31,6
897,10,6.1466,3291.66,7
897,11,7.6318,1382.03,8
897,12,7.6546,4171.34,8
897,13,9.127,2098.95,10
898,1,2.0904,1046.67,3
903,1,0.7954,1120.92,1
903,2,1.9079,3560.97,2
903,3,2.7465,3065.9,3
903,4,2.8372,1801.69,3
904,1,1.7778,1248.43,2
905,1,3.4618,1740.98,4
905,2,3.9212,8042.73,4
908,1,0.7357,2565.19,1
908,2,0.9711,2106.28,1
909,1,1.2829,1243.45,2
913,1,0.5289,2193.61,1
914,1,1.8663,787.19,2
915,1,0.75,585.53,1
916,1,0.2619,2319.79,1
916,2,4.9435,7214.58,5
916,3,5.4436,2937.12,6
917,1,1.7976,1526.12,2
919,1,2.1038,4539.44,3
919,2,4.0694,3615.79,5
919,3,5.2274,3936.07,6
920,1,4.4905,3175.07,5
920,2,4.8499,1311.9,5
920,3,5.9357,2750.13,6
921,1,1.6659,167.94,2
925,1,1.2262,10225.36,2
925,2,6.7428,3654.78,7
928,1,0.6323,5193.35,1
928,2,1.2564,1982.56,2
928,3,1.8137,3470.92,2
931,1,0.7992,1946.27,1
931,2,2.7555,2558.52,3
938,1,0.9698,2174.99,1
940,1,1.057,4390.08,2
942,1,2.4928,1262.96,3
943,1,8.0585,3079.4,9
946,1,4.0444,996.32,5
946,2,4.1732,3624.69,5
946,3,5.1373,878.05,6
947,1,0.4691,10617.4,1
957,1,0.7151,1962.5,1
960,1,2.3008,5810.82,3
971,1,1.7681,1642.9,2
973,1,2.1231,531.86,3
973,2,2.5791,2303.54,3
980,1,3.643,4520.53,4
983,1,6.9905,1302.34,7
984,1,4.758,1089.14,5
986,1,4.664,4292.1,5
986,2,6.3094,2134.46,7
990,1,3.51,4747.26,4
995,1,1.9292,1368.87,2
996,1,4.7721,531.98,5
996,2,5.2272,2902.22,6
997,1,4.8651,2381.87,5
997,2,5.7331,2231.07,6
997,3,6.7898,1055.59,7
997,4,6.8138,2835.44,7
1000,1,0.9328,2063.3,1
1000,2,1.2184,3807.54,2
1003,1,1.0831,2258.75,2
1003,2,5.0328,1148.99,6
1003,3,8.0516,177.65,9
1005,1,0.2791,3499.43,1
1006,1,2.0415,1298.86,3
1007,1,2.3212,4339.74,3
1008,1,1.9396,1806.65,2
1010,1,2.8162,523.84,3
1010,2,2.922,2217.63,3
1012,1,2.8831,2699.8,3
1012,2,2.9309,2311.19,3
1012,3,2.9946,1732.58,3
1012,4,6.1023,4392.66,7
1012,5,7.5204,2159.27,8
1016,1,1.1655,2994.19,2
1020,1,3.1349,5589.22,4
1024,1,2.2207,4137.93,3
1024,2,4.2284,2614.78,5
1024,3,5.5613,2743.78,6
1024,4,6.5409,1688.56,7
1024,5,6.8565,6554.47,7
1024,6,7.5639,4563.98,8
1026,1,4.7066,1588.86,5
1030,1,1.347,1396.3,2
1030,2,4.1188,1524.94,5
1032,1,1.0554,2790.84,2
1032,2,5.7205,799.16,6
1038,1,5.3125,332.96,6
1039,1,4.7298,6047.94,5
1039,2,5.6628,1098.59,6
1039,3,6.6047,1834.9,7
1039,4,6.8627,1660.78,7
1042,1,1.3624,5095.5,2
1045,1,0.1891,588.44,1
1047,1,4.5926,3149.22,5
1047,2,5.7102,4032.34,6
1047,3,6.9682,3135.79,7
1048,1,0.9622,5079.47,1
1048,2,1.3104,1233.77,2
1048,3,5.0648,2996.96,6
1052,1,1.053,1245.64,2
1052,2,4.0884,3680.42,5
1053,1,2.3396,4460.93,3
1055,1,6.829,1552.78,7
1058,1,0.7405,7688.82,1
1058,2,4.0534,2070.73,5
1059,1,1.3185,512.6,2
1065,1,1.4154,8535.59,2
1065,2,4.5662,779.95,5
1067,1,0.0338,1976.74,1
1067,2,0.8784,1096.63,1
1067,3,1.0567,2617.08,2
1068,1,2.9849,2698.63,3
1068,2,3.1676,796.76,4
1073,1,9.6124,934.25,10
1074,1,5.1363,1434.91,6
1074,2,7.0447,1293.85,8
1074,3,7.0586,2069.08,8
1078,1,4.3205,4951.19,5
1079,1,1.629,1401.34,2
1080,1,2.2926,2284.7,3
1080,2,8.2832,3703.84,9
1081,1,3.1222,144.5,4
1082,1,0.5053,3094.57,1
1082,2,1.7004,6646.31,2
1088,1,8.6102,1279.02,9
1090,1,0.4069,1332.33,1
1092,1,3.0727,1565.8,4
1092,2,5.4971,1182.94,6
1092,3,6.0588,1008.47,7
1093,1,0.5996,2608.19,1
1093,2,1.2325,447.96,2
1093,3,1.6455,1005.34,2
1094,1,0.3086,2064.37,1
1096,1,0.1977,2149.53,1
1099,1,3.1143,4818.93,4
1104,1,0.7227,1650.48,1
1111,1,5.0663,1642.13,6
1113,1,0.7063,1327.01,1
1115,1,3.1699,1654.15,4
1115,2,5.4473,2754.39,6
1116,1,5.9797,1163.95,6
1117,1,0.9299,1140,1
1120,1,1.62,1716.74,2
1122,1,3.5086,3300.38,4
1122,2,3.5677,4242.77,4
1122,3,3.7083,1837.31,4
1122,4,6.9471,3147.07,7
1124,1,1.9788,833.94,2
1124,2,2.0745,1342.04,3
1125,1,1.6176,6654.18,2
1128,1,1.7283,1157.14,2
1134,1,0.2139,9024.4,1
1134,2,2.0076,1448.78,3
1137,1,1.676,4191,2
1137,2,3.4547,5725.7,4
1145,1,5.3806,2649.78,6
1149,1,1.4864,3941.3,2
1149,2,2.8983,563.73,3
1152,1,0.3223,336.21,1
1153,1,4.1758,695.23,5
1153,2,4.6913,1655.11,5
1155,1,1.4911,2325.02,2
1155,2,5.4138,1539.33,6
1155,3,6.1317,859.73,7
1159,1,3.5635,1928.4,4
1163,1,0.1934,3209.87,1
1167,1,5.6923,2006.86,6
1169,1,2.6165,3168.98,3
1169,2,2.9635,882.07,3
1169,3,6.8106,902.93,7
1173,1,1.2204,2898.98,2
1178,1,1.1959,1364.12,2
1183,1,0.6095,4090.63,1
1187,1,6.0973,3686.73,7
1187,2,7.732,1712.05,8
1187,3,8.9769,1078.52,9
1190,1,2.1275,179.45,3
1190,2,5.7971,3913.15,6
1197,1,5.2045,1336.59,6
1202,1,0.4003,515.88,1
1202,2,1.0274,1602.5,2
1202,3,1.473,7186.26,2
1202,4,1.5047,1559.66,2
1202,5,1.7532,2431.54,2
1202,6,2.145,3690.34,3
1202,7,3.1354,1051.31,4
1202,8,3.3587,4895.73,4
1208,1,4.8259,1430.19,5
1208,2,5.6454,862.24,6
1208,3,5.7442,1714.15,6
1214,1,0.5367,3215.45,1
1225,1,5.2499,9148.8,6
1226,1,0.1715,2305.33,1
1227,1,1.1923,5207.3,2
1227,2,1.6724,1703.32,2
1227,3,2.3406,1311.51,3
1227,4,2.4412,1722.72,3
1231,1,1.2507,353.94,2
1232,1,3.0165,1116.37,4
1232,2,7.5957,4090.07,8
1236,1,4.9231,1373.19,5
1242,1,1.3844,1033.84,2
1243,1,0.6355,3779.1,1
1243,2,1.7456,1610.93,2
1243,3,5.2065,533,6
1243,4,7.2261,687.74,8
1244,1,0.7994,1374.32,1
1244,2,1.5949,957.04,2
1245,1,2.5056,838.53,3
1245,2,4.1186,13726.89,5
1245,3,5.4998,6410.15,6
1249,1,1.0387,1743.14,2
1252,1,1.0343,660.8,2
1253,1,2.8207,6064.8,3
1256,1,1.5419,4891.16,2
1257,1,0.788,7493.48,1
1260,1,2.3897,1944.38,3
1270,1,1.5305,2211.11,2
1271,1,4.4503,1312.69,5
1274,1,3.712,2395.77,4
1277,1,2.8004,4887.6,3
1277,2,3.2032,3661.01,4
1277,3,3.5878,2717.87,4
1278,1,1.3343,3649.05,2
1280,1,3.0387,526.68,4
1280,2,4.2673,2130.69,5
1281,1,2.7335,2528.28,3
1281,2,4.7326,2240.14,5
1284,1,5.6662,3038.56,6
1285,1,0.945,3917.98,1
1285,2,2.8866,1336.23,3
1285,3,4.1535,952.74,5
1285,4,4.4222,4002.74,5
1285,5,4.6721,3240.03,5
1285,6,4.7586,2669.58,5
1287,1,3.051,2296.11,4
1288,1,0.813,4092.07,1
1290,1,0.3556,5325.83,1
1290,2,4.2715,3085.93,5
1290,3,7.7964,3812.68,8
1290,4,9.3534,2527.12,10
1292,1,6.0423,1023.57,7
1293,1,2.4538,8451.29,3
1296,1,1.5045,2188.47,2
1296,2,2.7391,10089.99,3
1297,1,0.8767,5842.19,1
1297,2,1.8812,3493.37,2
1299,1,3.9521,5043.11,4
1302,1,1.4368,947.14,2
1302,2,1.9426,1327.4,2
1306,1,3.4227,1790.27,4
1312,1,0.0966,179.77,1
1312,2,3.1403,903.25,4
1315,1,1.8076,1879.36,2
1315,2,4.0799,1853.3,5
1315,3,4.3027,438.76,5
1319,1,3.7337,1519.81,4
1320,1,0.9107,3967.98,1
1321,1,3.9825,1924.14,4
1321,2,3.9871,3036.39,4
1321,3,4.843,3597.59,5
1327,1,8.6127,1295.44,9
1329,1,4.662,1095.57,5
1330,1,0.5973,4607.13,1
1330,2,3.3078,2329.34,4
1331,1,3.2663,1122.48,4
1331,2,3.2746,643.04,4
1334,1,0.3574,3455.5,1
1335,1,3.313,1759.89,4
1336,1,1.8266,763.33,2
1337,1,5.2973,2274.15,6
1340,1,1.5126,120.05,2
1341,1,1.858,769.77,2
1342,1,1.2674,4488.63,2
1346,1,4.3536,2610.57,5
1353,1,0.3131,216.11,1
1353,2,2.2628,694.06,3
1353,3,5.3053,1238.41,6
1353,4,5.7229,2340.01,6
1354,1,1.3486,6724.75,2
1354,2,2.2938,4051.86,3
1354,3,2.8663,3518.34,3
1354,4,2.9336,2039.17,3
1360,1,3.0595,1629.44,4
1360,2,3.2785,2010.94,4
1364,1,6.2397,2853,7
1366,1,3.6707,2476.04,4
1370,1,1.026,1896.79,2
1370,2,2.5641,702.36,3
1370,3,4.3651,976.79,5
1372,1,2.418,436.61,3
1372,2,2.6207,3684.73,3
1372,3,4.9276,8601.71,5
1377,1,1.6462,511.89,2
1378,1,7.23,5215.72,8
1382,1,2.0703,4397.41,3
1383,1,2.3665,4732.81,3
1383,2,3.3662,2131.16,4
1386,1,1.7189,3957.22,2
1399,1,1.311,494.46,2
1399,2,1.4204,867.54,2
1399,3,5.5047,2514.79,6
1406,1,8.3605,270.04,9
1407,1,5.9449,655.83,6
1410,1,4.7229,2322.14,5
1411,1,2.1893,2346.91,3
1416,1,1.6626,199.36,2
1418,1,6.7907,211.3,7
1421,1,2.0214,1011.73,3
1427,1,4.2759,7710.22,5
1431,1,1.0035,4040.58,2
1431,2,2.3168,402.87,3
1431,3,3.6148,2772.21,4
1432,1,1.267,919.6,2
1432,2,2.1832,1096.3,3
1434,1,0.8603,3883.18,1
1434,2,3.3623,9399.28,4
1434,3,3.9859,6713.47,4
1434,4,4.9854,5965.86,5
1434,5,6.6043,9444.06,7
1435,1,0.3911,5131.19,1
1439,1,0.1068,1247.65,1
1441,1,2.6579,2131.66,3
1448,1,1.086,2897.37,2
1448,2,1.9514,1644.38,2
1449,1,2.9361,2203.7,3
1449,2,2.97,2531.26,3
1460,1,0.418,5852.67,1
1460,2,0.9213,2506.13,1
1460,3,1.0651,5280.86,2
1460,4,2.0792,2576.04,3
1460,5,2.2166,1867.25,3
1460,6,2.3313,936.01,3
1460,7,3.5039,1605.11,4
1460,8,3.5987,3655.29,4
1460,9,4.7335,3568.76,5
1460,10,4.9022,436.28,5
1460,11,5.5109,2859.69,6
1460,12,5.7388,2778.53,6
1460,13,7.1017,2442.38,8
1460,14,7.9613,3888.6,8
1460,15,7.9702,8517.21,8
1465,1,0.939,6878.97,1
1465,2,2.4642,201.19,3
1468,1,0.0711,1083.15,1
1468,2,1.891,1001.62,2
1468,3,4.6764,1297.41,5
1468,4,6.6898,1192.24,7
1468,5,6.784,1906.4,7
1470,1,2.5412,1960.63,3
1470,2,2.7228,2756.68,3
1470,3,3.92,1480.76,4
1474,1,1.8577,472.3,2
1474,2,5.4074,1409.84,6
1476,1,1.2051,2120.14,2
1478,1,0.5482,4796.39,1
1487,1,0.7965,794.35,1
1488,1,1.8685,4184.44,2
1488,2,7.4176,1156.17,8
1489,1,2.4755,1339.05,3
1495,1,1.4273,2049.39,2
1495,2,2.3375,2793.85,3
1497,1,4.3088,2310.77,5
1497,2,4.8033,422.74,5
1505,1,3.6415,5271.41,4
1506,1,6.5969,1672.75,7
1509,1,2.3176,1580.66,3
1509,2,2.4448,273.26,3
1509,3,4.171,2413.74,5
1515,1,1.1402,848.09,2
1515,2,1.9567,3004.51,2
1515,3,3.4309,1612.36,4
1515,4,6.4753,704.71,7
1516,1,2.0105,2259.37,3
1516,2,2.7487,2859.71,3
1518,1,1.1431,1589.95,2
1521,1,0.3084,8461.47,1
1521,2,1.3249,3322.82,2
1521,3,2.212,1671.11,3
1521,4,2.9482,4113.64,3
1521,5,3.6264,128.37,4
1521,6,3.7897,3301.95,4
1521,7,3.9749,3720.76,4
1521,8,4.2995,1477.8,5
1521,9,4.346,3007.98,5
1521,10,5.1682,2705.59,6
1522,1,0.957,1362.04,1
1522,2,1.8056,1764.91,2
1522,3,2.5894,832.47,3
1524,1,0.2159,4517.3,1
1527,1,1.3911,1790.21,2
1529,1,8.4764,283.52,9
1530,1,4.0793,2693.52,5
1530,2,4.4503,1173.48,5
1540,1,0.7445,16475.02,1
1540,2,2.1582,2613.01,3
1543,1,0.1329,907.89,1
1544,1,5.747,2693.17,6
1548,1,5.8156,3005.95,6
1551,1,3.213,2506.92,4
1551,2,3.8876,3528.79,4
1552,1,2.9417,2747.51,3
1556,1,0.5442,1641.18,1
1556,2,0.9986,780.44,1
1556,3,4.3069,6217.62,5
1556,4,4.7882,506.9,5
1556,5,5.2972,4081.78,6
1561,1,0.3995,1606.05,1
1561,2,1.5608,1489.45,2
1562,1,7.8026,6233.84,8
1563,1,5.0192,869.78,6
1563,2,5.5328,496.38,6
1568,1,4.1856,2386.51,5
1568,2,4.6461,3080.06,5
1568,3,6.1603,1228.27,7
1571,1,0.4714,1519.43,1
1572,1,2.0359,3007.58,3
1575,1,3.9519,1189.07,4
1578,1,2.1557,1220.19,3
1578,2,2.3478,3404.49,3
1586,1,8.2762,5566.95,9
1595,1,0.8281,12092.47,1
1604,1,3.6305,3029.7,4
1609,1,0.8531,1761.61,1
1614,1,4.5715,1288.12,5
1616,1,0.2769,343.28,1
1620,1,0.6277,1484.83,1
1624,1,3.1048,2333.4,4
1626,1,2.3436,1663.63,3
1637,1,4.9103,361.49,5
1637,2,5.2848,6155.81,6
1637,3,5.5258,1677.5,6
1638,1,5.0464,1797.92,6
1641,1,3.1479,2619.65,4
1646,1,0.7455,852.06,1
1646,2,5.4545,5092.89,6
1646,3,6.681,1340.25,7
1646,4,7.3539,3331.14,8
1651,1,1.5146,3966.85,2
1651,2,1.7399,5556.74,2
1658,1,0.6053,7780.63,1
1658,2,1.2945,3827.29,2
1662,1,5.8565,2289.37,6
1665,1,2.2098,1257.39,3
1668,1,0.5071,7893.55,1
1668,2,2.4178,978.95,3
1668,3,7.4714,997.59,8
1669,1,2.356,5697.67,3
1670,1,0.3101,5684.31,1
1676,1,2.1545,1314.22,3
1678,1,2.2988,1413.14,3
1678,2,4.5361,3087.37,5
1678,3,5.178,2870.81,6
1678,4,7.1401,534.86,8
1679,1,1.6737,2793.06,2
1682,1,1.6608,5734.45,2
1683,1,0.5437,1068.06,1
1686,1,4.3737,1553.55,5
1687,1,0.0697,936.37,1
1687,2,1.7033,4231.19,2
1687,3,2.6863,489,3
1687,4,5.7339,2199.26,6
1687,5,5.9604,4695.16,6
1687,6,6.8313,1408.77,7
1691,1,2.2813,2022.25,3
1691,2,3.0602,3140.12,4
1693,1,0.4706,1769.72,1
1693,2,0.7397,195.92,1
1694,1,1.6169,1490.63,2
1695,1,4.9905,592.46,5
1696,1,2.6567,1446.23,3
1696,2,3.1719,2100.17,4
1697,1,1.6496,573.5,2
1697,2,3.3403,2269.01,4
1697,3,3.5365,658.6,4
1697,4,8.6725,3933.13,9
1699,1,5.7607,963.86,6
1699,2,5.8759,5652.96,6
1702,1,2.019,1335.93,3
1702,2,2.2336,636.4,3
1702,3,2.3133,1182.98,3
1702,4,3.1718,1502.58,4
1702,5,5.6234,1337.45,6
1702,6,5.7058,1807.55,6
1703,1,1.2524,833.24,2
1714,1,1.2031,5598.54,2
1714,2,2.8182,1712.48,3
1714,3,3.5973,1984.17,4
1714,4,3.9603,313.18,4
1714,5,5.7535,879.12,6
1716,1,3.3572,478.5,4
1716,2,5.0455,1168.54,6
1717,1,0.1063,3209.75,1
1723,1,1.6329,2464.27,2
1723,2,2.2303,2304.57,3
1729,1,3.5504,4539.36,4
1730,1,2.0975,5918.76,3
1730,2,2.7532,788.45,3
1730,3,3.8946,3243.22,4
1730,4,4.8112,506.03,5
1730,5,6.6271,3414.89,7
1730,6,6.907,2665.71,7
1730,7,7.433,3919.17,8
1730,8,7.8746,1552.39,8
1733,1,0.3328,4170.4,1
1734,1,1.4413,1200.37,2
1734,2,6.8496,1900.16,7
1752,1,3.1723,8332.44,4
1753,1,0.957,913.1,1
1753,2,2.86,138.26,3
1753,3,5.128,1809.01,6
1753,4,5.6977,368.48,6
1755,1,0.3685,983.67,1
1755,2,1.8853,1667.58,2
1755,3,8.5313,3213.41,9
1757,1,0.7907,670.61,1
1759,1,0.2487,4016.31,1
1762,1,0.2965,5460.53,1
1762,2,1.2395,470.96,2
1762,3,2.8055,428.32,3
1762,4,3.2296,2137.91,4
1762,5,3.5993,635.11,4
1762,6,4.4827,1124.75,5
1762,7,5.0698,4293.2,6
1762,8,5.2084,179.9,6
1762,9,5.2912,1073.51,6
1762,10,5.3177,2895.34,6
1762,11,5.5177,2340.77,6
1763,1,2.6654,1776.94,3
1766,1,5.2084,2814.34,6
1769,1,0.4083,3144.98,1
1769,2,1.5053,2690.85,2
1771,1,3.0332,1993.22,4
1777,1,1.7361,5696.37,2
1777,2,3.322,2684.04,4
1793,1,3.0924,1257.92,4
1795,1,2.9912,1272.67,3
1799,1,1.6073,1879.82,2
1801,1,1.922,693.24,2
1801,2,3.8754,3430.83,4
1802,1,3.8236,7685.43,4
1802,2,4.9758,3691.33,5
1803,1,3.2928,608.91,4
1807,1,1.5348,6777.88,2
1811,1,0.8303,3171,1
1811,2,0.9137,9471.44,1
1819,1,1.0058,187.05,2
1822,1,1.5441,3552.15,2
1822,2,2.3661,1656.03,3
1828,1,3.3949,2758.21,4
1829,1,1.3916,3152.82,2
1829,2,3.4491,2917.87,4
1829,3,6.6154,4798.85,7
1830,1,1.2715,5370.4,2
1832,1,0.8892,7959.34,1
1832,2,0.9192,1089.4,1
1833,1,4.6909,3067.5,5
1836,1,0.958,3711.9,1
1842,1,1.111,2217.51,2
1843,1,4.1463,4273.64,5
1843,2,4.9785,788.78,5
1845,1,1.5492,1259.08,2
1846,1,4.3854,3858.65,5
1848,1,0.4443,4986.2,1
1851,1,3.4627,4104.29,4
1851,2,3.4898,595.64,4
1851,3,4.5569,1230.05,5
1856,1,1.5648,1338.69,2
1856,2,3.6124,4778.92,4
1862,1,4.2207,468.77,5
1863,1,2.0489,2695.43,3
1864,1,1.4766,2607.07,2
1867,1,4.3457,2738.18,5
1875,1,2.8256,1402.82,3
1886,1,3.0705,142.86,4
1888,1,1.6023,1686.95,2
1891,1,3.5768,3469.71,4
1891,2,7.281,8204.73,8
1891,3,7.5824,5136.95,8
1891,4,7.9765,1273.89,8
1891,5,8.6952,780.66,9
1891,6,8.9944,2917.73,9
1897,1,1.5578,4046.9,2
1902,1,0.3139,3014.55,1
1903,1,1.2476,2181.01,2
1905,1,1.5134,7907.11,2
1907,1,0.7225,1324.1,1
1921,1,4.8559,3802.96,5
1924,1,3.5195,718.38,4
1927,1,0.1657,1400.34,1
1930,1,1.0095,6298.05,2
1933,1,1.6174,7111.79,2
1933,2,2.8019,1097.24,3
1934,1,4.2942,2567.24,5
1934,2,4.65,253.44,5
1937,1,1.7527,6088.45,2
1937,2,7.2626,3101.4,8
1940,1,3.8021,1220.07,4
1945,1,3.4095,1086.35,4
1946,1,1.0488,2488.14,2
1946,2,2.8506,1996.54,3
1946,3,3.0352,2761.92,4
1946,4,3.0962,3099.71,4
1948,1,3.4743,1355.66,4
1949,1,1.223,3145.44,2
1952,1,1.7742,1604.95,2
1959,1,5.858,2349.57,6
1959,2,6.9271,8571.96,7
1970,1,6.5821,9988.15,7
1972,1,0.734,10502.06,1
1972,2,1.6287,7676.7,2
1972,3,1.9959,11722.24,2
1972,4,2.7719,17600.11,3
1978,1,0.1954,990.89,1
1979,1,4.5739,2475.65,5
1980,1,8.0001,3470.27,9
1980,2,8.2156,3417.35,9
1984,1,1.6449,7357.4,2
1985,1,0.3377,1724.38,1
1987,1,2.2144,1307.57,3
1995,1,2.4656,6002.62,3
2000,1,2.819,851.83,3
2000,2,2.8357,2330.79,3
2004,1,1.683,2048.81,2
2005,1,2.7192,2262.3,3
2005,2,2.8526,4478.07,3
2009,1,2.3389,2639.78,3
2009,2,3.1047,1270.84,4
2009,3,4.7962,1391.96,5
2014,1,1.0363,4755.27,2
2015,1,0.7764,1823.33,1
2017,1,2.1267,3874.94,3
2018,1,2.7634,3819.77,3
2018,2,5.2867,5165.79,6
2023,1,0.6359,1890.64,1
2024,1,3.576,1189.78,4
2028,1,5.1887,296.37,6
2030,1,4.652,4123.3,5
2034,1,2.0991,1708.34,3
2034,2,3.3147,1895.71,4
2034,3,3.7391,346.15,4
2034,4,4.9119,420.77,5
2034,5,5.4401,1995.77,6
2034,6,7.4222,3735.03,8
2036,1,2.5588,1353.82,3
2036,2,5.7299,2942.5,6
2037,1,6.5017,249.45,7
2041,1,2.2279,11273.67,3
2041,2,4.5543,7888.12,5
2044,1,4.44,4731.75,5
2045,1,4.635,1486.84,5
2045,2,4.9897,1340.57,5
2045,3,6.0957,5807.26,7
2045,4,6.2439,3598.24,7
2045,5,7.0569,940.07,8
2047,1,1.5237,1352.41,2
2047,2,1.7763,1617.94,2
2047,3,3.5363,1650.39,4
2051,1,2.5723,3437.38,3
2051,2,6.4589,4462,7
2051,3,6.5953,1637.11,7
2051,4,6.6296,344.69,7
2051,5,7.9334,1284.65,8
2051,6,8.4091,1167.72,9
2051,7,9.34,486.73,10
2052,1,1.3578,3232.33,2
2054,1,2.847,1931.85,3
2055,1,1.1181,1120.86,2
2058,1,3.4495,4082.19,4
2059,1,1.664,2943.74,2
2059,2,1.7888,1440.69,2
2060,1,4.7785,735.17,5
2061,1,1.1101,2441.91,2
2062,1,2.6638,4853.91,3
2064,1,4.2587,1838.07,5
2070,1,1.0855,1367.12,2
2071,1,5.1596,2208.99,6
2074,1,1.518,2349.33,2
2075,1,1.6752,856.41,2
2076,1,0.1527,2831.75,1
2083,1,0.617,2627.73,1
2083,2,2.899,3664.34,3
2083,3,3.297,1560.9,4
2085,1,0.2691,2410.22,1
2087,1,2.1462,4123.84,3
2088,1,1.29,2262.62,2
2088,2,2.8189,432.93,3
2088,3,5.2083,1034.06,6
2088,4,8.3859,1816.66,9
2091,1,0.966,2019.78,1
2097,1,2.0824,1466.06,3
2097,2,2.5129,6518.7,3
2097,3,2.5741,3392.2,3
2101,1,0.6146,2374.5,1
2101,2,3.0327,2099.04,4
2102,1,3.3442,1447.9,4
2102,2,4.538,345.99,5
2102,3,4.6849,5994.11,5
2108,1,1.4476,8045.47,2
2108,2,2.2127,1603.02,3
2108,3,3.0395,2681.72,4
2108,4,4.9848,4753.14,5
2110,1,3.6517,663.98,4
2111,1,0.1162,1610.89,1
2111,2,0.4535,2877.13,1
2111,3,1.6354,4441.67,2
2111,4,1.8485,4046.22,2
2111,5,3.0167,6367.43,4
2111,6,4.043,7206.42,5
2111,7,4.5844,5281.03,5
2115,1,2.8424,3127.68,3
2120,1,1.1213,2107.37,2
2120,2,1.2183,923.93,2
2120,3,1.9003,2681.48,2
2120,4,2.2363,1352.5,3
2120,5,4.3428,2550.22,5
2120,6,4.385,1009.26,5
2120,7,5.5495,1398.34,6
2121,1,0.5521,3069.92,1
2123,1,2.6199,1024.99,3
2125,1,6.1921,878.66,7
2130,1,2.04,966.45,3
2130,2,2.3803,786.07,3
2132,1,0.731,4298.19,1
2132,2,1.0206,2853.68,2
2133,1,5.8551,1054.15,6
2133,2,6.2677,3366,7
2135,1,3.5988,714.23,4
2136,1,1.8746,2586.37,2
2136,2,3.1081,3267.22,4
2141,1,3.3024,1928.52,4
2141,2,3.6343,941.93,4
2141,3,5.6511,889.54,6
2141,4,7.2566,868.43,8
2141,5,7.2722,2030.08,8
2141,6,7.4475,2029.85,8
2141,7,7.6607,4486.65,8
2142,1,0.7758,1041.22,1
2142,2,1.8075,4161.14,2
2145,1,0.0106,3379.31,1
2145,2,0.543,6290.19,1
2145,3,1.6072,3030.89,2
2148,1,5.5793,1305.75,6
2152,1,4.1757,1008.99,5
2153,1,1.2449,858.95,2
2153,2,2.1299,964.71,3
2155,1,0.2212,5421.55,1
2158,1,2.9331,2322.28,3
2160,1,2.3993,3807.78,3
2160,2,5.7497,1712.08,6
2160,3,6.3961,2978.29,7
2162,1,0.7257,1036.92,1
2162,2,1.1182,2737.95,2
2164,1,5.8221,547.59,6
2165,1,0.5488,2248.85,1
2166,1,0.7936,724.26,1
2167,1,4.5031,104.79,5
2170,1,8.5063,2654.02,9
2171,1,1.3025,7906.95,2
2173,1,1.388,2274.39,2
2179,1,0.6456,3581.67,1
2184,1,6.1301,1571.22,7
2184,2,6.669,534.4,7
2184,3,7.8279,1183.19,8
2185,1,2.8949,1331.72,3
2185,2,3.3246,1421.06,4
2185,3,4.4138,3168.8,5
2185,4,6.6596,1179.51,7
2185,5,6.7757,1671.27,7
2186,1,0.4453,2222.43,1
2189,1,7.9557,2013.82,8
2192,1,3.7385,4887.54,4
2196,1,1.7737,2563.42,2
2200,1,1.3957,848.32,2
2200,2,2.4339,5377.64,3
2200,3,2.757,961.97,3
2200,4,6.0695,577.56,7
2201,1,0.8679,6774.5,1
2203,1,1.8364,2058.03,2
2203,2,5.2033,1466.01,6
2206,1,3.4485,1875.96,4
2208,1,3.3281,1984.94,4
2211,1,0.7474,2694.51,1
2211,2,2.396,6468.46,3
2211,3,2.5183,746.25,3
2211,4,5.6173,1588.38,6
2217,1,5.7315,3566.02,6
2220,1,3.0025,2436.52,4
2221,1,2.3263,12361.29,3
2221,2,4.4909,6660.12,5
2224,1,1.8084,8173.49,2
2232,1,0.4596,1054.26,1
2232,2,4.2779,1788.38,5
2233,1,1.9541,1023,2
2233,2,2.8607,455.17,3
2234,1,2.0592,459.7,3
2236,1,0.676,16571.57,1
2236,2,2.6433,2393.68,3
2237,1,3.1455,1832.01,4
2238,1,3.7859,2288.42,4
2240,1,1.4369,921.34,2
2241,1,2.5377,3564.74,3
2242,1,1.395,2118.1,2
2245,1,1.2646,2197.64,2
2245,2,3.7806,3231.06,4
2245,3,6.766,2501.1,7
2245,4,8.0765,6430.11,9
2248,1,6.9004,996,7
2249,1,0.6133,2367.22,1
2249,2,1.1357,2617.2,2
2249,3,2.0003,1226.61,3
2251,1,1.0346,358.6,2
2252,1,1.2013,1192.07,2
2252,2,2.5019,2180.57,3
2255,1,2.6162,2390.51,3
2261,1,0.8916,4068.54,1
2263,1,6.3876,2183.06,7
2265,1,0.4099,3350.73,1
2265,2,1.6678,2355.17,2
2267,1,3.3223,5770.2,4
2269,1,0.9574,3614.29,1
2273,1,1.5801,4496.36,2
2273,2,1.6692,6537.83,2
2273,3,1.8773,1510.39,2
2273,4,2.0082,6084.18,3
2273,5,2.121,12827.41,3
2273,6,2.3379,2978.54,3
2273,7,2.3624,1758.39,3
2273,8,2.4788,1270.47,3
2273,9,2.5115,3180.82,3
2273,10,2.7365,7297.55,3
2273,11,2.812,3654.64,3
2273,12,2.8425,1898.24,3
2273,13,3.2694,4565.38,4
2273,14,3.4031,2232.2,4
2273,15,3.846,4066.05,4
2273,16,4.0037,3535.8,5
2273,17,4.5718,4264.21,5
2273,18,4.6263,2433.95,5
2273,19,4.9725,4393.18,5
2273,20,5.034,4090.47,6
2273,21,5.4633,2904.99,6
2273,22,5.8908,7942.04,6
2273,23,6.5367,1101.81,7
2275,1,3.7379,348.75,4
2276,1,1.2393,1835.6,2
2276,2,2.5852,5840.88,3
2276,3,4.6008,2511.12,5
2280,1,0.9173,1230.23,1
2286,1,1.2733,4532.65,2
2286,2,1.6219,826.99,2
2288,1,0.322,3257.1,1
2288,2,3.6954,3949.76,4
2288,3,5.3333,2246.63,6
2291,1,1.0631,4353.43,2
2291,2,1.3048,12065.38,2
2291,3,3.8103,3924.04,4
2291,4,4.6989,3734.68,5
2293,1,8.2136,332.79,9
2293,2,8.8202,4120.43,9
2294,1,1.4036,571.26,2
2298,1,5.2631,5324.56,6
2298,2,7.0387,1771.78,8
2299,1,1.9751,3010.35,2
2299,2,2.1894,4174.64,3
2299,3,2.3851,4402.82,3
2305,1,0.8149,1242.88,1
2305,2,1.7326,1514.71,2
2305,3,1.9386,1329.07,2
2307,1,3.7628,1203.66,4
2307,2,3.7737,1386.55,4
2308,1,2.2018,1898.3,3
2308,2,2.7195,919.51,3
2308,3,6.346,1527.47,7
2310,1,4.4088,1701.73,5
2311,1,0.4558,4006.88,1
2311,2,3.625,2795.5,4
2311,3,3.8621,1659.07,4
2311,4,4.461,965.27,5
2311,5,4.6754,6735.61,5
2311,6,4.959,7098.63,5
2311,7,5.6723,1725.21,6
2311,8,5.6884,4868.99,6
2321,1,1.4518,2377.54,2
2331,1,0.9178,1465.62,1
2333,1,0.8704,3167.42,1
2334,1,1.6063,2714.07,2
2334,2,2.6175,3631.47,3
2334,3,2.6927,921.68,3
2335,1,0.7179,5455.75,1
2336,1,2.4375,816.3,3
2338,1,0.8662,2450.35,1
2338,2,0.9601,1808.45,1
2340,1,0.8794,5816.14,1
2343,1,0.6935,3582.8,1
2350,1,4.2126,2657.29,5
2350,2,7.2354,1802.21,8
2353,1,0.5294,7809.77,1
2353,2,4.4097,4705.98,5
2354,1,5.9793,684.48,6
2356,1,1.3799,1332.61,2
2358,1,2.4678,3833.51,3
2360,1,1.5469,3265.15,2
2364,1,4.4577,5463.03,5
2366,1,2.7233,4178.71,3
2369,1,1.2036,3585.6,2
2370,1,0.0945,2954.69,1
2374,1,1.4289,7239.51,2
2374,2,1.589,6928.87,2
2374,3,3.4301,2947.6,4
2374,4,3.7384,2337.65,4
2374,5,5.0138,1531.09,6
2375,1,1.0418,1089.24,2
2380,1,5.5575,2091.76,6
2384,1,7.4955,9065.45,8
2384,2,7.8514,2485.17,8
2387,1,2.0171,604.7,3
2392,1,2.2433,1915.65,3
2399,1,6.7877,864.77,7
2400,1,1.0708,1293.06,2
2400,2,1.4413,1779.82,2
2402,1,7.7793,2649.81,8
2403,1,0.1779,2823.57,1
2403,2,0.5896,1185.26,1
2403,3,2.8973,1936.24,3
2403,4,3.0739,1104.7,4
2403,5,4.3715,1383.32,5
2405,1,1.7082,1431.12,2
2409,1,3.38,2941.57,4
2412,1,0.3535,206.98,1
2413,1,3.0122,403.28,4
2414,1,5.8256,1765.98,6
2419,1,1.2682,137.52,2
2421,1,3.2108,751.26,4
2423,1,4.7473,4554.57,5
2425,1,2.244,1588.65,3
2434,1,2.2335,2864.88,3
2434,2,5.3266,1420.24,6
2434,3,6.0356,3695.01,7
2435,1,1.9601,3096.47,2
2435,2,2.3388,4557.17,3
2441,1,3.0543,475.39,4
2444,1,3.487,901.65,4
2444,2,5.545,2855.04,6
2453,1,0.6873,1349.77,1
2454,1,4.5535,1196.62,5
2454,2,4.8241,2066.54,5
2454,3,6.4456,972.32,7
2459,1,1.8792,4236.67,2
2463,1,0.5418,2635.42,1
2463,2,0.6713,1940.46,1
2463,3,0.9245,5771.24,1
2463,4,1.1936,3811.05,2
2466,1,1.1331,3506.16,2
2466,2,5.781,2477.89,6
2466,3,5.8897,3622.26,6
2468,1,3.7518,2078.07,4
2468,2,3.7778,316.06,4
2468,3,4.6407,1458.8,5
2468,4,5.5202,2725.05,6
2468,5,5.5731,974.57,6
2468,6,8.2176,843.82,9
2471,1,1.4279,3198.58,2
2471,2,2.422,4014.83,3
2471,3,2.6477,309.45,3
2471,4,2.6568,6380.37,3
2471,5,3.262,3777.07,4
2471,6,3.5043,1097.3,4
2472,1,2.5661,1584.78,3
2472,2,3.9642,541.72,4
2477,1,4.5053,1224.24,5
2480,1,0.1925,5298.6,1
2480,2,1.7483,7639.72,2
2482,1,6.6768,2361.73,7
2483,1,2.1846,2529.59,3
2492,1,1.2845,1853.76,2
2492,2,2.3825,1774.37,3
2492,3,2.8301,1911.46,3
2494,1,1.0132,2555.75,2
2494,2,3.6292,528.8,4
2494,3,3.9388,268.76,4
2498,1,0.7269,5421.86,1
2500,1,3.2796,331.61,4
2500,2,4.345,2764.51,5
2500,3,5.5032,305.08,6
2501,1,1.7429,1984.86,2
2506,1,2.0999,5132.85,3
2510,1,6.0314,2948.08,7
2511,1,0.0873,8429.99,1
2514,1,5.4212,5168.85,6
2515,1,1.0231,440.7,2
2516,1,3.2256,2563.64,4
2516,2,4.3482,2241.36,5
2518,1,0.9073,4254.15,1
2520,1,1.4379,325.73,2
2524,1,7.0864,765.4,8
2525,1,2.6327,391.65,3
2525,2,3.196,1242.16,4
2527,1,1.5027,2266.49,2
2527,2,3.7342,2185.99,4
2528,1,1.1292,1153.6,2
2530,1,0.9398,818.43,1
2532,1,5.4416,1022.75,6
2533,1,1.8606,8053.35,2
2533,2,5.3532,1796.92,6
2533,3,5.5068,1586.68,6
2538,1,1.5342,3689.65,2
2538,2,1.8712,7162.27,2
2544,1,2.385,231.86,3
2547,1,2.1691,6270.51,3
2547,2,4.7628,5495.63,5
2559,1,1.784,241.87,2
2560,1,0.4589,2339.09,1
2562,1,2.4082,1170.12,3
2569,1,2.6163,308.19,3
2569,2,5.0232,1622.94,6
2569,3,5.9705,8216.92,6
2570,1,1.9298,1937.38,2
2571,1,3.8723,1955.28,4
2573,1,1.7351,1205.12,2
2574,1,2.4001,7390.24,3
2579,1,2.9952,1574.77,3
2579,2,3.501,4476.65,4
2581,1,4.2555,572.26,5
2582,1,1.0769,2364.65,2
2582,2,1.0865,1337.29,2
2582,3,1.3515,2087.21,2
2582,4,1.8143,2392.71,2
2582,5,2.5587,1991.77,3
2582,6,3.2036,833.82,4
2582,7,4.9308,862,5
2587,1,1.3338,1335.84,2
2590,1,1.4664,3136.15,2
2590,2,3.3736,955.7,4
2592,1,5.7092,2140.03,6
2592,2,7.6408,327.1,8
2598,1,1.8919,1619.64,2
2598,2,3.4058,365.16,4
2598,3,4.2149,2471.72,5
2598,4,6.0061,2855.16,7
2598,5,6.4658,915.95,7
2605,1,3.9723,5922.21,4
2605,2,4.9795,1043.71,5
2613,1,3.4281,604.26,4
2613,2,6.7605,1163.95,7
2614,1,1.1876,4977.06,2
2614,2,1.8182,6202.37,2
2622,1,2.107,5535.81,3
2626,1,1.3995,318.08,2
2629,1,0.5234,2784.43,1
2630,1,1.5006,2270.87,2
2630,2,1.9494,2705.69,2
2630,3,4.5119,324.33,5
2631,1,0.1732,1793.56,1
2631,2,1.0852,1816.07,2
2631,3,2.7417,3284.69,3
2631,4,3.294,2562.32,4
2631,5,5.3502,2168.67,6
2633,1,1.2696,1149.39,2
2633,2,3.2247,1332.59,4
2633,3,8.7882,2676.82,9
2638,1,1.06,1845.72,2
2640,1,2.4656,4121.31,3
2640,2,5.6912,1114.9,6
2640,3,5.8683,3123.18,6
2646,1,1.2494,2722.58,2
2648,1,2.5395,911.01,3
2648,2,4.969,4092.42,5
2648,3,5.2613,337.69,6
2648,4,5.3759,2051.36,6
2648,5,6.7033,7392.5,7
2648,6,6.8008,534.33,7
2650,1,0.1971,5029.23,1
2655,1,2.198,17221.05,3
2655,2,2.7088,3824.89,3
2656,1,4.9895,2547.23,5
2660,1,9.5633,698.1,10
2661,1,1.6938,5583.22,2
2661,2,4.345,2278.44,5
2662,1,3.796,1829.84,4
2662,2,6.1012,987.17,7
2668,1,1.3625,557.31,2
2673,1,0.4904,3580.9,1
2673,2,1.3167,1438.68,2
2680,1,0.6564,7428.83,1
2680,2,7.1651,10729.01,8
2681,1,1.6622,3621.88,2
2682,1,4.4692,1013.64,5
2688,1,2.19,2402.21,3
2702,1,1.2912,6151.29,2
2704,1,3.2887,732.91,4
2704,2,6.7774,1137.96,7
2706,1,1.9231,3381.53,2
2707,1,3.6281,557.28,4
2710,1,6.6112,3348.06,7
2712,1,6.5759,6763.65,7
2713,1,4.4082,5683.04,5
2713,2,5.8553,2029.43,6
2713,3,6.221,2388.35,7
2714,1,1.6987,2200.96,2
2716,1,1.3251,1036.48,2
2717,1,1.4458,5093.65,2
2719,1,0.6513,3218.87,1
2719,2,1.3049,15822.94,2
2719,3,2.0902,7325.05,3
2719,4,2.9379,7406.86,3
2719,5,3.0772,4325.13,4
2723,1,3.8593,3137.24,4
2724,1,0.5684,1607.6,1
2725,1,0.7772,3571.28,1
2729,1,0.2617,2547.73,1
2731,1,0.6085,1949.17,1
2731,2,4.4034,1471.29,5
2731,3,7.7079,2115.22,8
2732,1,1.3584,3200.72,2
2735,1,1.672,394.02,2
2741,1,1.4746,1302.65,2
2744,1,1.4715,1216.3,2
2744,2,2.1225,5556.31,3
2750,1,1.274,1680.42,2
2753,1,3.2644,3308.54,4
2753,2,3.4497,225.49,4
2755,1,0.5961,298.07,1
2756,1,4.0991,1532.03,5
2756,2,5.4744,1800.07,6
2756,3,6.2182,2123.57,7
2759,1,0.4907,2142.08,1
2760,1,5.1089,2797.24,6
2764,1,2.5942,4834.71,3
2764,2,3.0041,6756.33,4
2766,1,4.2669,912.41,5
2768,1,2.0194,2016.5,3
2768,2,2.7457,1925.04,3
2768,3,6.1745,1893.53,7
2769,1,0.5364,262.96,1
2771,1,3.5966,1151.86,4
2773,1,4.7553,1881.18,5
2775,1,6.3522,3968.01,7
2785,1,6.3432,4472.15,7
2785,2,6.3779,5850.55,7
2786,1,1.8557,2629.61,2
2786,2,3.417,2000.33,4
2787,1,4.1852,2653.24,5
2796,1,2.3899,4639.4,3
2796,2,2.4619,3056.75,3
2800,1,6.0608,2318.21,7
2800,2,8.781,2238.18,9
2817,1,4.2752,4164.96,5
2823,1,1.4969,3145.25,2
2826,1,3.7579,107,4
2826,2,4.9343,4591.18,5
2826,3,5.9626,2352.23,6
2826,4,6.9651,2069.5,7
2826,5,7.3563,419.82,8
2828,1,1.313,2828.34,2
2829,1,1.8133,1722.09,2
2830,1,7.4093,963.51,8
2833,1,2.891,4312.06,3
2836,1,5.7576,576.26,6
2840,1,3.0333,1972.36,4
2844,1,1.1052,2548.43,2
2847,1,0.8883,3324.91,1
2848,1,2.9115,1900.82,3
2852,1,0.2629,3472.22,1
2852,2,1.5241,5249.54,2
2852,3,2.1005,11007.66,3
2854,1,0.2629,4022.77,1
2854,2,0.8705,1556.85,1
2854,3,2.4906,4917.72,3
2854,4,2.897,1490.79,3
2854,5,3.1118,2383.27,4
2859,1,1.1509,2147,2
2860,1,0.1392,976.36,1
2860,2,3.3525,1436.14,4
2862,1,3.3409,5848.54,4
2862,2,3.6459,1375.81,4
2862,3,3.8962,10222.53,4
2862,4,4.4131,1618.92,5
2862,5,4.8336,4164.47,5
2862,6,5.1998,8644.47,6
2862,7,5.5326,6579.27,6
2866,1,1.9005,469.96,2
2868,1,6.6599,1610.29,7
2868,2,7.7787,1905.68,8
2869,1,1.7551,9471.14,2
2871,1,1.2025,1412.04,2
2871,2,1.4918,5251.37,2
2871,3,2.4019,3413.11,3
2877,1,3.0846,1078.54,4
2879,1,4.3019,2756.64,5
2880,1,2.6641,1202.2,3
2880,2,2.7784,3756.27,3
2888,1,3.0326,1065.54,4
2889,1,4.9078,4730.02,5
2894,1,1.5044,2071.87,2
2895,1,0.7114,5384.47,1
2896,1,4.9063,1947.16,5
2902,1,0.2919,6292.25,1
2904,1,1.5612,2986.23,2
2905,1,0.7108,3311.4,1
2907,1,2.2217,4926.06,3
2913,1,0.7643,2657.63,1
2913,2,3.8738,894.06,4
2914,1,5.3959,1677.94,6
2917,1,4.0698,3526.65,5
2922,1,1.8199,1144.91,2
2922,2,4.1066,3316.21,5
2922,3,5.9804,1294.01,6
2922,4,6.5021,3123.04,7
2923,1,4.8379,1967.79,5
2923,2,5.6357,1500.32,6
