"id_maquina","id_planta","tipo","fabricante","antiguedad_anios","capacidad_kw","carga_media","plan_mantenimiento","calidad_mantenimiento","tiempo","fallo"
"M0001","P05","Torno","B",14.9115258815808,132.638493208597,0.837456486089701,"Preventivo",0.552982935374633,669.218994641162,1
"M0002","P07","Fresadora","A",8.66794752709964,73.6792938542316,0.535080990769871,"Correctivo",0.833908884598662,720,0
"M0003","P08","Prensa","C",4.19246443178532,114.426900859818,0.448847499450103,"Preventivo",0.720227099612121,720,0
"M0004","P04","Torno","A",4.58732829746385,80.254357157769,0.833150051291127,"Correctivo",0.594337764396895,528.93733567181,1
"M0005","P02","Torno","C",4.36561317496029,85.7080723710378,0.68535376958811,"Preventivo",0.680793683287145,77.8486740747523,1
"M0006","P04","Torno","C",13.6795364613762,83.7864335113892,0.624194588277721,"Preventivo",0.594337764396895,643.10601597403,1
"M0007","P08","Fresadora","B",8.11565427205917,77.8195622909994,0.886886362453305,"Preventivo",0.720227099612121,318.571878298041,1
"M0008","P03","Fresadora","B",6.30898851682297,92.2108199791169,0.723597634040007,"Preventivo",0.551092236535844,675.568397995296,1
"M0009","P05","Torno","A",5.43267065730236,65.7716187116633,0.422493974139075,"Preventivo",0.552982935374633,407.799957705734,1
"M0010","P03","Fresadora","A",20,51.0138786194276,0.721820823740038,"Preventivo",0.551092236535844,299.214449607226,1
"M0011","P11","Torno","B",2.69819624023969,84.5424865138629,0.672866892348615,"Correctivo",0.733413789787234,720,0
"M0012","P08","Fresadora","A",4.93300975470238,81.7651501180425,0.602599617401864,"Correctivo",0.720227099612121,720,0
"M0013","P05","Prensa","C",5.36867946769195,102.125121376985,0.888592442086801,"Preventivo",0.552982935374633,720,0
"M0014","P03","Torno","A",8.14199957390096,85.1499732800671,0.527385965501393,"Preventivo",0.551092236535844,512.34039252438,1
"M0015","P04","Fresadora","A",3.11108170589836,60.4461684358241,0.826609045004279,"Correctivo",0.594337764396895,421.549277823316,1
"M0016","P12","Fresadora","A",4.42758976164773,40.0323274897679,0.931508663311239,"Correctivo",0.774328743039631,653.710987805461,1
"M0017","P04","Fresadora","B",7.87048859354509,87.7698544964833,0.85081104696227,"Preventivo",0.594337764396895,526.790049136333,1
"M0018","P12","Torno","A",5.26338776603968,94.2978800378886,0.929526030922197,"Preventivo",0.774328743039631,720,0
"M0019","P05","Prensa","A",6.46937367799336,78.4713255328633,0.781902269496105,"Preventivo",0.552982935374633,265.720539779432,1
"M0020","P07","Fresadora","B",1.24370958039143,82.2656477163488,0.88084840375601,"Correctivo",0.833908884598662,720,0
"M0021","P10","Fresadora","A",9.05944094017905,95.4400477513351,0.593028328392664,"Preventivo",0.787786282105075,554.339736550531,1
"M0022","P12","Fresadora","B",7.61938706937498,70.4698699423323,0.441373344730751,"Preventivo",0.774328743039631,720,0
"M0023","P02","Torno","B",4.00561670334926,98.3599178997685,0.623688434383735,"Correctivo",0.680793683287145,720,0
"M0024","P07","Prensa","B",4.14624713104202,73.0958776373306,0.4521798375222,"Correctivo",0.833908884598662,720,0
"M0025","P07","Prensa","C",2.1482844922742,82.749060407735,0.888665814581137,"Preventivo",0.833908884598662,375.889638194442,1
"M0026","P10","Prensa","A",4.51852629056794,73.0029744962475,0.380217760079572,"Correctivo",0.787786282105075,720,0
"M0027","P03","Fresadora","B",8.66749851043722,30,0.577611858987916,"Preventivo",0.551092236535844,672.498991688785,1
"M0028","P02","Prensa","A",3.9457748116955,76.654534020954,0.672152606835918,"Correctivo",0.680793683287145,720,0
"M0029","P07","Fresadora","A",3.63342820332728,53.6833981213216,0.932196964063674,"Preventivo",0.833908884598662,694.890189989504,1
"M0030","P01","Torno","B",10.5213070939167,77.7107821510273,0.496843614882417,"Correctivo",0.683622897300344,659.526181078723,1
"M0031","P08","Fresadora","A",4.12238920275552,69.390178212084,0.805202785337442,"Preventivo",0.720227099612121,160.471553296846,1
"M0032","P03","Prensa","C",8.2251896346894,33.9224243145794,0.852595962579451,"Correctivo",0.551092236535844,482.868889596976,1
"M0033","P02","Torno","B",2.44936765977783,51.8184704451071,0.498709850562795,"Preventivo",0.680793683287145,720,0
"M0034","P12","Torno","A",5.14777705066357,42.3043261187251,0.535159209526839,"Correctivo",0.774328743039631,720,0
"M0035","P11","Fresadora","B",6.37592495517773,70.4443623764594,0.636278338320419,"Correctivo",0.733413789787234,720,0
"M0036","P01","Torno","A",8.36934089382059,84.7761671937797,0.872823292659044,"Preventivo",0.683622897300344,102.677576575507,1
"M0037","P07","Torno","A",3.14421391491754,59.8555028815052,0.550296748742543,"Correctivo",0.833908884598662,720,0
"M0038","P12","Fresadora","B",2.74736523533282,94.9317835987729,0.440719074878381,"Correctivo",0.774328743039631,241.217941567259,1
"M0039","P03","Torno","A",11.0393210498864,85.2395584151249,0.640586978528643,"Preventivo",0.551092236535844,579.093298554847,1
"M0040","P12","Prensa","C",3.58454250700664,73.015270817629,0.865068916923194,"Preventivo",0.774328743039631,532.207529077012,1
"M0041","P07","Torno","B",6.64400274277554,70.3471238186585,0.541138886676112,"Correctivo",0.833908884598662,356.395919961721,1
"M0042","P10","Prensa","B",7.91059002990387,89.2612363176903,0.906308916733257,"Correctivo",0.787786282105075,534.313599042192,1
"M0043","P06","Prensa","B",12.9691979054698,85.911981044205,0.464187234666983,"Correctivo",0.557821620353168,720,0
"M0044","P07","Torno","B",4.55511783425624,57.7639363319425,0.502887579267431,"Correctivo",0.833908884598662,720,0
"M0045","P01","Fresadora","C",9.02752707334931,84.5633317415854,0.905382125075546,"Correctivo",0.683622897300344,562.574799732231,1
"M0046","P07","Fresadora","B",4.29226398730063,92.4037491056021,0.735273668089383,"Preventivo",0.833908884598662,720,0
"M0047","P03","Torno","A",5.66339320771455,63.085097832518,0.891662637871487,"Preventivo",0.551092236535844,720,0
"M0048","P05","Fresadora","C",7.16958333884728,87.2408480212996,0.509527439193338,"Preventivo",0.552982935374633,704.790980221069,1
"M0049","P01","Prensa","B",4.27941705519195,93.0493445590772,0.738105331663459,"Preventivo",0.683622897300344,720,0
"M0050","P02","Prensa","A",7.76998899369449,94.9941792737274,0.597887241395074,"Preventivo",0.680793683287145,720,0
"M0051","P12","Fresadora","A",4.36222612034089,97.7496642157234,0.371155419341451,"Correctivo",0.774328743039631,720,0
"M0052","P12","Prensa","B",6.63220463177582,69.9799988582044,0.546810479916844,"Preventivo",0.774328743039631,720,0
"M0053","P02","Torno","B",4.76780900821015,93.5362119720313,0.639955951832643,"Preventivo",0.680793683287145,720,0
"M0054","P09","Prensa","C",4.08310832927631,78.7851473922706,0.604272058687112,"Preventivo",0.715842653675653,543.210116475101,1
"M0055","P06","Prensa","B",5.62299077849157,93.7065374731311,0.325563071738047,"Preventivo",0.557821620353168,720,0
"M0056","P09","Prensa","A",2.80746478743316,87.459180737298,0.728793012409323,"Correctivo",0.715842653675653,720,0
"M0057","P11","Fresadora","A",12.4337841001061,52.872014155739,0.566074913860316,"Correctivo",0.733413789787234,679.044450193688,1
"M0058","P07","Fresadora","A",6.12888215220076,52.4775093759536,0.76167232555624,"Preventivo",0.833908884598662,331.380650124991,1
"M0059","P08","Torno","B",1.33408884785264,91.7048119536156,0.828129639635845,"Preventivo",0.720227099612121,530.186332845497,1
"M0060","P01","Fresadora","A",14.0633395089646,96.7189096993632,0.798406570663985,"Correctivo",0.683622897300344,124.931255963589,1
"M0061","P12","Prensa","B",4.91108047133707,73.1706005460255,0.735598337457658,"Preventivo",0.774328743039631,720,0
"M0062","P09","Torno","A",5.13634662219546,90.4672621881409,0.470202163959619,"Correctivo",0.715842653675653,720,0
"M0063","P08","Torno","B",5.61780950000676,105.14020424681,0.812227634704781,"Correctivo",0.720227099612121,666.798615459179,1
"M0064","P07","Prensa","C",13.2723410055815,54.3368058083307,0.874756623108531,"Preventivo",0.833908884598662,125.3019453872,1
"M0065","P05","Torno","C",2.75455267333815,69.072312293848,0.644341336461935,"Preventivo",0.552982935374633,149.207463457374,1
"M0066","P04","Prensa","A",2.85643330183712,75.9457336175043,0.908904336707862,"Preventivo",0.594337764396895,534.874724197107,1
"M0067","P09","Torno","C",11.2141317712183,105.349354612062,0.414108387681286,"Preventivo",0.715842653675653,151.571165840719,1
"M0068","P04","Torno","A",6.82621655109159,81.3616911733477,0.892767470624731,"Correctivo",0.594337764396895,213.642974218935,1
"M0069","P06","Torno","A",13.4717699222283,114.402484873716,0.718436357287949,"Correctivo",0.557821620353168,493.600372480758,1
"M0070","P09","Torno","B",8.82583749033378,98.2989021737191,0.680609710862254,"Preventivo",0.715842653675653,720,0
"M0071","P12","Torno","C",5.88173153151503,49.3315987303184,0.811237735210134,"Preventivo",0.774328743039631,183.643556077154,1
"M0072","P08","Fresadora","C",9.30275381720937,67.17003424379,0.87200766321465,"Correctivo",0.720227099612121,694.358006046299,1
"M0073","P09","Prensa","C",6.14083579785596,81.4199271556971,0.855713327919423,"Preventivo",0.715842653675653,394.730807686135,1
"M0074","P04","Prensa","B",4.10514623127811,57.5095464082952,0.429877088184376,"Correctivo",0.594337764396895,720,0
"M0075","P03","Fresadora","B",4.49103614890094,64.1804453387256,0.61772732707204,"Correctivo",0.551092236535844,720,0
"M0076","P10","Fresadora","C",11.3198341508032,77.6686980711891,0.47171536571887,"Preventivo",0.787786282105075,128.411126528306,1
"M0077","P07","Fresadora","B",14.0567792314736,94.1073165496512,0.522731065266325,"Preventivo",0.833908884598662,720,0
"M0078","P01","Prensa","B",2.01003181704958,79.4755655897515,0.922444475070467,"Correctivo",0.683622897300344,720,0
"M0079","P12","Prensa","B",6.20279123693797,75.4013544785063,0.712879697305599,"Correctivo",0.774328743039631,442.748035783055,1
"M0080","P01","Prensa","B",2.60929870428288,91.5954882483803,0.801344181224849,"Correctivo",0.683622897300344,548.125974348234,1
"M0081","P01","Prensa","B",4.32595270250137,88.1063477922991,0.728166737170976,"Correctivo",0.683622897300344,428.170022931565,1
"M0082","P07","Torno","A",4.46525247282922,84.1046803484779,0.790910020696047,"Correctivo",0.833908884598662,261.918149341391,1
"M0083","P10","Torno","C",9.00677086171073,101.297388242764,0.706094873966902,"Preventivo",0.787786282105075,457.256773464158,1
"M0084","P04","Torno","B",16.3786101298833,61.4925087891929,0.835664309273816,"Correctivo",0.594337764396895,672.136695632879,1
"M0085","P06","Prensa","A",5.57477688850719,87.7077410802549,0.763826064437036,"Correctivo",0.557821620353168,709.393246897084,1
"M0086","P10","Prensa","B",7.64601081195587,60.6695479282281,0.669181718392627,"Preventivo",0.787786282105075,706.985556642663,1
"M0087","P11","Torno","A",6.3101106820841,87.8682644397272,0.43887373333328,"Correctivo",0.733413789787234,720,0
"M0088","P12","Fresadora","B",1.07378064496651,89.5394095176548,0.750229461729026,"Correctivo",0.774328743039631,720,0
"M0089","P03","Fresadora","A",12.7505959225542,80.6830148387693,0.705939208073606,"Correctivo",0.551092236535844,373.841135476991,1
"M0090","P04","Torno","C",5.04166534530804,69.5875677145193,0.873523334645908,"Preventivo",0.594337764396895,711.403224054194,1
"M0091","P08","Torno","A",8.96075047224379,70.5828089757121,0.754707384404648,"Preventivo",0.720227099612121,297.320076537608,1
"M0092","P08","Fresadora","C",14.4064556426924,81.3839156058588,0.814036835758697,"Preventivo",0.720227099612121,674.293633379509,1
"M0093","P06","Torno","B",4.72331998984498,68.4467685189364,0.482090735806536,"Preventivo",0.557821620353168,720,0
"M0094","P06","Fresadora","A",3.00537203806502,72.8763475989711,0.454555488757416,"Preventivo",0.557821620353168,720,0
"M0095","P11","Fresadora","A",7.52812771271762,64.4856523336377,0.533595424162287,"Preventivo",0.733413789787234,720,0
"M0096","P08","Torno","C",6.20665406274569,82.5016721057893,0.63067606143513,"Correctivo",0.720227099612121,383.00339698673,1
"M0097","P08","Fresadora","A",7.04173892393341,67.9039348134782,0.944361292150038,"Preventivo",0.720227099612121,101.268033572217,1
"M0098","P12","Prensa","C",11.8447248856039,89.3902132735288,0.930975458746336,"Preventivo",0.774328743039631,519.044206504052,1
"M0099","P09","Fresadora","B",3.1990341486141,77.7493434503985,0.744467179937281,"Correctivo",0.715842653675653,553.340236067073,1
"M0100","P10","Torno","B",5.47288289011522,65.1786089203146,0.82987208916936,"Preventivo",0.787786282105075,314.692539687712,1
"M0101","P06","Prensa","B",1.98290527556468,80.1392551928043,0.541723650759415,"Correctivo",0.557821620353168,398.159624376671,1
"M0102","P03","Fresadora","A",9.95296959261734,100.967309290042,0.415494272423454,"Correctivo",0.551092236535844,720,0
"M0103","P05","Torno","A",4.71035455541961,77.9227482501023,0.782134441593374,"Preventivo",0.552982935374633,693.823702429138,1
"M0104","P08","Fresadora","B",9.07352036113374,60.9500812879284,0.735997167544952,"Preventivo",0.720227099612121,720,0
"M0105","P05","Prensa","B",11.3909334588817,51.2889171543702,0.708698283532095,"Preventivo",0.552982935374633,720,0
"M0106","P11","Prensa","B",9.75837305893178,85.322062702966,0.583469632012838,"Preventivo",0.733413789787234,720,0
"M0107","P02","Torno","B",3.02899452885681,45.6334013971339,0.686264878025626,"Correctivo",0.680793683287145,720,0
"M0108","P09","Torno","B",6.05292348731471,71.5058304383973,0.698393441628956,"Preventivo",0.715842653675653,142.251991480299,1
"M0109","P12","Torno","B",3.69557515151628,80.6989350381559,0.869930398340063,"Correctivo",0.774328743039631,563.406751751895,1
"M0110","P03","Fresadora","B",6.69656216769673,30,0.827684202271935,"Correctivo",0.551092236535844,432.11526382432,1
"M0111","P01","Prensa","C",9.99130522711645,62.1725242632971,0.722569580732533,"Preventivo",0.683622897300344,287.766457067046,1
"M0112","P09","Torno","B",17.7981778302321,118.379937277332,0.589027857351966,"Preventivo",0.715842653675653,177.785423664178,1
"M0113","P12","Torno","B",2.32869802296647,89.9498028334004,0.791600023208878,"Preventivo",0.774328743039631,654.632238141855,1
"M0114","P05","Fresadora","A",3.6705927954092,86.4026427256908,0.413366089423422,"Correctivo",0.552982935374633,55.0596124851174,1
"M0115","P06","Prensa","B",5.39397254270428,86.216712759704,0.727393502335094,"Preventivo",0.557821620353168,720,0
"M0116","P01","Fresadora","B",3.2417936030374,79.0664932740068,0.591936781742886,"Preventivo",0.683622897300344,720,0
"M0117","P04","Prensa","B",4.495209992808,86.8983245313243,0.535056375363314,"Correctivo",0.594337764396895,365.684470604723,1
"M0118","P07","Fresadora","A",4.72624706464981,63.3648093986062,0.356559075358269,"Correctivo",0.833908884598662,720,0
"M0119","P07","Torno","B",10.1008700931759,90.5257562322594,0.420404661868813,"Preventivo",0.833908884598662,720,0
"M0120","P06","Fresadora","B",6.76858507951567,71.022112868774,0.281268539287778,"Correctivo",0.557821620353168,720,0
"M0121","P08","Torno","B",4.83298849270773,51.9888352759396,0.760366250638055,"Correctivo",0.720227099612121,283.942567787916,1
"M0122","P02","Prensa","A",17.0670271498484,54.3713879212409,0.674339156612344,"Preventivo",0.680793683287145,683.676171181064,1
"M0123","P08","Fresadora","B",4.1314284185978,79.4025492673838,0.749184420853864,"Correctivo",0.720227099612121,720,0
"M0124","P03","Torno","A",6.70019192981809,114.16838423331,0.790814719796621,"Correctivo",0.551092236535844,220.274763735554,1
"M0125","P09","Fresadora","A",20,98.1391567973596,0.548838385244968,"Preventivo",0.715842653675653,658.41438020414,1
"M0126","P02","Fresadora","B",9.63557970681563,65.8984355282663,0.647637329691022,"Correctivo",0.680793683287145,633.518690801053,1
"M0127","P06","Fresadora","B",3.54816988371217,82.0555766496876,0.834622103498662,"Preventivo",0.557821620353168,149.24516337243,1
"M0128","P01","Fresadora","B",9.7269165299342,102.226688830356,0.53238539990043,"Correctivo",0.683622897300344,720,0
"M0129","P01","Prensa","A",6.64402033144091,75.4000960655278,0.683468850858156,"Preventivo",0.683622897300344,720,0
"M0130","P06","Fresadora","A",5.69372281998696,85.0586327211294,0.247691892121326,"Preventivo",0.557821620353168,720,0
"M0131","P12","Fresadora","A",4.17648637915035,88.5859443253324,0.756982794994789,"Correctivo",0.774328743039631,379.81391063618,1
"M0132","P02","Prensa","C",6.43183770247092,80.8104796565333,0.808054060273,"Correctivo",0.680793683287145,665.50286130241,1
"M0133","P01","Torno","B",4.39016140557829,106.481538948663,0.404050257368955,"Correctivo",0.683622897300344,720,0
"M0134","P03","Prensa","C",4.94587696211284,97.239558098118,0.677090506964395,"Preventivo",0.551092236535844,720,0
"M0135","P09","Prensa","C",5.15234887565079,55.7663129790606,0.752612308894166,"Correctivo",0.715842653675653,720,0
"M0136","P05","Torno","C",4.82810335531648,90.5352566654891,0.739545962869118,"Preventivo",0.552982935374633,378.662356791722,1
"M0137","P06","Fresadora","A",13.2120393365411,70.6931827307891,0.850347780092021,"Correctivo",0.557821620353168,714.357569048453,1
"M0138","P06","Prensa","A",11.1597743894476,81.4895460355701,0.289992578862422,"Correctivo",0.557821620353168,720,0
"M0139","P04","Torno","C",4.41462312652602,98.7832620484381,0.726088872762645,"Preventivo",0.594337764396895,581.252360705592,1
"M0140","P07","Torno","B",4.39973241264862,32.8846145755135,0.873790596979275,"Preventivo",0.833908884598662,267.295459723477,1
"M0141","P01","Fresadora","B",13.4166428797188,70.9210806917896,0.552773237652806,"Correctivo",0.683622897300344,720,0
"M0142","P02","Torno","B",7.1737546790271,92.6369194905586,0.881625399175462,"Correctivo",0.680793683287145,627.366718130212,1
"M0143","P01","Fresadora","A",2.89799091803889,81.0186167455218,0.687467470934426,"Correctivo",0.683622897300344,699.59295847309,1
"M0144","P11","Torno","B",10.9722504502927,63.4403273631945,0.851888012463713,"Correctivo",0.733413789787234,720,0
"M0145","P06","Torno","C",14.3168871439537,76.970967621728,0.857195721564838,"Preventivo",0.557821620353168,50.1049045161585,1
"M0146","P08","Fresadora","A",1.9364406893688,82.5897623596739,0.664204486163612,"Correctivo",0.720227099612121,5.50237568729157,1
"M0147","P05","Prensa","A",9.15506515521706,61.0105148664493,0.731137844374165,"Correctivo",0.552982935374633,153.660339892399,1
"M0148","P06","Fresadora","A",11.0091628268395,79.9478298998326,0.894012161447216,"Correctivo",0.557821620353168,403.031969070744,1
"M0149","P08","Fresadora","A",7.54386219480996,54.9350305422755,0.696596330027967,"Preventivo",0.720227099612121,273.809379211969,1
"M0150","P11","Prensa","B",2.28144372320605,77.5535907602517,0.875848030215376,"Preventivo",0.733413789787234,431.763468564212,1
"M0151","P11","Fresadora","B",2.86092882343869,82.9952565843767,0.783407839360773,"Correctivo",0.733413789787234,720,0
"M0152","P01","Torno","A",10.6912080364123,68.2333764570508,0.565310621053295,"Preventivo",0.683622897300344,545.420820542738,1
"M0153","P08","Prensa","A",4.93182816706516,86.9485335990498,0.728187924136488,"Correctivo",0.720227099612121,541.444952026248,1
"M0154","P02","Fresadora","A",1.80175577344567,76.7470940888519,0.857850555491123,"Correctivo",0.680793683287145,320.422629104354,1
"M0155","P07","Torno","B",7.86045220353325,66.3853149679101,0.586888159165717,"Preventivo",0.833908884598662,720,0
"M0156","P06","Prensa","B",5.28498959493406,117.784707444491,0.724791168638617,"Correctivo",0.557821620353168,244.003632064783,1
"M0157","P11","Prensa","A",6.24279332744686,57.9894873904411,0.598214174753353,"Preventivo",0.733413789787234,720,0
"M0158","P09","Torno","A",3.14520715542967,90.5677506724168,0.762648614163818,"Correctivo",0.715842653675653,507.76916415381,1
"M0159","P06","Prensa","B",6.50593218486018,63.9337477128367,0.567787657616721,"Correctivo",0.557821620353168,720,0
"M0160","P03","Torno","B",4.66218369433461,77.5830736555205,0.688931708742875,"Preventivo",0.551092236535844,720,0
"M0161","P08","Fresadora","C",5.87894486827544,63.2504686527011,0.820467507696241,"Correctivo",0.720227099612121,546.227914981487,1
"M0162","P09","Prensa","C",1.02582774062558,66.3209844555625,0.627809626302858,"Preventivo",0.715842653675653,333.254224576218,1
"M0163","P03","Torno","A",10.0708700466523,92.7411425889412,0.733359499076804,"Preventivo",0.551092236535844,716.015657702117,1
"M0164","P12","Prensa","A",3.22294549237734,96.7071298280885,0.710479117171991,"Preventivo",0.774328743039631,720,0
"M0165","P06","Fresadora","C",9.72106703396546,85.7539856342424,0.600373023279375,"Correctivo",0.557821620353168,720,0
"M0166","P06","Fresadora","B",7.00162905383455,83.596939422891,0.754757157086716,"Preventivo",0.557821620353168,720,0
"M0167","P11","Prensa","A",2.16317519200219,68.0090088015051,0.704718739254249,"Correctivo",0.733413789787234,472.752509932613,1
"M0168","P11","Torno","A",8.89146233308338,88.5253120200613,0.739762422735938,"Correctivo",0.733413789787234,393.585763844792,1
"M0169","P04","Prensa","A",2.31535780941201,60.7018023615666,0.853590431440194,"Correctivo",0.594337764396895,262.295450486689,1
"M0170","P03","Fresadora","B",5.68245386175929,45.9524940772202,0.468387237195583,"Correctivo",0.551092236535844,720,0
"M0171","P10","Torno","C",5.85389608180492,59.2735119500061,0.724381826959665,"Preventivo",0.787786282105075,720,0
"M0172","P02","Fresadora","B",6.92069704795592,125.338317737412,0.45277814064819,"Correctivo",0.680793683287145,412.187310911723,1
"M0173","P07","Torno","C",7.91685509308094,85.8036883310793,0.655318549733422,"Preventivo",0.833908884598662,720,0
"M0174","P11","Prensa","A",8.31598353135648,93.7607096763034,0.695949848009451,"Preventivo",0.733413789787234,720,0
"M0175","P10","Prensa","C",4.74547180412945,70.8760958691364,0.580791501648715,"Preventivo",0.787786282105075,720,0
"M0176","P06","Prensa","B",7.61643983798943,78.6331597448728,0.70204429567857,"Preventivo",0.557821620353168,720,0
"M0177","P01","Torno","B",6.02405010037645,100.876150945519,0.591771650629214,"Preventivo",0.683622897300344,720,0
"M0178","P02","Torno","B",7.7144912508168,64.7776371971066,0.821016065333282,"Correctivo",0.680793683287145,155.017914863075,1
"M0179","P07","Prensa","A",9.46204404039191,72.5049019428801,0.510404029534601,"Correctivo",0.833908884598662,349.002976957235,1
"M0180","P03","Prensa","B",4.37425065278016,55.7953806314232,0.491582086539994,"Correctivo",0.551092236535844,720,0
"M0181","P02","Prensa","A",8.42624855722022,88.808235847433,0.557143177871456,"Correctivo",0.680793683287145,720,0
"M0182","P05","Fresadora","C",6.63055799278738,107.066671542622,0.683354732049204,"Preventivo",0.552982935374633,500.678590803472,1
"M0183","P06","Fresadora","A",4.49637218313026,70.7057355569242,0.623550742440025,"Correctivo",0.557821620353168,720,0
"M0184","P06","Prensa","B",4.8971390213691,51.4955527027907,0.515621368865176,"Preventivo",0.557821620353168,720,0
"M0185","P09","Torno","A",8.72968175470173,71.4382865511959,0.857943482343277,"Correctivo",0.715842653675653,441.110789591003,1
"M0186","P06","Fresadora","C",5.33289144255987,86.9609630529735,0.754906884777321,"Correctivo",0.557821620353168,720,0
"M0187","P02","Fresadora","A",8.49758429116925,59.5109035979193,0.829465369976493,"Correctivo",0.680793683287145,706.364732312023,1
"M0188","P11","Fresadora","C",16.1674150860377,65.2123306029948,0.745162918629115,"Correctivo",0.733413789787234,489.647372010489,1
"M0189","P06","Fresadora","B",15.687662309322,76.5415029518656,0.711086850609919,"Preventivo",0.557821620353168,586.493762119552,1
"M0190","P05","Torno","C",5.6160737480679,84.684905510981,0.785376555174736,"Correctivo",0.552982935374633,585.426984671356,1
"M0191","P12","Prensa","A",13.2436342739271,96.3020573488415,0.755979195077371,"Correctivo",0.774328743039631,541.427057646823,1
"M0192","P02","Torno","B",2.74919283501168,64.6678203615848,0.48627991013112,"Correctivo",0.680793683287145,720,0
"M0193","P03","Torno","C",2.99605060480478,90.3904985374046,0.78670070754922,"Correctivo",0.551092236535844,618.837006829901,1
"M0194","P05","Prensa","A",2.96455788278757,78.7188016708068,0.670603953388963,"Preventivo",0.552982935374633,720,0
"M0195","P03","Prensa","A",4.92234546016057,95.9713706236511,0.703725215799154,"Correctivo",0.551092236535844,290.07414370377,1
"M0196","P02","Fresadora","A",6.18464002063583,66.9675867364983,0.300492669538378,"Correctivo",0.680793683287145,720,0
"M0197","P04","Fresadora","B",5.62937767661241,75.4291036526161,0.553410724498123,"Preventivo",0.594337764396895,720,0
"M0198","P01","Prensa","B",4.26410329498417,67.9452495951237,0.558737400048403,"Preventivo",0.683622897300344,108.801364561321,1
"M0199","P01","Torno","A",3.6840633927511,92.5079134284533,0.520664240045689,"Preventivo",0.683622897300344,720,0
"M0200","P08","Prensa","A",3.49308555604227,106.806757211324,0.835994191960902,"Correctivo",0.720227099612121,646.83054337785,1
"M0201","P09","Torno","A",7.35310447855568,86.1663018659564,0.517942713049614,"Correctivo",0.715842653675653,556.60879260871,1
"M0202","P03","Fresadora","B",3.57965188265434,54.3668101323686,0.475978694900779,"Correctivo",0.551092236535844,720,0
"M0203","P04","Torno","A",12.3029372525545,98.5059925364511,0.713844716669786,"Correctivo",0.594337764396895,595.786979217994,1
"M0204","P01","Prensa","B",7.51042487409776,86.5867056324394,0.716947596555693,"Preventivo",0.683622897300344,674.150142980061,1
"M0205","P11","Torno","C",6.49763332816198,99.335541360699,0.64456689960795,"Preventivo",0.733413789787234,352.88539698806,1
"M0206","P01","Torno","B",7.33248163886534,83.9303469628387,0.436953851515479,"Preventivo",0.683622897300344,720,0
"M0207","P02","Torno","C",12.9935949863986,65.3525156919405,0.674853705631427,"Preventivo",0.680793683287145,144.646230725594,1
"M0208","P06","Torno","A",3.40716068059598,72.3740425768615,0.681551017811078,"Correctivo",0.557821620353168,720,0
"M0209","P11","Fresadora","A",5.08369570767172,86.4253073905738,0.545816403223305,"Correctivo",0.733413789787234,596.877941061712,1
"M0210","P03","Prensa","A",2.6947320247327,57.1434617040237,0.542198793480684,"Correctivo",0.551092236535844,677.940252695346,1
"M0211","P12","Torno","B",7.10043867325072,77.2219329750886,0.461357634276801,"Preventivo",0.774328743039631,720,0
"M0212","P01","Fresadora","A",5.66875827790449,97.6829581137104,0.792162789790773,"Preventivo",0.683622897300344,720,0
"M0213","P07","Torno","B",9.18706111832271,77.0678817933591,0.361894069741062,"Correctivo",0.833908884598662,153.077377953111,1
"M0214","P07","Fresadora","C",4.90686239045855,74.9998390113977,0.578138236677844,"Preventivo",0.833908884598662,84.555772504902,1
"M0215","P11","Prensa","A",4.99976540610086,59.3039015126653,0.849879471540205,"Preventivo",0.733413789787234,490.871117376548,1
"M0216","P03","Torno","A",6.89525371281832,91.4085844616776,0.757420452420738,"Correctivo",0.551092236535844,532.83949159644,1
"M0217","P02","Torno","A",9.42397469448256,98.9241850227645,0.813925473392674,"Preventivo",0.680793683287145,500.31936182628,1
"M0218","P05","Fresadora","C",4.32575831066285,86.1855463355856,0.877490165989072,"Preventivo",0.552982935374633,720,0
"M0219","P05","Fresadora","B",9.67195066414092,80.4948454129062,0.530179650438101,"Preventivo",0.552982935374633,482.610474576398,1
"M0220","P01","Torno","C",8.27783778573576,63.2520526791769,0.521927509540747,"Preventivo",0.683622897300344,537.688808495476,1
"M0221","P11","Torno","A",3.81287841098123,81.75944396098,0.468083081896744,"Preventivo",0.733413789787234,720,0
"M0222","P07","Prensa","B",11.6345251056707,53.3713456847508,0.536124437561819,"Preventivo",0.833908884598662,366.93354098536,1
"M0223","P03","Fresadora","B",20,108.842592090066,0.853751398652398,"Correctivo",0.551092236535844,99.3853810658443,1
"M0224","P05","Prensa","C",8.7872780751591,109.646810902828,0.895118766607529,"Preventivo",0.552982935374633,699.307061349218,1
"M0225","P11","Prensa","A",2.84054894976813,65.2670893655088,0.919825560574234,"Correctivo",0.733413789787234,241.098259031764,1
"M0226","P08","Fresadora","B",12.7974305678032,38.2171545005854,0.942305639655465,"Correctivo",0.720227099612121,438.877769275137,1
"M0227","P05","Prensa","A",5.39874270524136,63.9481165748947,0.475624485070281,"Preventivo",0.552982935374633,720,0
"M0228","P04","Fresadora","A",12.2642384663162,86.0270584231443,0.581994926044565,"Preventivo",0.594337764396895,487.384023473473,1
"M0229","P03","Fresadora","A",2.13533294804593,71.861010555669,0.293283545018557,"Correctivo",0.551092236535844,720,0
"M0230","P08","Fresadora","A",4.7149962665119,79.7839204908775,0.293458116091031,"Preventivo",0.720227099612121,561.177746454867,1
"M0231","P01","Torno","C",4.37199308029325,118.993096081747,0.685746604235513,"Correctivo",0.683622897300344,60.6541612547292,1
"M0232","P11","Prensa","A",7.01918761073559,82.980323504078,0.765038538978617,"Correctivo",0.733413789787234,367.843597087652,1
"M0233","P01","Fresadora","A",6.07584272526249,48.9973045399157,0.629768710988588,"Preventivo",0.683622897300344,720,0
"M0234","P07","Torno","B",4.69302640670029,93.6210457098004,0.500491311261076,"Correctivo",0.833908884598662,540.813886324818,1
"M0235","P06","Fresadora","C",5.34527137051289,39.832340235836,0.775422628173717,"Correctivo",0.557821620353168,536.949244418919,1
"M0236","P09","Prensa","B",6.28498029423022,85.6530596674449,0.699862459976802,"Correctivo",0.715842653675653,532.911257582615,1
"M0237","P04","Prensa","A",4.95480503459722,77.5564343767313,0.553441117095012,"Preventivo",0.594337764396895,720,0
"M0238","P10","Prensa","A",8.68260470402689,56.5961169897555,0.836052904528112,"Preventivo",0.787786282105075,584.99978205618,1
"M0239","P07","Torno","A",3.8053014461242,68.2757548793647,0.753669998379429,"Correctivo",0.833908884598662,720,0
"M0240","P11","Fresadora","C",0.843042070531901,95.8128815544585,0.436352871715904,"Preventivo",0.733413789787234,69.3062477576321,1
"M0241","P04","Prensa","A",5.88354882466281,90.120468336712,0.57683737622827,"Correctivo",0.594337764396895,338.507507810612,1
"M0242","P12","Fresadora","A",6.61544906670617,92.0312098965682,0.325638627683491,"Correctivo",0.774328743039631,720,0
"M0243","P02","Torno","A",6.06645627761254,66.6431860786432,0.748849317359319,"Correctivo",0.680793683287145,720,0
"M0244","P02","Fresadora","C",11.7101271151607,67.1176507312905,0.251364715078574,"Correctivo",0.680793683287145,720,0
"M0245","P01","Fresadora","C",5.28571726991976,70.5338652033566,0.568080157148979,"Preventivo",0.683622897300344,720,0
"M0246","P10","Prensa","C",1.50221225472042,72.3523060817958,0.708641660035255,"Preventivo",0.787786282105075,700.890649319931,1
"M0247","P01","Fresadora","C",7.73396718126023,91.8016202699051,0.690639199387957,"Preventivo",0.683622897300344,720,0
"M0248","P01","Prensa","B",10.4995586673238,99.589231339602,0.840907936346007,"Preventivo",0.683622897300344,557.489350978841,1
"M0249","P08","Prensa","A",3.43747979536938,105.354967792809,0.769410113822705,"Correctivo",0.720227099612121,720,0
"M0250","P01","Prensa","B",2.6860351617522,84.5745814819552,0.545028459804841,"Correctivo",0.683622897300344,720,0
"M0251","P05","Torno","B",2.32644027069716,95.3737810129203,0.458446398358353,"Correctivo",0.552982935374633,720,0
"M0252","P10","Prensa","A",16.5672393310321,94.0954184007448,0.809839194894703,"Correctivo",0.787786282105075,554.335560951371,1
"M0253","P04","Prensa","B",4.98359363626117,90.7515074033329,0.720253751729128,"Correctivo",0.594337764396895,227.357818146911,1
"M0254","P01","Torno","A",4.3341098551209,66.5287611446499,0.674910219202532,"Correctivo",0.683622897300344,720,0
"M0255","P09","Fresadora","A",5.98702353971489,84.3449729468428,0.929840781371722,"Preventivo",0.715842653675653,421.502566447467,1
"M0256","P04","Prensa","B",7.80581618386231,61.6095174740595,0.944400727801504,"Preventivo",0.594337764396895,720,0
"M0257","P05","Torno","B",3.47617740450793,99.8953769757587,0.718697683801217,"Correctivo",0.552982935374633,720,0
"M0258","P12","Torno","A",1.44809775174215,91.8355644497838,0.609681281597615,"Correctivo",0.774328743039631,720,0
"M0259","P08","Prensa","C",2.98239577861585,105.661213198316,0.926365332839685,"Correctivo",0.720227099612121,579.388724146706,1
"M0260","P07","Torno","A",4.72588201307908,75.844035389231,0.854789932244215,"Preventivo",0.833908884598662,720,0
"M0261","P12","Prensa","A",3.98992880942231,84.0420194954336,0.839448686073509,"Correctivo",0.774328743039631,720,0
"M0262","P05","Torno","A",3.0518299155145,71.7429632124306,0.89349814709702,"Correctivo",0.552982935374633,720,0
"M0263","P11","Torno","A",5.43140113494863,127.268156825943,0.544736824051767,"Preventivo",0.733413789787234,720,0
"M0264","P05","Torno","C",3.1678663168222,93.4970329661471,0.644381344802856,"Preventivo",0.552982935374633,720,0
"M0265","P01","Prensa","B",4.37443358398999,88.6510333834023,0.506333886208803,"Preventivo",0.683622897300344,720,0
"M0266","P07","Prensa","C",3.24145574664909,102.437455119288,0.557270899957722,"Correctivo",0.833908884598662,455.550186702142,1
"M0267","P09","Fresadora","B",3.84146094152486,85.8632957359757,0.570721328657727,"Correctivo",0.715842653675653,720,0
"M0268","P08","Torno","B",15.7302534589428,100.009278975954,0.533519552933613,"Preventivo",0.720227099612121,582.635495694464,1
"M0269","P08","Torno","B",10.9910376496204,76.3948336902338,0.574385197015172,"Preventivo",0.720227099612121,606.551054439299,1
"M0270","P12","Fresadora","B",2.81596988584773,102.686202465901,0.609374890017587,"Correctivo",0.774328743039631,720,0
"M0271","P10","Prensa","B",3.32950146408929,93.6645324684694,0.923606159619207,"Correctivo",0.787786282105075,720,0
"M0272","P05","Torno","A",1.08013615152681,56.0521746797175,0.733818230993772,"Correctivo",0.552982935374633,720,0
"M0273","P11","Prensa","B",7.82460854352651,61.1559817592368,0.59871552629259,"Preventivo",0.733413789787234,641.40745914625,1
"M0274","P06","Fresadora","A",2.07821658191971,84.0499348219532,0.701221846826838,"Correctivo",0.557821620353168,720,0
"M0275","P03","Torno","B",20,60.0621944458543,0.861276966623844,"Preventivo",0.551092236535844,41.1434083415939,1
"M0276","P12","Fresadora","C",2.86048563128243,68.952979929286,0.723428834497994,"Correctivo",0.774328743039631,720,0
"M0277","P05","Torno","B",6.15439570099267,82.6106660634449,0.647301666285467,"Correctivo",0.552982935374633,720,0
"M0278","P05","Prensa","A",10.3563947676968,67.3574479931806,0.499510741529803,"Correctivo",0.552982935374633,462.983382598854,1
"M0279","P09","Fresadora","C",6.27960613760245,70.0217866753119,0.476294008668257,"Correctivo",0.715842653675653,720,0
"M0280","P09","Torno","A",13.2658995963833,80.1274765444462,0.583610062937884,"Preventivo",0.715842653675653,309.200691868979,1
"M0281","P02","Prensa","B",6.1230812758474,88.5146572303785,0.603028386500299,"Preventivo",0.680793683287145,720,0
"M0282","P12","Torno","A",5.70653830112246,45.5488537178955,0.785874008032212,"Preventivo",0.774328743039631,408.808588726927,1
"M0283","P12","Torno","C",8.10566963129787,99.692505174657,0.368027992736127,"Preventivo",0.774328743039631,406.752011427967,1
"M0284","P12","Prensa","A",4.78454369118624,97.5732306099039,0.775129019813167,"Preventivo",0.774328743039631,720,0
"M0285","P11","Fresadora","A",6.18235304406727,73.0917286199903,0.486399688697363,"Preventivo",0.733413789787234,720,0
"M0286","P10","Torno","A",3.05028862578041,95.4433694432745,0.802924281538156,"Correctivo",0.787786282105075,720,0
"M0287","P10","Prensa","C",8.977827429861,64.9565964493994,0.601064607025505,"Correctivo",0.787786282105075,720,0
"M0288","P09","Fresadora","C",8.28914482925485,66.1547088298795,0.784368137180265,"Correctivo",0.715842653675653,50.3735813725781,1
"M0289","P02","Fresadora","C",7.86529957958232,87.8927386053094,0.357834131890641,"Preventivo",0.680793683287145,540.653604459548,1
"M0290","P05","Prensa","B",5.34164947438362,59.990535055677,0.504912168198339,"Correctivo",0.552982935374633,720,0
"M0291","P01","Torno","A",2.88075193045412,57.0319849578253,0.690737813930872,"Correctivo",0.683622897300344,720,0
"M0292","P08","Fresadora","B",5.64117840441816,76.0318663386142,0.458877491914101,"Preventivo",0.720227099612121,720,0
"M0293","P09","Fresadora","A",4.96728659464265,69.5237523106267,0.766600302612043,"Correctivo",0.715842653675653,102.240404080437,1
"M0294","P04","Prensa","A",7.97145220333507,77.5962922999922,0.789834428033652,"Preventivo",0.594337764396895,515.840193674351,1
"M0295","P07","Torno","A",6.27745946158271,96.8616405821181,0.737348594499734,"Preventivo",0.833908884598662,720,0
"M0296","P10","Fresadora","B",9.40815850621803,84.9393355435999,0.813918275051508,"Correctivo",0.787786282105075,445.477267277672,1
"M0297","P07","Torno","A",5.8312124356279,38.1817132687771,0.697485478941337,"Preventivo",0.833908884598662,720,0
"M0298","P11","Fresadora","C",4.6430687563714,50.1149039616744,0.660886674424426,"Preventivo",0.733413789787234,720,0
"M0299","P09","Prensa","C",2.74651624848685,80.8569782135653,0.518486231360692,"Correctivo",0.715842653675653,630.527386457045,1
"M0300","P02","Prensa","B",3.30557069075706,88.1172136698619,0.572998642075396,"Preventivo",0.680793683287145,720,0
"M0301","P10","Fresadora","B",4.66666626065469,71.3809150729908,0.405687841446381,"Correctivo",0.787786282105075,314.996360490097,1
"M0302","P10","Torno","A",4.22932490381763,83.6316619859888,0.907922672494778,"Correctivo",0.787786282105075,487.966273900868,1
"M0303","P10","Torno","A",8.30894668129764,75.7068039783104,0.650781631167672,"Correctivo",0.787786282105075,720,0
"M0304","P10","Fresadora","B",2.76859593803227,74.7666675910436,0.581345566374332,"Preventivo",0.787786282105075,525.492568919765,1
"M0305","P12","Prensa","A",5.43332898224137,104.084116437049,0.859554294876607,"Preventivo",0.774328743039631,126.814830479151,1
"M0306","P11","Fresadora","C",4.36112216315867,65.6187008455111,0.844877262401751,"Correctivo",0.733413789787234,116.8779097738,1
"M0307","P12","Fresadora","A",15.3562846179625,90.4550471165565,0.608606764698447,"Preventivo",0.774328743039631,577.880443648639,1
"M0308","P07","Prensa","A",7.68480327026724,73.6280029108909,0.726108359697496,"Correctivo",0.833908884598662,93.2374158005121,1
"M0309","P03","Fresadora","A",5.85143707601705,84.2780707194952,0.60328992652528,"Preventivo",0.551092236535844,598.975481917056,1
"M0310","P09","Prensa","C",5.99589439829049,102.565911004197,0.635324090806449,"Correctivo",0.715842653675653,720,0
"M0311","P09","Fresadora","C",10.7398541967293,82.9382191306411,0.761631095504535,"Correctivo",0.715842653675653,720,0
"M0312","P06","Torno","B",8.76314411810463,117.643115901386,0.458503461314701,"Correctivo",0.557821620353168,720,0
"M0313","P06","Torno","B",3.72066844015665,82.8251755667258,0.543545477567563,"Preventivo",0.557821620353168,720,0
"M0314","P03","Fresadora","C",3.21541700715617,68.3442843940321,0.712450530522198,"Correctivo",0.551092236535844,178.106984067529,1
"M0315","P02","Torno","B",9.90426984462692,74.9656323428153,0.762546364714201,"Correctivo",0.680793683287145,380.927980049076,1
"M0316","P03","Prensa","C",6.18329908951384,71.7896962959538,0.731293620897748,"Preventivo",0.551092236535844,720,0
"M0317","P06","Torno","B",4.95010357180217,83.8011021775395,0.924510132632004,"Correctivo",0.557821620353168,720,0
"M0318","P08","Fresadora","C",1.84746195265208,38.4973671589387,0.490157438991458,"Preventivo",0.720227099612121,504.139126140164,1
"M0319","P07","Prensa","A",5.08903233602053,91.0920531935121,0.56037967353404,"Correctivo",0.833908884598662,434.468570729431,1
"M0320","P12","Fresadora","C",6.9604872530157,104.008663599097,0.540409167726637,"Correctivo",0.774328743039631,223.997723682278,1
"M0321","P11","Torno","A",3.20452918529773,84.3765507813525,0.701351412489895,"Preventivo",0.733413789787234,471.757961634953,1
"M0322","P11","Torno","A",3.50325078093537,84.6243580184474,0.761499381350835,"Correctivo",0.733413789787234,720,0
"M0323","P01","Prensa","C",7.6245106816098,79.2666327920964,0.386654523772969,"Preventivo",0.683622897300344,720,0
"M0324","P05","Prensa","B",9.44953655209865,84.6184771474369,0.588418598597641,"Preventivo",0.552982935374633,720,0
"M0325","P06","Prensa","B",3.43211206160683,112.303642032598,0.783225846146382,"Correctivo",0.557821620353168,720,0
"M0326","P01","Torno","A",11.142564700118,47.237823847567,0.485679662217517,"Correctivo",0.683622897300344,571.379801518275,1
"M0327","P04","Torno","C",3.42578295023362,94.1136645198022,0.729004365065536,"Preventivo",0.594337764396895,122.95571194717,1
"M0328","P07","Torno","A",3.74041637409794,63.7709710325014,0.942616576606998,"Preventivo",0.833908884598662,534.094079333125,1
"M0329","P05","Torno","A",2.70950850697657,93.1055126017265,0.833854815216024,"Preventivo",0.552982935374633,539.506325042708,1
"M0330","P05","Torno","C",7.871348725687,30,0.778238816303869,"Preventivo",0.552982935374633,720,0
"M0331","P02","Torno","B",5.29125570596495,71.1169302303321,0.745863081404341,"Preventivo",0.680793683287145,463.968111946405,1
"M0332","P06","Torno","A",4.43744668079721,73.9514922106819,0.935280413149962,"Preventivo",0.557821620353168,720,0
"M0333","P09","Torno","C",6.23840868205402,86.5081997096131,0.597807056874037,"Correctivo",0.715842653675653,510.61881340951,1
"M0334","P11","Prensa","B",2.6796171485319,76.9314652583538,0.507134991883038,"Correctivo",0.733413789787234,519.509907191195,1
"M0335","P03","Prensa","C",13.6244720080076,102.065762850228,0.473177780757247,"Preventivo",0.551092236535844,522.011023945401,1
"M0336","P03","Prensa","A",8.16646731934009,85.6387186427841,0.622313457507325,"Correctivo",0.551092236535844,677.593776919347,1
"M0337","P11","Torno","B",8.46525040960218,51.4112898951883,0.737565074276414,"Preventivo",0.733413789787234,720,0
"M0338","P12","Torno","C",6.05533152081568,95.8934417941153,0.875570210352465,"Correctivo",0.774328743039631,274.060525121181,1
"M0339","P01","Prensa","A",8.542937318193,93.7661103189554,0.525088034547543,"Correctivo",0.683622897300344,719.268094214571,1
"M0340","P03","Prensa","A",12.8854333853768,67.4786074283494,0.542579709733659,"Preventivo",0.551092236535844,305.03846831111,1
"M0341","P11","Fresadora","C",2.34271167680908,106.394313876055,0.605750541383378,"Correctivo",0.733413789787234,669.588420639132,1
"M0342","P08","Prensa","A",6.56514076719297,86.2954635939213,0.736962166287366,"Preventivo",0.720227099612121,670.695781121483,1
"M0343","P04","Torno","B",9.40391157191523,100.273616481448,0.439156987911717,"Preventivo",0.594337764396895,720,0
"M0344","P07","Prensa","A",20,109.072172873582,0.924659802772016,"Preventivo",0.833908884598662,94.3962909986777,1
"M0345","P10","Prensa","C",8.46162460314777,64.0872271352251,0.73878275057296,"Preventivo",0.787786282105075,720,0
"M0346","P11","Prensa","B",12.3963597385502,86.9511882579845,0.810078570959975,"Preventivo",0.733413789787234,688.123212207939,1
"M0347","P04","Torno","B",5.30429241872223,107.043218368008,0.824542395571472,"Correctivo",0.594337764396895,71.8153949764222,1
"M0348","P06","Fresadora","A",2.77459569886561,85.8263076631208,0.784040865737219,"Correctivo",0.557821620353168,695.004479894901,1
"M0349","P11","Fresadora","B",6.68935370355196,102.784092986527,0.669746382630709,"Preventivo",0.733413789787234,720,0
"M0350","P11","Fresadora","A",3.6577692555854,93.3582134952303,0.390934962704004,"Preventivo",0.733413789787234,720,0
"M0351","P06","Torno","C",3.36604008358988,90.111145518309,0.442315026231963,"Correctivo",0.557821620353168,720,0
"M0352","P12","Torno","C",6.34360167735064,95.3670797142015,0.70476935848494,"Correctivo",0.774328743039631,368.368012692775,1
"M0353","P04","Torno","A",6.43789131866064,65.2804671919934,0.680718047257976,"Preventivo",0.594337764396895,471.395162810276,1
"M0354","P04","Torno","A",5.4550243340466,107.865452452039,0.568537969681006,"Preventivo",0.594337764396895,720,0
"M0355","P07","Prensa","C",4.82982672703959,51.5979373203598,0.79763902686183,"Correctivo",0.833908884598662,335.448550244888,1
"M0356","P11","Fresadora","B",6.89353667138991,76.511525209089,0.649372824549821,"Preventivo",0.733413789787234,374.128996804096,1
"M0357","P02","Prensa","A",3.4355406007283,88.9527931415812,0.675312155211194,"Correctivo",0.680793683287145,646.273668874177,1
"M0358","P10","Fresadora","B",10.3702658473717,79.6663479811072,0.40755996796408,"Preventivo",0.787786282105075,667.079934797425,1
"M0359","P11","Torno","C",12.1796681477741,73.6559935319322,0.690634266234411,"Correctivo",0.733413789787234,277.91384491824,1
"M0360","P02","Prensa","B",8.09445047111225,94.9401598228502,0.401239674633931,"Correctivo",0.680793683287145,427.280491315241,1
"M0361","P05","Torno","A",4.32422681632711,89.4473853234618,0.492776347399757,"Correctivo",0.552982935374633,677.013088781449,1
"M0362","P06","Prensa","B",12.2064904702048,86.3814379717926,0.692546737903069,"Preventivo",0.557821620353168,720,0
"M0363","P08","Prensa","B",10.5863286682925,82.1573541628744,0.655435342115911,"Preventivo",0.720227099612121,307.120497787919,1
"M0364","P10","Torno","A",5.29982126165208,90.2767926923889,0.755737695651678,"Preventivo",0.787786282105075,720,0
"M0365","P07","Fresadora","A",7.89716359980536,80.0259374933154,0.612987987803637,"Correctivo",0.833908884598662,74.0463443725484,1
"M0366","P06","Prensa","A",3.88039894226178,70.0488711019742,0.510919215538161,"Correctivo",0.557821620353168,720,0
"M0367","P07","Fresadora","A",4.79599409150097,68.3773632489766,0.62990294116339,"Preventivo",0.833908884598662,720,0
"M0368","P01","Torno","C",6.15253565861007,71.7428466788507,0.501187153431922,"Preventivo",0.683622897300344,453.417569421805,1
"M0369","P04","Prensa","B",4.77029509805406,88.4246943266957,0.801953068158493,"Correctivo",0.594337764396895,720,0
"M0370","P02","Torno","B",6.79060643889097,73.876260117084,0.500681320750274,"Correctivo",0.680793683287145,720,0
"M0371","P03","Fresadora","A",7.75543939334526,82.2094066739026,0.611337303262137,"Preventivo",0.551092236535844,720,0
"M0372","P05","Fresadora","C",9.46188363503122,58.3879308139566,0.938081273874145,"Preventivo",0.552982935374633,68.1213300249758,1
"M0373","P01","Torno","C",2.02117405549013,77.8899572603032,0.63909724854739,"Preventivo",0.683622897300344,720,0
"M0374","P08","Torno","B",6.11303975516179,47.6469519010364,0.660000224228738,"Preventivo",0.720227099612121,720,0
"M0375","P01","Fresadora","C",8.11108448743607,100.60576733146,0.839902741835036,"Preventivo",0.683622897300344,74.5662255014352,1
"M0376","P03","Fresadora","B",4.12760943785339,93.7289537308897,0.726484011275414,"Correctivo",0.551092236535844,720,0
"M0377","P02","Prensa","C",12.8854706052554,79.0744888831345,0.563436721693344,"Preventivo",0.680793683287145,51.9335020029826,1
"M0378","P12","Torno","B",6.60317490027901,135.269950737131,0.534648707085898,"Preventivo",0.774328743039631,720,0
"M0379","P11","Fresadora","A",7.2490384258629,93.6791362728784,0.516557845256582,"Correctivo",0.733413789787234,565.340776573264,1
"M0380","P05","Prensa","B",2.38823570559334,91.5852362342602,0.648154436450346,"Preventivo",0.552982935374633,703.819254481066,1
"M0381","P05","Fresadora","A",5.08610472898705,61.8348598282993,0.644418112995136,"Correctivo",0.552982935374633,497.740755442932,1
"M0382","P06","Torno","C",4.56487099526779,101.730508826239,0.564768022753562,"Preventivo",0.557821620353168,650.235911563675,1
"M0383","P10","Fresadora","B",3.62662552556766,69.7000972827504,0.591958087752057,"Preventivo",0.787786282105075,720,0
"M0384","P08","Fresadora","B",4.31998361011274,63.6229464338864,0.652399766091805,"Preventivo",0.720227099612121,720,0
"M0385","P08","Torno","A",5.23481294391629,73.6581272531513,0.818877208173633,"Correctivo",0.720227099612121,204.133133774542,1
"M0386","P04","Fresadora","B",3.69890512240752,78.5615144555558,0.510562345630321,"Preventivo",0.594337764396895,648.401777093842,1
"M0387","P08","Prensa","A",6.67946575801718,81.3536591053803,0.648157165682341,"Correctivo",0.720227099612121,682.611760293791,1
"M0388","P08","Fresadora","B",3.00517067134365,100.253310421563,0.668417046014591,"Correctivo",0.720227099612121,619.211548981536,1
"M0389","P05","Torno","B",8.33261896488237,57.5116440738138,0.53077783101685,"Correctivo",0.552982935374633,720,0
"M0390","P06","Torno","B",20,65.7594864237024,0.666245830750798,"Preventivo",0.557821620353168,687.863180335527,1
"M0391","P09","Torno","A",8.1229762282267,50.0899234218547,0.493422065696528,"Correctivo",0.715842653675653,3.13957846835794,1
"M0392","P08","Prensa","C",9.98302349171026,95.5257845212057,0.895506233371322,"Correctivo",0.720227099612121,413.4040055916,1
"M0393","P04","Torno","C",15.4409887689808,65.2378675001933,0.554288947261067,"Preventivo",0.594337764396895,616.74123997697,1
"M0394","P01","Torno","A",7.39035585292749,75.204775133178,0.684281128644155,"Preventivo",0.683622897300344,720,0
"M0395","P06","Fresadora","B",15.0141529509504,102.374054991366,0.730994401730025,"Preventivo",0.557821620353168,547.243733936529,1
"M0396","P08","Fresadora","A",9.79684870038166,102.5687958509,0.531544513857194,"Preventivo",0.720227099612121,720,0
"M0397","P07","Prensa","C",14.694325282206,65.41558323129,0.844292564062072,"Correctivo",0.833908884598662,593.352721685446,1
"M0398","P01","Prensa","B",3.94514134583851,70.4596562023897,0.406441409970286,"Correctivo",0.683622897300344,564.621337844561,1
"M0399","P11","Torno","A",4.1753166115969,101.385336252041,0.669263497279876,"Preventivo",0.733413789787234,506.299273880555,1
"M0400","P12","Torno","A",10.2071055893059,62.171028666313,0.909398997779948,"Correctivo",0.774328743039631,481.212598913871,1
"M0401","P09","Torno","B",4.46568733266079,72.6079706572389,0.707657421020339,"Correctivo",0.715842653675653,447.777799656406,1
"M0402","P05","Fresadora","C",6.44151790836599,78.817874840001,0.853267000909649,"Correctivo",0.552982935374633,690.987914810294,1
"M0403","P07","Fresadora","B",4.32807098113349,54.6980795626373,0.419047623000337,"Preventivo",0.833908884598662,720,0
"M0404","P08","Fresadora","C",7.82372004770529,70.5643058325462,0.92598032356465,"Correctivo",0.720227099612121,116.921306594979,1
"M0405","P06","Fresadora","B",9.35767015458234,73.041037813873,0.482263840857372,"Correctivo",0.557821620353168,720,0
"M0406","P08","Prensa","A",4.88170661199277,80.6333863580029,0.611771935605383,"Correctivo",0.720227099612121,357.866949468173,1
"M0407","P05","Prensa","A",4.21842309881308,64.495844385573,0.349355935144449,"Correctivo",0.552982935374633,378.222853924027,1
"M0408","P01","Torno","B",5.10719209913941,74.6283514643117,0.341765339313487,"Correctivo",0.683622897300344,720,0
"M0409","P07","Torno","C",7.74781206790821,59.3429511986247,0.772552224030691,"Preventivo",0.833908884598662,720,0
"M0410","P10","Torno","B",4.74955286608992,94.8968253002053,0.526483330344902,"Preventivo",0.787786282105075,229.678423577085,1
"M0411","P04","Prensa","B",10.5761136258097,79.6525911573099,0.873835602710402,"Preventivo",0.594337764396895,667.352023522079,1
"M0412","P12","Torno","A",4.19402671135976,77.4399247522795,0.682246254901201,"Correctivo",0.774328743039631,629.784088332143,1
"M0413","P10","Prensa","C",5.57269298598771,66.1579765089317,0.844919767250096,"Correctivo",0.787786282105075,451.504194359003,1
"M0414","P09","Fresadora","B",7.19898539794661,46.3427570306139,0.740967253401112,"Preventivo",0.715842653675653,719.687373040606,1
"M0415","P04","Prensa","B",19.1166467648939,100.073288789322,0.796360790807673,"Preventivo",0.594337764396895,533.063428077797,1
"M0416","P02","Fresadora","C",18.8184588970971,105.785155360387,0.637315599352334,"Correctivo",0.680793683287145,706.545502862074,1
"M0417","P10","Torno","A",4.66693247248954,77.4449720659399,0.829397643428284,"Preventivo",0.787786282105075,715.216229071925,1
"M0418","P12","Torno","B",8.62425744232978,76.0799192529577,0.750596004756231,"Correctivo",0.774328743039631,113.180615920511,1
"M0419","P05","Torno","A",2.51987759224982,71.5684084176354,0.629869805468899,"Preventivo",0.552982935374633,720,0
"M0420","P03","Fresadora","C",16.0923468027751,71.5486497377281,0.699476641841944,"Correctivo",0.551092236535844,689.621065069522,1
"M0421","P09","Fresadora","A",11.7823445018129,79.4331885216909,0.606286588489198,"Preventivo",0.715842653675653,211.619237040275,1
"M0422","P01","Prensa","A",1.84058617148024,62.9136551619892,0.547270405572591,"Correctivo",0.683622897300344,249.063962846936,1
"M0423","P12","Prensa","B",3.14045799884608,82.037673490542,0.467840362868866,"Correctivo",0.774328743039631,720,0
"M0424","P08","Fresadora","C",2.42141716291202,106.468763589497,0.860481387931765,"Correctivo",0.720227099612121,720,0
"M0425","P02","Torno","A",3.98374223555016,108.855177200957,0.717583240013021,"Correctivo",0.680793683287145,173.22786700831,1
"M0426","P05","Fresadora","A",3.93482825924102,95.3456018904321,0.888928041118247,"Correctivo",0.552982935374633,329.477177553042,1
"M0427","P03","Torno","C",3.62076856520736,94.6018437871268,0.673908003164832,"Correctivo",0.551092236535844,720,0
"M0428","P04","Torno","A",2.59248169632777,106.286697623483,0.56766623354196,"Correctivo",0.594337764396895,531.667413709511,1
"M0429","P06","Prensa","B",6.68023549895269,84.4458588173763,0.717721940562823,"Preventivo",0.557821620353168,720,0
"M0430","P06","Fresadora","A",18.0529154458656,60.5326639807464,0.866281456392014,"Correctivo",0.557821620353168,531.470197986127,1
"M0431","P11","Torno","A",6.05719383451896,57.2540496159643,0.687514994761385,"Preventivo",0.733413789787234,720,0
"M0432","P11","Prensa","C",7.72669979841139,94.0256595320028,0.551296286450977,"Preventivo",0.733413789787234,109.464869152796,1
"M0433","P07","Torno","B",6.10583467000429,91.9588380029041,0.784954147503228,"Correctivo",0.833908884598662,450.140327024385,1
"M0434","P01","Fresadora","A",10.9185356236786,79.9577177314286,0.771789852911008,"Correctivo",0.683622897300344,454.001111310497,1
"M0435","P06","Fresadora","A",4.5709966889342,70.1031638833166,0.501751687303272,"Correctivo",0.557821620353168,720,0
"M0436","P05","Fresadora","A",4.70005235755937,103.161219346659,0.634198583065959,"Preventivo",0.552982935374633,720,0
"M0437","P06","Prensa","C",5.63364371366701,87.152338149713,0.783014948438189,"Preventivo",0.557821620353168,720,0
"M0438","P12","Fresadora","B",7.95453459601864,97.6916728873329,0.599788503859472,"Correctivo",0.774328743039631,720,0
"M0439","P11","Prensa","A",6.01180511862157,85.5132973308392,0.681541683817794,"Preventivo",0.733413789787234,341.54674512005,1
"M0440","P09","Fresadora","A",5.17412762851819,55.6304236774582,0.695501960535184,"Preventivo",0.715842653675653,506.984126937214,1
"M0441","P03","Prensa","A",4.84118547849778,55.8124546013727,0.849222857598375,"Preventivo",0.551092236535844,331.741897333858,1
"M0442","P02","Fresadora","A",11.9422402080602,80.5082884139346,0.628342137848228,"Correctivo",0.680793683287145,189.80397055162,1
"M0443","P01","Torno","A",3.98141236127089,104.52654583542,0.835805428394405,"Correctivo",0.683622897300344,566.880696549541,1
"M0444","P03","Fresadora","A",5.34767658201522,70.4780622129803,0.667381421762191,"Preventivo",0.551092236535844,591.058026464974,1
"M0445","P03","Prensa","B",7.83527906289303,94.6585255610156,0.491273640981691,"Preventivo",0.551092236535844,698.391772082732,1
"M0446","P11","Torno","A",2.87006461697933,90.1449615836579,0.728080897384692,"Correctivo",0.733413789787234,720,0
"M0447","P07","Prensa","A",12.0500464280247,80.9932466877469,0.752927217423673,"Preventivo",0.833908884598662,148.350791719623,1
"M0448","P03","Prensa","B",2.89172126635773,67.0188694251777,0.517324663022947,"Preventivo",0.551092236535844,720,0
"M0449","P07","Torno","A",2.48652284510153,81.7240579869335,0.430022746514194,"Correctivo",0.833908884598662,720,0
"M0450","P08","Fresadora","C",5.42619514901361,94.9571766909475,0.851103229391111,"Correctivo",0.720227099612121,720,0
"M0451","P04","Torno","C",5.21694360492215,107.855895138911,0.574090388466997,"Preventivo",0.594337764396895,472.925213785212,1
"M0452","P12","Prensa","A",5.03851473301139,102.448235881097,0.872483812463635,"Preventivo",0.774328743039631,594.235710163618,1
"M0453","P08","Prensa","B",5.06821225670496,144.348300935224,0.61599133936286,"Correctivo",0.720227099612121,241.747722245181,1
"M0454","P11","Fresadora","C",4.30909024559176,96.3240999228204,0.615710769765826,"Preventivo",0.733413789787234,116.704089710228,1
"M0455","P08","Torno","A",7.6029915824584,81.49031389143,0.782653073378247,"Correctivo",0.720227099612121,484.544095456177,1
"M0456","P02","Torno","A",6.06176484230938,61.8382716613895,0.556472898628267,"Preventivo",0.680793683287145,720,0
"M0457","P06","Fresadora","A",9.70473196180398,82.5256584809117,0.758304316884794,"Preventivo",0.557821620353168,720,0
"M0458","P05","Prensa","B",6.96886615619569,89.2304984548073,0.574562099248926,"Preventivo",0.552982935374633,77.5747958634401,1
"M0459","P03","Fresadora","B",4.17664624555378,104.482857137057,0.428081310779892,"Correctivo",0.551092236535844,411.14844335382,1
"M0460","P07","Fresadora","B",5.53309695242042,67.632394975247,0.464015290690018,"Correctivo",0.833908884598662,634.461086481175,1
"M0461","P09","Torno","A",5.62308186495329,85.0310657457106,0.760822625520162,"Correctivo",0.715842653675653,364.34970941743,1
"M0462","P03","Torno","C",9.53831853609464,89.1592742615012,0.726255347882693,"Preventivo",0.551092236535844,720,0
"M0463","P06","Torno","C",3.56509619741417,81.6461282201171,0.748057987677276,"Correctivo",0.557821620353168,720,0
"M0464","P05","Prensa","B",5.63339548817814,51.4736265481417,0.915319738544074,"Correctivo",0.552982935374633,574.015089801902,1
"M0465","P10","Prensa","A",5.67793030715866,81.7651627977843,0.870861388654576,"Correctivo",0.787786282105075,5.02345635416976,1
"M0466","P08","Prensa","B",10.7447379205599,67.9591449756933,0.78866348524706,"Correctivo",0.720227099612121,490.846161032106,1
"M0467","P09","Fresadora","C",2.65102401045327,101.957889775077,0.78725188315623,"Correctivo",0.715842653675653,678.165084890147,1
"M0468","P10","Prensa","C",1.85028635451169,89.7673117301109,0.93691427490491,"Preventivo",0.787786282105075,720,0
"M0469","P03","Prensa","B",5.14553380282887,79.984008206349,0.309172444820665,"Preventivo",0.551092236535844,720,0
"M0470","P08","Prensa","A",9.7504063077101,81.3549806573342,0.943056089133582,"Preventivo",0.720227099612121,82.551690997804,1
"M0471","P08","Torno","B",7.68820663693757,71.434145461551,0.337705451452732,"Correctivo",0.720227099612121,720,0
"M0472","P12","Torno","A",4.17388389847187,73.4290668633373,0.578371073485355,"Correctivo",0.774328743039631,720,0
"M0473","P08","Fresadora","C",4.88739587928215,78.3602654607916,0.706718794024148,"Correctivo",0.720227099612121,720,0
"M0474","P02","Torno","B",4.41825769732825,96.2166089394404,0.776273971919181,"Preventivo",0.680793683287145,720,0
"M0475","P08","Fresadora","A",11.7187666236661,74.7889691808269,0.722960157814379,"Correctivo",0.720227099612121,243.113636980083,1
"M0476","P01","Torno","B",5.44105506634849,43.2815216870779,0.629657045385332,"Correctivo",0.683622897300344,430.907232012063,1
"M0477","P01","Torno","A",2.81001353939725,103.441305100062,0.669031817932321,"Preventivo",0.683622897300344,720,0
"M0478","P01","Fresadora","A",11.3212531490577,73.9667977676761,0.553392619248878,"Correctivo",0.683622897300344,173.834614724768,1
"M0479","P09","Prensa","A",5.24406598778574,72.156074117955,0.845749765251629,"Correctivo",0.715842653675653,720,0
"M0480","P06","Prensa","B",7.61147373397532,119.505871657416,0.346869201214481,"Preventivo",0.557821620353168,477.064592986476,1
"M0481","P07","Torno","C",10.1602528707405,80.8133544807726,0.393410493533079,"Preventivo",0.833908884598662,720,0
"M0482","P04","Fresadora","B",13.5171836281927,71.0779358389193,0.616110112434399,"Correctivo",0.594337764396895,720,0
"M0483","P01","Prensa","C",4.40915879979415,69.4860890826708,0.680330093568022,"Preventivo",0.683622897300344,720,0
"M0484","P08","Torno","A",5.9418965182545,109.277637866251,0.569205805358072,"Correctivo",0.720227099612121,93.1548272540381,1
"M0485","P02","Prensa","C",4.06263737314799,100.435206541117,0.788533314720933,"Preventivo",0.680793683287145,508.683006314555,1
"M0486","P04","Prensa","B",16.4229921324517,90.8676935189224,0.207545370709114,"Preventivo",0.594337764396895,424.199010584264,1
"M0487","P01","Torno","A",6.16683971854731,47.4998422924735,0.788441333631293,"Correctivo",0.683622897300344,387.49329388267,1
"M0488","P05","Fresadora","B",3.89762122236841,68.9441272972157,0.584163054316945,"Correctivo",0.552982935374633,720,0
"M0489","P03","Prensa","A",3.48758176721038,64.663918589459,0.815941540716403,"Preventivo",0.551092236535844,393.917818931409,1
"M0490","P02","Fresadora","A",6.10115573328061,68.8040496114227,0.593283822637327,"Preventivo",0.680793683287145,657.099745438162,1
"M0491","P08","Fresadora","A",6.88075945170639,83.6753992967516,0.831831526227589,"Correctivo",0.720227099612121,533.843387691534,1
"M0492","P05","Prensa","B",6.85026813129317,101.282589949524,0.543738359999555,"Preventivo",0.552982935374633,720,0
"M0493","P11","Fresadora","C",12.7336534329209,79.484506027657,0.473185128139665,"Preventivo",0.733413789787234,83.5072908912241,1
"M0494","P05","Prensa","A",7.45738611982319,84.5310336461384,0.844758382510419,"Preventivo",0.552982935374633,720,0
"M0495","P10","Torno","B",2.54801076336302,54.9445146042927,0.721185445650525,"Preventivo",0.787786282105075,720,0
"M0496","P10","Torno","A",8.82724225263359,60.9091121354292,0.757556686313878,"Preventivo",0.787786282105075,560.655992442153,1
"M0497","P12","Prensa","B",11.1335520643811,79.9542196800424,0.682582734830003,"Preventivo",0.774328743039631,418.982221477856,1
"M0498","P03","Torno","C",13.9001019530351,97.2402496335262,0.521977286076624,"Correctivo",0.551092236535844,720,0
"M0499","P07","Fresadora","B",18.1902032228428,107.835813906564,0.820166176784572,"Correctivo",0.833908884598662,481.984007411877,1
"M0500","P09","Prensa","C",7.90164702493212,86.6295618112373,0.802170675048848,"Correctivo",0.715842653675653,720,0
"M0501","P11","Prensa","B",14.7015715436364,53.6653222558722,0.779568680762343,"Preventivo",0.733413789787234,720,0
"M0502","P07","Prensa","B",4.3086692400324,66.851685363009,0.359057063721887,"Preventivo",0.833908884598662,720,0
"M0503","P11","Prensa","B",6.06209235123383,83.586194225205,0.445077890023656,"Preventivo",0.733413789787234,530.547209169071,1
"M0504","P07","Torno","B",8.29763369233996,64.8248042980255,0.791747334816346,"Preventivo",0.833908884598662,720,0
"M0505","P09","Fresadora","C",8.08495394154472,83.6833327162288,0.900008827423032,"Preventivo",0.715842653675653,428.209262651825,1
"M0506","P10","Prensa","C",8.17117045559817,108.549435764405,0.242363281767169,"Correctivo",0.787786282105075,720,0
"M0507","P04","Prensa","A",4.03863633152613,70.7515912229876,0.689583635787926,"Preventivo",0.594337764396895,714.17673836024,1
"M0508","P02","Prensa","A",2.80523898222404,72.4399237513329,0.483053865698731,"Preventivo",0.680793683287145,668.892755148535,1
"M0509","P08","Prensa","C",1.53913965324114,105.222746896808,0.554765691920459,"Correctivo",0.720227099612121,390.98986847305,1
"M0510","P02","Torno","C",9.2841386279268,68.5080899875043,0.458498251490619,"Correctivo",0.680793683287145,691.361831520251,1
"M0511","P10","Fresadora","B",4.40243740188473,63.2667307933347,0.868560481567966,"Preventivo",0.787786282105075,720,0
"M0512","P05","Fresadora","A",3.333942403736,110.158898752446,0.707207214992057,"Preventivo",0.552982935374633,456.885959031106,1
"M0513","P09","Prensa","A",11.4675499728921,68.8731317768042,0.663024325724844,"Correctivo",0.715842653675653,474.938175999957,1
"M0514","P11","Prensa","B",3.88424256422742,104.770795827981,0.883062520854155,"Correctivo",0.733413789787234,611.563473303109,1
"M0515","P04","Fresadora","B",14.9584814801772,127.206590552121,0.692443893913429,"Correctivo",0.594337764396895,315.837997919232,1
"M0516","P05","Fresadora","C",3.1396982417556,72.6657856333231,0.662242257757101,"Preventivo",0.552982935374633,414.572433953804,1
"M0517","P07","Torno","B",4.36740668863988,66.5415112939679,0.933035377203184,"Correctivo",0.833908884598662,380.799383185391,1
"M0518","P04","Torno","A",20,103.975985419177,0.592300738231229,"Correctivo",0.594337764396895,261.012506807414,1
"M0519","P07","Prensa","B",10.6117392117628,74.1582593278131,0.660847330301682,"Preventivo",0.833908884598662,578.426369897545,1
"M0520","P11","Torno","B",6.38347867112946,62.2901469628911,0.747344015310449,"Preventivo",0.733413789787234,102.998472553661,1
"M0521","P02","Torno","B",6.83097964265669,87.0252040871175,0.630307010310288,"Preventivo",0.680793683287145,720,0
"M0522","P11","Fresadora","C",11.8841505764162,90.410945701408,0.481973394840075,"Correctivo",0.733413789787234,342.476040825131,1
"M0523","P06","Prensa","C",6.38099887395145,103.772883302156,0.647713098950484,"Correctivo",0.557821620353168,720,0
"M0524","P06","Prensa","C",1.60857048465644,68.1107653415772,0.59625942322814,"Preventivo",0.557821620353168,720,0
"M0525","P08","Torno","A",2.55957908221639,80.4522088711567,0.6727841107774,"Correctivo",0.720227099612121,720,0
"M0526","P07","Fresadora","A",13.992638557981,70.1219822173611,0.789667517270703,"Preventivo",0.833908884598662,501.260726186013,1
"M0527","P03","Fresadora","B",5.85385340699831,119.129208785435,0.797458316226285,"Correctivo",0.551092236535844,405.880694883034,1
"M0528","P08","Torno","C",7.94661566288173,65.9859359041681,0.717984106096052,"Correctivo",0.720227099612121,445.634677726832,1
"M0529","P08","Fresadora","B",8.31804826976859,69.7791362887005,0.736021771703384,"Correctivo",0.720227099612121,218.089397532965,1
"M0530","P12","Prensa","B",3.91212274151711,68.7102891477908,0.726094913783662,"Preventivo",0.774328743039631,720,0
"M0531","P08","Torno","B",10.9304897484889,70.1449622598868,0.568676983246991,"Preventivo",0.720227099612121,671.708850949198,1
"M0532","P12","Prensa","A",4.00058947997816,102.062847394332,0.645428148142289,"Correctivo",0.774328743039631,523.469245707405,1
"M0533","P03","Torno","B",8.23913507297178,66.9299811431621,0.706717072128779,"Preventivo",0.551092236535844,720,0
"M0534","P10","Torno","B",5.1219668200972,73.0733299780555,0.830380470290113,"Preventivo",0.787786282105075,720,0
"M0535","P07","Fresadora","B",12.3220998601901,56.3931541834512,0.44086008258563,"Preventivo",0.833908884598662,720,0
"M0536","P09","Prensa","B",6.24479208577871,97.0830732764399,0.355432871046096,"Correctivo",0.715842653675653,720,0
"M0537","P04","Prensa","A",10.9757442189577,109.068352120995,0.547551689517713,"Correctivo",0.594337764396895,380.316611885694,1
"M0538","P11","Prensa","B",4.60067733401803,75.354982811801,0.926918250645854,"Preventivo",0.733413789787234,720,0
"M0539","P07","Torno","B",10.3118613778333,78.5328420925826,0.719292454308932,"Preventivo",0.833908884598662,720,0
"M0540","P03","Prensa","B",5.94365172337232,95.8624802302459,0.43317760004624,"Preventivo",0.551092236535844,60.051884484056,1
"M0541","P06","Torno","A",8.73129672921067,63.6586826477169,0.5278667272357,"Preventivo",0.557821620353168,713.725941241531,1
"M0542","P01","Prensa","B",5.61755340112074,78.0625514783517,0.501526722191769,"Correctivo",0.683622897300344,720,0
"M0543","P12","Torno","C",9.42094923143636,90.1808102807854,0.597769891047023,"Correctivo",0.774328743039631,320.157558493159,1
"M0544","P12","Fresadora","A",10.6456777584227,59.8495154063761,0.775708608259426,"Correctivo",0.774328743039631,325.555502063281,1
"M0545","P01","Fresadora","B",20,85.6657050620929,0.795881603035699,"Correctivo",0.683622897300344,424.116530536395,1
"M0546","P07","Torno","B",11.1392829865399,101.811699874523,0.737801508953394,"Correctivo",0.833908884598662,685.525709215324,1
"M0547","P11","Prensa","A",3.58430190920595,58.8784189835443,0.840999965282378,"Preventivo",0.733413789787234,720,0
"M0548","P07","Torno","B",7.89887696898698,86.5360024046053,0.595088961549688,"Correctivo",0.833908884598662,0.738486899383419,1
"M0549","P11","Prensa","C",4.98285835046915,71.1890186334395,0.879651549018753,"Preventivo",0.733413789787234,720,0
"M0550","P07","Prensa","A",8.17181853407434,104.007958876618,0.420624042467791,"Preventivo",0.833908884598662,720,0
"M0551","P09","Prensa","A",4.02212963538893,82.7768210598565,0.480462356939232,"Preventivo",0.715842653675653,720,0
"M0552","P03","Torno","A",2.87675519212765,72.7219871180996,0.314772908102038,"Preventivo",0.551092236535844,720,0
"M0553","P10","Fresadora","B",6.78977794676604,104.288487805246,0.553792783186961,"Correctivo",0.787786282105075,580.066823003386,1
"M0554","P11","Prensa","C",2.9881972123637,55.3099692382017,0.580365298901279,"Correctivo",0.733413789787234,549.821495376351,1
"M0555","P08","Torno","A",5.14517766966968,53.234526740168,0.825241356958322,"Correctivo",0.720227099612121,469.344109130956,1
"M0556","P12","Prensa","A",8.27069115685888,58.9525415555991,0.795425023697775,"Preventivo",0.774328743039631,720,0
"M0557","P01","Fresadora","A",3.91160813843569,91.7698671294764,0.46730256358354,"Preventivo",0.683622897300344,690.693813433647,1
"M0558","P07","Torno","A",5.94929167811576,100.138373128905,0.951618774814106,"Preventivo",0.833908884598662,675.312153380296,1
"M0559","P01","Torno","B",5.20488994731439,95.8670617130353,0.747151813193241,"Correctivo",0.683622897300344,439.802224847429,1
"M0560","P06","Fresadora","A",4.68293126024218,67.9698881631035,0.746084261368206,"Correctivo",0.557821620353168,720,0
"M0561","P02","Torno","A",4.82318251847011,96.3615171362165,0.683007585764004,"Correctivo",0.680793683287145,382.169593086813,1
"M0562","P08","Prensa","B",8.9066699987106,68.9016822458451,0.727300420079816,"Preventivo",0.720227099612121,244.252564199728,1
"M0563","P06","Torno","A",5.38410077633292,110.069479922203,0.657229049614711,"Correctivo",0.557821620353168,217.229273371739,1
"M0564","P08","Torno","B",3.99138820185407,60.250327259167,0.58784128747022,"Preventivo",0.720227099612121,720,0
"M0565","P03","Prensa","B",3.93980094160744,79.1676215038988,0.882675789848597,"Correctivo",0.551092236535844,492.663231965144,1
"M0566","P12","Prensa","C",10.9293634906386,82.5871268961102,0.566326698284967,"Preventivo",0.774328743039631,636.76090771889,1
"M0567","P07","Prensa","A",19.9404405803226,80.3205046651305,0.502533093952516,"Preventivo",0.833908884598662,162.000947100419,1
"M0568","P05","Prensa","A",9.01087649369715,75.7679413021738,0.931614022512464,"Correctivo",0.552982935374633,121.933607071294,1
"M0569","P05","Torno","B",6.5065974144316,56.4597320574564,0.78142828125553,"Correctivo",0.552982935374633,594.317177074355,1
"M0570","P09","Prensa","B",20,54.8900659342212,0.740840951471833,"Preventivo",0.715842653675653,176.497570819856,1
"M0571","P03","Torno","A",2.92319841221931,114.784863026184,0.575497716040327,"Correctivo",0.551092236535844,720,0
"M0572","P02","Torno","A",9.70661625710055,92.300582109917,0.558137979712125,"Correctivo",0.680793683287145,51.3644230821233,1
"M0573","P03","Prensa","A",7.9504687239818,70.1571979090568,0.646165300440924,"Correctivo",0.551092236535844,631.207982222003,1
"M0574","P09","Fresadora","C",2.1683575595693,49.2235750360962,0.80812566280238,"Correctivo",0.715842653675653,488.934295894521,1
"M0575","P12","Fresadora","A",7.20117062967734,74.5379337704376,0.921945583283436,"Correctivo",0.774328743039631,564.353673378391,1
"M0576","P07","Fresadora","A",12.6547722209507,56.4203993366332,0.903933352171139,"Preventivo",0.833908884598662,720,0
"M0577","P05","Torno","A",11.6805323594033,81.2516342824959,0.441486074924934,"Correctivo",0.552982935374633,64.5933186297107,1
"M0578","P08","Torno","A",6.51663705384397,120.108455636309,0.474814662114025,"Preventivo",0.720227099612121,720,0
"M0579","P12","Fresadora","B",3.44270680825796,72.4761201051455,0.584233899286755,"Correctivo",0.774328743039631,532.708185495795,1
"M0580","P02","Torno","B",5.33352409393276,64.3120092423234,0.4137342583147,"Correctivo",0.680793683287145,720,0
"M0581","P05","Fresadora","A",10.5413040021808,90.9328705897112,0.577213890346959,"Correctivo",0.552982935374633,685.811753080771,1
"M0582","P01","Fresadora","C",9.04920398477115,52.8393058945608,0.827338149760333,"Correctivo",0.683622897300344,551.908311396905,1
"M0583","P11","Fresadora","A",6.17829712565403,75.9235673093749,0.221253003568286,"Preventivo",0.733413789787234,720,0
"M0584","P04","Torno","B",8.26584123944597,103.320455425413,0.892814841962157,"Correctivo",0.594337764396895,720,0
"M0585","P12","Torno","C",3.56627362555478,79.0951632753715,0.870246573632454,"Correctivo",0.774328743039631,720,0
"M0586","P03","Fresadora","B",11.7864180311842,71.0584822776816,0.907547604499628,"Correctivo",0.551092236535844,558.374247293648,1
"M0587","P12","Torno","B",17.6905636904794,74.8166156125189,0.554253410134137,"Preventivo",0.774328743039631,682.25165607942,1
"M0588","P08","Fresadora","B",3.85830884530102,59.2331902270827,0.891360379787232,"Correctivo",0.720227099612121,245.813752416079,1
"M0589","P11","Torno","C",4.72102573368469,53.1847854234517,0.91151344023015,"Preventivo",0.733413789787234,720,0
"M0590","P10","Fresadora","C",3.28938853337903,110.811521807858,0.696145602496311,"Correctivo",0.787786282105075,720,0
"M0591","P11","Prensa","B",7.04410139609302,85.0803695747288,0.714579716995971,"Correctivo",0.733413789787234,720,0
"M0592","P09","Torno","A",5.91970039032621,91.5356644506415,0.95758862781726,"Correctivo",0.715842653675653,617.187976666517,1
"M0593","P10","Torno","A",6.63971128932324,68.4935610753819,0.928223073033152,"Correctivo",0.787786282105075,627.729203873671,1
"M0594","P02","Prensa","A",4.6668705477094,73.6132319731122,0.762155856922452,"Preventivo",0.680793683287145,720,0
"M0595","P05","Torno","A",4.69328017919076,84.7039552873304,0.60525548900247,"Preventivo",0.552982935374633,720,0
"M0596","P04","Prensa","A",6.53779038626982,102.459251128261,0.85388344769491,"Correctivo",0.594337764396895,536.195372113644,1
"M0597","P12","Prensa","A",2.34749560103459,91.4664326680166,0.624399163527328,"Preventivo",0.774328743039631,100.323203148646,1
"M0598","P12","Prensa","C",5.65818634241727,86.0641658179669,0.781446612623038,"Correctivo",0.774328743039631,720,0
"M0599","P04","Fresadora","B",4.01379703047965,44.0884149840749,0.876301641407672,"Preventivo",0.594337764396895,720,0
"M0600","P05","Fresadora","A",3.94569567781046,95.6899796093121,0.271183696052386,"Correctivo",0.552982935374633,473.130549369878,1
