"id_maquina","id_planta","dia","tipo","fabricante","antiguedad_anios","plan_mantenimiento","tipo_intervencion","carga","temperatura","vibracion","degradacion","coste_euros"
"M0001","P05",180,"Torno","B",14.9115258815808,"Preventivo","Preventiva",0.818276697048731,42.745416025098,3.16826991556484,1.4484314460827,1310.04998398937
"M0003","P08",360,"Prensa","C",4.19246443178532,"Preventivo","Preventiva",0.441685667836437,30.3144448276191,1.6090283155415,1.47926381271322,638.780258565357
"M0004","P04",528.93733567181,"Torno","A",4.58732829746385,"Correctivo","Correctiva",0.785258048269907,44.2789011804441,4.11621344170599,1.6816116618802,821.774395561813
"M0005","P02",77.8486740747523,"Torno","C",4.36561317496029,"Preventivo","Correctiva",0.727440751626461,44.4541835291307,1.25927666741802,3.76984027907574,1824.24364515242
"M0006","P04",180,"Torno","C",13.6795364613762,"Preventivo","Preventiva",0.645767854892685,37.2861110751176,2.0871399758223,1.39672968251473,662.213049201519
"M0007","P08",180,"Fresadora","B",8.11565427205917,"Preventivo","Preventiva",0.855464385391083,36.500529406746,2.25358547026243,1.29857411139404,573.93833914547
"M0008","P03",540,"Fresadora","B",6.30898851682297,"Preventivo","Preventiva",0.772960608652581,46.0765203205174,1.38492096909593,0.621862040629089,326.505456289911
"M0009","P05",180,"Torno","A",5.43267065730236,"Preventivo","Preventiva",0.413163062634261,34.2457573250508,1.82115130623848,0.925755139386219,855.597659786016
"M0010","P03",299.214449607226,"Fresadora","A",20,"Preventivo","Correctiva",0.60664387055626,41.8517883279262,6.3176181440353,7.96458496325186,3100.59847732319
"M0013","P05",360,"Prensa","C",5.36867946769195,"Preventivo","Preventiva",0.801562930828639,40.8462260669751,3.00765444067313,3.03575178957642,1047.3024956668
"M0014","P03",512.34039252438,"Torno","A",8.14199957390096,"Preventivo","Correctiva",0.518612195609223,43.3880969086788,1.29292112401224,1.14849176318589,375.664600250308
"M0015","P04",421.549277823316,"Fresadora","A",3.11108170589836,"Correctivo","Correctiva",0.990053777371696,45.8138335508926,1.19214996102832,1.31847695892356,609.084579553678
"M0016","P12",653.710987805461,"Fresadora","A",4.42758976164773,"Correctivo","Correctiva",0.950746521722894,30.9859907315834,2.40808396506455,3.86470061445339,568.070020343761
"M0017","P04",360,"Fresadora","B",7.87048859354509,"Preventivo","Preventiva",0.826922904428469,41.1860957615841,1.28318477463356,1.10161614631619,933.45098980456
"M0018","P12",180,"Torno","A",5.26338776603968,"Preventivo","Preventiva",0.926507706326727,41.4181532621254,2.46068954202785,1.22356757644268,1002.28953064653
"M0019","P05",265.720539779432,"Prensa","A",6.46937367799336,"Preventivo","Correctiva",0.654559965705851,37.9878959106874,2.73143121118843,5.42841496254959,1939.5525847069
"M0021","P10",180,"Fresadora","A",9.05944094017905,"Preventivo","Preventiva",0.573805782115724,39.2757717792954,1.12338506314523,0.740780331492753,412.2475431161
"M0022","P12",180,"Fresadora","B",7.61938706937498,"Preventivo","Preventiva",0.406801048965845,27.44125751076,1.0577331506869,0.342908218534155,452.080606822395
"M0025","P07",180,"Prensa","C",2.1482844922742,"Preventivo","Preventiva",0.910019845173927,34.6096644848725,1.06833602274992,1.2860321421642,660.10968690033
"M0027","P03",360,"Fresadora","B",8.66749851043722,"Preventivo","Preventiva",0.554239696555006,42.1030583706399,1.0428247774411,0.803448096204578,427.493695505427
"M0029","P07",180,"Fresadora","A",3.63342820332728,"Preventivo","Preventiva",0.934954918133278,39.0634091950408,1.84519443983823,2.15358504362378,206.75691696859
"M0030","P01",659.526181078723,"Torno","B",10.5213070939167,"Correctivo","Correctiva",0.398963154515913,36.8858526940747,1.4101369054407,1.41638896734158,838.03666949308
"M0031","P08",160.471553296846,"Fresadora","A",4.12238920275552,"Preventivo","Correctiva",0.790445672039242,37.6263381254826,1.26011265114979,1.75770984468556,1008.57853398258
"M0032","P03",482.868889596976,"Prensa","C",8.2251896346894,"Correctivo","Correctiva",0.929684119768096,46.8006808367455,1.9109722383178,4.80920900906828,2954.67816403163
"M0033","P02",180,"Torno","B",2.44936765977783,"Preventivo","Preventiva",0.626857704952689,37.713738426614,1.1105259783016,1.63330633828643,459.794675605996
"M0036","P01",102.677576575507,"Torno","A",8.36934089382059,"Preventivo","Correctiva",1,52.8186358661187,3.03254873776458,6.58644052284037,2374.28796441122
"M0038","P12",241.217941567259,"Fresadora","B",2.74736523533282,"Correctivo","Correctiva",0.388507308601621,28.7627744840967,0.849886953258995,1.8494727066094,1172.45317844947
"M0039","P03",579.093298554847,"Torno","A",11.0393210498864,"Preventivo","Correctiva",0.618884518563384,39.0203691467896,3.25068075063809,2.17614405670556,1813.96791932841
"M0040","P12",180,"Prensa","C",3.58454250700664,"Preventivo","Preventiva",0.938207994422165,42.2218234564876,2.02427176273001,4.27223516013854,1435.72497466587
"M0041","P07",356.395919961721,"Torno","B",6.64400274277554,"Correctivo","Correctiva",0.451550579977893,26.0833075101346,0.887798025945384,2.59738171851469,878.283002299324
"M0042","P10",534.313599042192,"Prensa","B",7.91059002990387,"Correctivo","Correctiva",0.827653765184101,41.009015399224,2.93395630538044,2.51480849584225,1676.91147639598
"M0045","P01",562.574799732231,"Fresadora","C",9.02752707334931,"Correctivo","Correctiva",0.984624700453409,48.0789428155631,2.55647340999751,3.3766551064892,1576.8236072356
"M0046","P07",180,"Fresadora","B",4.29226398730063,"Preventivo","Preventiva",0.683490899870557,29.8985448084442,1.18916362089053,1.36615019928704,639.569480188626
"M0047","P03",360,"Torno","A",5.66339320771455,"Preventivo","Preventiva",0.875012483603525,45.627188593353,1.8415766343579,2.38774951334795,1350.4680763294
"M0048","P05",540,"Fresadora","C",7.16958333884728,"Preventivo","Preventiva",0.561583572061546,36.7205459702553,1.78675284866604,1.86951238164392,639.476205796681
"M0049","P01",360,"Prensa","B",4.27941705519195,"Preventivo","Preventiva",0.796088584598203,42.8979509639087,1.56374236304393,1.62542631091505,532.617387612954
"M0050","P02",180,"Prensa","A",7.76998899369449,"Preventivo","Preventiva",0.58743144717349,40.4212215316021,1.41894487723867,2.32870165254655,417.308799764904
"M0052","P12",180,"Prensa","B",6.63220463177582,"Preventivo","Preventiva",0.530091158263141,30.7963670381084,0.665270208779161,1.52073250625875,838.484988191076
"M0053","P02",180,"Torno","B",4.76780900821015,"Preventivo","Preventiva",0.693737648695845,41.6651050682915,0.672260337851368,0.883247132112399,380.619661614162
"M0054","P09",180,"Prensa","C",4.08310832927631,"Preventivo","Preventiva",0.654127770756167,37.2306643673314,1.01869203661802,0.341423632345235,249.976214758343
"M0055","P06",180,"Prensa","B",5.62299077849157,"Preventivo","Preventiva",0.283858519047501,25.2191879292342,1.03378198464743,0.619325317666967,851.009596824779
"M0057","P11",679.044450193688,"Fresadora","A",12.4337841001061,"Correctivo","Correctiva",0.484587377472645,32.7443769602204,1.77630688913185,2.10056054863852,1694.79801863235
"M0058","P07",180,"Fresadora","A",6.12888215220076,"Preventivo","Preventiva",0.776551612530429,31.0764038155095,1.05482098666856,1.11472831466716,571.645593058427
"M0059","P08",360,"Torno","B",1.33408884785264,"Preventivo","Preventiva",0.821703174024946,36.16373179539,1.14721944175936,0.670413759374155,168.622232917373
"M0060","P01",124.931255963589,"Fresadora","A",14.0633395089646,"Correctivo","Correctiva",0.834635370623194,46.1599094309167,2.59482968227965,2.82590234918623,1921.37067010396
"M0061","P12",180,"Prensa","B",4.91108047133707,"Preventivo","Preventiva",0.750106864230142,35.442501185689,3.30297138494584,3.59660224619677,1534.06016328149
"M0063","P08",666.798615459179,"Torno","B",5.61780950000676,"Correctivo","Correctiva",0.677458711181746,29.7451873783257,2.70592637640913,2.40577147422971,1231.59246019335
"M0064","P07",125.3019453872,"Prensa","C",13.2723410055815,"Preventivo","Correctiva",1,39.7007295007183,4.64995377293387,6.54646690303294,2988.00399632605
"M0065","P05",149.207463457374,"Torno","C",2.75455267333815,"Preventivo","Correctiva",0.62594903494701,44.6537291461665,1.6025140277287,2.12810172563194,2114.76716207999
"M0066","P04",360,"Prensa","A",2.85643330183712,"Preventivo","Preventiva",0.923992507064384,43.9277577158031,1.99185462768717,2.6959940222607,462.590979043152
"M0067","P09",151.571165840719,"Torno","C",11.2141317712183,"Preventivo","Correctiva",0.415194607199229,37.8209206916584,2.08266502509525,4.6206916210987,1147.68064327099
"M0068","P04",213.642974218935,"Torno","A",6.82621655109159,"Correctivo","Correctiva",0.806141399299782,39.999482001424,1.83603632979944,2.81193217352708,1836.45864356205
"M0069","P06",493.600372480758,"Torno","A",13.4717699222283,"Correctivo","Correctiva",0.76246291064194,41.9059312684444,2.79593901857447,2.78338708557556,295.685036129872
"M0070","P09",180,"Torno","B",8.82583749033378,"Preventivo","Preventiva",0.699339222268698,39.7818439549769,1.28591881268042,0.724824447417528,435.478075781726
"M0071","P12",180,"Torno","C",5.88173153151503,"Preventivo","Preventiva",0.766602924353136,36.1617526932782,2.49940787580316,2.29863003447275,606.986497028297
"M0072","P08",694.358006046299,"Fresadora","C",9.30275381720937,"Correctivo","Correctiva",0.824027511417,35.4071182570515,2.00203931005231,2.51930626693907,993.862055749862
"M0073","P09",180,"Prensa","C",6.14083579785596,"Preventivo","Preventiva",0.840214639962312,41.947280896818,1.55838969481362,3.34470007448293,619.065258393637
"M0076","P10",128.411126528306,"Fresadora","C",11.3198341508032,"Preventivo","Correctiva",0.515103514797616,37.4212761432492,2.20682536832867,3.25837511899048,1129.80596623596
"M0077","P07",180,"Fresadora","B",14.0567792314736,"Preventivo","Preventiva",0.555721963191322,30.3516975848368,2.24448685422583,0.705968703410246,607.918243429977
"M0079","P12",442.748035783055,"Prensa","B",6.20279123693797,"Correctivo","Correctiva",0.850079948706334,41.6435971130175,2.21577337128208,3.53825504733665,1676.53535529476
"M0080","P01",548.125974348234,"Prensa","B",2.60929870428288,"Correctivo","Correctiva",0.857118845099263,43.8140168397082,3.09215027313775,4.5219078167849,1108.76335300689
"M0081","P01",428.170022931565,"Prensa","B",4.32595270250137,"Correctivo","Correctiva",0.800355590044877,47.4045344009771,1.33016374052789,3.70761796170003,1666.45333971585
"M0082","P07",261.918149341391,"Torno","A",4.46525247282922,"Correctivo","Correctiva",0.718144815186675,27.3029688852208,2.15570543199403,2.79850042684315,845.638770419466
"M0083","P10",180,"Torno","C",9.00677086171073,"Preventivo","Preventiva",0.734762134980138,37.8873994632235,3.45104907286847,1.17812683898897,665.58811683708
"M0084","P04",672.136695632879,"Torno","B",16.3786101298833,"Correctivo","Correctiva",0.781651228475812,44.6119225206234,2.08434878886777,3.22685208246952,1211.00183706495
"M0085","P06",709.393246897084,"Prensa","A",5.57477688850719,"Correctivo","Correctiva",0.659966693321668,33.931485235027,1.81211263214791,2.10970560957942,1508.52024144713
"M0086","P10",540,"Prensa","B",7.64601081195587,"Preventivo","Preventiva",0.739679420712082,39.3750865147478,4.17444012212002,3.33123172999987,1249.24122153789
"M0089","P03",373.841135476991,"Fresadora","A",12.7505959225542,"Correctivo","Correctiva",0.844205585987333,46.2961260240269,3.85338053378924,6.71752022680221,5908.5890224879
"M0090","P04",360,"Torno","C",5.04166534530804,"Preventivo","Preventiva",0.813573598646657,41.9252202826909,2.88555352924787,1.89025049851249,463.635441028928
"M0091","P08",180,"Torno","A",8.96075047224379,"Preventivo","Preventiva",0.793782689522352,37.7537178223609,1.48960365514439,0.777529103980259,348.950215655683
"M0092","P08",360,"Fresadora","C",14.4064556426924,"Preventivo","Preventiva",0.769781098637277,35.193900742351,2.52897525257519,1.29088081928243,568.207013885553
"M0093","P06",180,"Torno","B",4.72331998984498,"Preventivo","Preventiva",0.48756801689209,29.835369094489,1.14487959411485,0.634484726953993,191.01817823909
"M0094","P06",360,"Fresadora","A",3.00537203806502,"Preventivo","Preventiva",0.45192039346661,27.5577698732341,1.04496411259064,0.757915632196691,382.445841988788
"M0095","P11",180,"Fresadora","A",7.52812771271762,"Preventivo","Preventiva",0.535569051144254,30.5958457066414,1.44863489041363,2.30684124454012,1742.38526801459
"M0096","P08",383.00339698673,"Torno","C",6.20665406274569,"Correctivo","Correctiva",0.671527685435726,33.0538766360552,1.19347058695426,2.17783579695603,1046.05492984945
"M0097","P08",101.268033572217,"Fresadora","A",7.04173892393341,"Preventivo","Correctiva",1,46.5958743381808,3.03533240350496,4.91468463379167,2535.75440557356
"M0098","P12",519.044206504052,"Prensa","C",11.8447248856039,"Preventivo","Correctiva",0.88762193202175,47.0703063029169,1.97778930106293,3.32887976615276,3668.57815302743
"M0099","P09",553.340236067073,"Fresadora","B",3.1990341486141,"Correctivo","Correctiva",0.775871856516193,39.4229551612949,1.0703366896481,1.19384405811209,320.485542295144
"M0100","P10",180,"Torno","B",5.47288289011522,"Preventivo","Preventiva",0.928507732466229,37.2584238806987,2.41818452843639,2.81846873314957,824.903644200517
"M0101","P06",398.159624376671,"Prensa","B",1.98290527556468,"Correctivo","Correctiva",0.600091117040224,32.541269343765,0.567455674651855,0.489507177183775,332.260477895931
"M0103","P05",180,"Torno","A",4.71035455541961,"Preventivo","Preventiva",0.820791587503976,39.3273204506257,2.03695974275152,2.41635054082614,598.344814951208
"M0104","P08",180,"Fresadora","B",9.07352036113374,"Preventivo","Preventiva",0.783664352091502,36.5051662642029,0.726385163061678,0.856479218899346,786.692687474447
"M0105","P05",360,"Prensa","B",11.3909334588817,"Preventivo","Preventiva",0.695490389724501,43.1684133468381,1.15172063177214,1.27662473815513,1746.3583350993
"M0106","P11",180,"Prensa","B",9.75837305893178,"Preventivo","Preventiva",0.660368662156655,34.6837466362318,0.793350040436537,1.2247888522707,1278.92452418083
"M0108","P09",142.251991480299,"Torno","B",6.05292348731471,"Preventivo","Correctiva",0.744368671765098,39.351509771542,1.87693197922416,0.958618306719704,666.922073411815
"M0109","P12",563.406751751895,"Torno","B",3.69557515151628,"Correctivo","Correctiva",0.895091564086306,36.3273689570513,2.38712271163584,8.29957417617928,1908.62660518881
"M0110","P03",432.11526382432,"Fresadora","B",6.69656216769673,"Correctivo","Correctiva",0.90452568542561,46.853872337665,3.51068504759603,4.89510543354369,847.97521235035
"M0111","P01",287.766457067046,"Prensa","C",9.99130522711645,"Preventivo","Correctiva",0.712367788530781,41.0652111283706,1.68679845116603,3.77435973197812,2199.67304879433
"M0112","P09",177.785423664178,"Torno","B",17.7981778302321,"Preventivo","Correctiva",0.596006332167685,40.5125732055129,1.17063130854179,0.761130050729556,761.510751835913
"M0113","P12",180,"Torno","B",2.32869802296647,"Preventivo","Preventiva",0.823037535390257,37.9639853468866,1.20791608525853,0.964049007683105,329.721583124753
"M0114","P05",55.0596124851174,"Fresadora","A",3.6705927954092,"Correctivo","Correctiva",0.360693037987309,33.8694339535175,0.604022034577934,0.762395263785025,746.893317789928
"M0115","P06",180,"Prensa","B",5.39397254270428,"Preventivo","Preventiva",0.746367318286226,34.5612831405659,2.64196318056584,2.02983998477062,549.124197141577
"M0116","P01",180,"Fresadora","B",3.2417936030374,"Preventivo","Preventiva",0.600099358191309,36.993790576925,1.84619099642056,1.71075790613395,402.45135706498
"M0117","P04",365.684470604723,"Prensa","B",4.495209992808,"Correctivo","Correctiva",0.516225013713996,36.6211798789193,1.59334664899332,1.49572495217269,1617.25472131977
"M0119","P07",180,"Torno","B",10.1008700931759,"Preventivo","Preventiva",0.413713535984247,31.0896109788478,1.20793776883502,0.801690193789262,755.220420989675
"M0121","P08",283.942567787916,"Torno","B",4.83298849270773,"Correctivo","Correctiva",0.698809358210886,33.0025528329753,1.2959389038101,0.964344998548279,801.964899703056
"M0122","P02",180,"Prensa","A",17.0670271498484,"Preventivo","Preventiva",0.702789566568275,42.9490862761747,2.60805899698107,1.81625682345163,1172.08507957471
"M0124","P03",220.274763735554,"Torno","A",6.70019192981809,"Correctivo","Correctiva",0.760831487674858,38.7781990390669,1.36878018185651,0.95374333912842,334.871866525763
"M0125","P09",180,"Fresadora","A",20,"Preventivo","Preventiva",0.658727113244468,41.1280907728357,3.05548585715586,1.99786440230882,1005.39974185594
"M0126","P02",633.518690801053,"Fresadora","B",9.63557970681563,"Correctivo","Correctiva",0.650824436277945,38.3277679213665,5.57805083695368,2.83380694915793,1299.64772224051
"M0127","P06",149.24516337243,"Fresadora","B",3.54816988371217,"Preventivo","Correctiva",0.807076348927512,40.5740246921128,2.50127994200961,1.89980212944555,642.721256576788
"M0129","P01",180,"Prensa","A",6.64402033144091,"Preventivo","Preventiva",0.66418678130117,39.1910366409305,2.06334783807912,2.12153218497393,1217.93738947206
"M0130","P06",360,"Fresadora","A",5.69372281998696,"Preventivo","Preventiva",0.290605622986002,22.957116802342,1.60800223307337,1.16261606975308,745.052921637175
"M0131","P12",379.81391063618,"Fresadora","A",4.17648637915035,"Correctivo","Correctiva",0.746504305171562,41.6940575412236,1.02484248621023,0.965603874559062,1064.80329274167
"M0132","P02",665.50286130241,"Prensa","C",6.43183770247092,"Correctivo","Correctiva",0.815571720080835,35.4873677634633,2.64309763496737,5.54011758115522,4066.38811752119
"M0134","P03",360,"Prensa","C",4.94587696211284,"Preventivo","Preventiva",0.691967756712993,41.9130295658141,1.13434483609772,1.41926100810006,401.525099722177
"M0136","P05",378.662356791722,"Torno","C",4.82810335531648,"Preventivo","Correctiva",0.764622685373308,42.9771452355203,1.83803312231737,1.64326826572299,519.823451786982
"M0137","P06",714.357569048453,"Fresadora","A",13.2120393365411,"Correctivo","Correctiva",0.80986551541913,37.0599770921679,2.19064499654179,1.3743907889745,1199.54071698582
"M0139","P04",581.252360705592,"Torno","C",4.41462312652602,"Preventivo","Correctiva",0.816601193494886,38.2280817262714,1.37513894171555,2.94770801601433,466.989809658949
"M0140","P07",180,"Torno","B",4.39973241264862,"Preventivo","Preventiva",0.923057831262356,35.5117807628638,2.51535438185239,1.094209372508,467.235803167239
"M0142","P02",627.366718130212,"Torno","B",7.1737546790271,"Correctivo","Correctiva",0.790955899167849,36.1889918156901,4.32603037607002,4.96302164763269,2776.43357245236
"M0143","P01",699.59295847309,"Fresadora","A",2.89799091803889,"Correctivo","Correctiva",0.525168035827744,37.7610438523148,2.36830443743344,3.40979512309737,1093.2396026192
"M0145","P06",50.1049045161585,"Torno","C",14.3168871439537,"Preventivo","Correctiva",1,47.0428253809244,3.07980429188146,5.47051623488047,1768.74715423555
"M0146","P08",5.50237568729157,"Fresadora","A",1.9364406893688,"Correctivo","Correctiva",0.654439436304499,29.1472919136972,0.650716384523922,0.9794747894073,691.215132070691
"M0147","P05",153.660339892399,"Prensa","A",9.15506515521706,"Correctivo","Correctiva",0.712530198712512,41.3745734666351,3.08440158980799,4.09404595461106,1407.98312775678
"M0148","P06",403.031969070744,"Fresadora","A",11.0091628268395,"Correctivo","Correctiva",1,47.8567214078431,6.8741624762014,7.28644141374169,3067.04539919473
"M0149","P08",180,"Fresadora","A",7.54386219480996,"Preventivo","Preventiva",0.709519849945571,35.4832629982889,1.05798631011223,0.970153124733445,1228.5801642056
"M0150","P11",180,"Prensa","B",2.28144372320605,"Preventivo","Preventiva",0.799231022772575,42.0315917725122,0.815776799015093,0.967643920157375,394.81370646898
"M0152","P01",180,"Torno","A",10.6912080364123,"Preventivo","Preventiva",0.510131703668756,41.6790044125531,1.53806969722525,0.779879159004093,532.525466330053
"M0153","P08",541.444952026248,"Prensa","A",4.93182816706516,"Correctivo","Correctiva",0.681058297165346,31.8047603625664,2.3915655831185,6.74937384412802,2399.25621896097
"M0154","P02",320.422629104354,"Fresadora","A",1.80175577344567,"Correctivo","Correctiva",0.757166064303017,34.3838122680896,1.81851920312311,2.92312254794884,1167.46131746166
"M0155","P07",180,"Torno","B",7.86045220353325,"Preventivo","Preventiva",0.674459218700913,34.7245058205107,0.718661878288453,0.734352773662238,410.516843570671
"M0156","P06",244.003632064783,"Prensa","B",5.28498959493406,"Correctivo","Correctiva",0.676579968658986,29.1675501311754,2.0745738041563,2.86163063566571,1095.76820494927
"M0157","P11",180,"Prensa","A",6.24279332744686,"Preventivo","Preventiva",0.573873231178935,34.5289945360754,1.49874233890868,1.54701508905703,918.866286891344
"M0158","P09",507.76916415381,"Torno","A",3.14520715542967,"Correctivo","Correctiva",0.910875986373268,45.5645753689225,1.69405811941166,1.75257268973051,402.353532843073
"M0160","P03",180,"Torno","B",4.66218369433461,"Preventivo","Preventiva",0.717945760428776,42.1525840593222,1.25069969900248,0.735832191234903,449.076694281259
"M0161","P08",546.227914981487,"Fresadora","C",5.87894486827544,"Correctivo","Correctiva",0.780857046186121,38.9845306909619,2.50455993888109,2.33900693793475,1184.36959885689
"M0162","P09",180,"Prensa","C",1.02582774062558,"Preventivo","Preventiva",0.652643086900418,31.7963049046111,1.1140698917458,0.777261432380959,434.547546087254
"M0163","P03",180,"Torno","A",10.0708700466523,"Preventivo","Preventiva",0.793918355423177,46.464432760003,2.98894824039939,1.91090552013912,587.554789818236
"M0164","P12",180,"Prensa","A",3.22294549237734,"Preventivo","Preventiva",0.668970607842999,38.5145008993444,1.17259565792008,1.69455732321598,1304.11070671103
"M0166","P06",360,"Fresadora","B",7.00162905383455,"Preventivo","Preventiva",0.708445495826279,34.4924156691424,0.868053294419427,0.745119091774567,229.024496039757
"M0167","P11",472.752509932613,"Prensa","A",2.16317519200219,"Correctivo","Correctiva",0.750230034039779,38.3673503444893,1.52922656514121,3.18420036157073,891.290844156361
"M0168","P11",393.585763844792,"Torno","A",8.89146233308338,"Correctivo","Correctiva",0.748944947886576,41.154346245655,1.0154036111039,1.47657698656928,832.411518218141
"M0169","P04",262.295450486689,"Prensa","A",2.31535780941201,"Correctivo","Correctiva",0.867225648185534,40.657749458132,1.91533571434996,2.57126047134875,189.568205071482
"M0171","P10",180,"Torno","C",5.85389608180492,"Preventivo","Preventiva",0.766880280342328,42.6559112385135,1.19485153688532,1.63326287835291,366.919606749341
"M0172","P02",412.187310911723,"Fresadora","B",6.92069704795592,"Correctivo","Correctiva",0.538471620638802,37.885133802408,0.608588034205467,1.1658231795505,327.173479941412
"M0173","P07",180,"Torno","C",7.91685509308094,"Preventivo","Preventiva",0.671535791189912,30.8746419398416,1.98847384542324,0.854320654288142,837.068115663501
"M0174","P11",180,"Prensa","A",8.31598353135648,"Preventivo","Preventiva",0.807590050052272,39.4282501339572,1.43348707941861,1.1357683131597,953.652229036173
"M0175","P10",180,"Prensa","C",4.74547180412945,"Preventivo","Preventiva",0.590492559611741,35.4569542716516,1.15845540862866,0.648081572717759,314.106551851557
"M0176","P06",360,"Prensa","B",7.61643983798943,"Preventivo","Preventiva",0.676711415760128,35.7460432661037,2.84536527674266,0.839822011702983,273.558980217276
"M0177","P01",180,"Torno","B",6.02405010037645,"Preventivo","Preventiva",0.641629227901894,41.3351407051116,1.80959382229223,1.3006261873715,308.101264065648
"M0178","P02",155.017914863075,"Torno","B",7.7144912508168,"Correctivo","Correctiva",0.839678962824647,40.9862873078718,2.1247716946646,3.10509651542047,1183.05533288016
"M0179","P07",349.002976957235,"Prensa","A",9.46204404039191,"Correctivo","Correctiva",0.509274104601931,27.9434890194787,1.37122579231777,2.26714963834592,966.444856064531
"M0182","P05",360,"Fresadora","C",6.63055799278738,"Preventivo","Preventiva",0.724023334864472,43.9252465661798,1.19778224004065,0.747799599754307,488.376957149197
"M0185","P09",441.110789591003,"Torno","A",8.72968175470173,"Correctivo","Correctiva",1,46.1562904630569,4.82897246348699,5.48892161009222,1400.38425235918
"M0187","P02",706.364732312023,"Fresadora","A",8.49758429116925,"Correctivo","Correctiva",0.776550209640096,38.6944506130733,4.33508424542495,2.0562605679581,618.9983637314
"M0188","P11",489.647372010489,"Fresadora","C",16.1674150860377,"Correctivo","Correctiva",0.878353752393757,45.3450472366409,4.28292727062983,3.16949242538556,2075.35062542776
"M0189","P06",360,"Fresadora","B",15.687662309322,"Preventivo","Preventiva",0.731668238579446,39.1358081979874,3.86107412360465,2.16946988479397,1448.34430608088
"M0190","P05",585.426984671356,"Torno","C",5.6160737480679,"Correctivo","Correctiva",0.774898638369706,34.7684689777956,2.28567504544604,4.27408433015419,1618.31942169641
"M0191","P12",541.427057646823,"Prensa","A",13.2436342739271,"Correctivo","Correctiva",0.861967266488852,43.5816775445177,6.28249453049691,5.08676352566871,3023.28286524967
"M0193","P03",618.837006829901,"Torno","C",2.99605060480478,"Correctivo","Correctiva",0.774436723963162,40.8482380498982,4.6661785171633,6.93217687965116,2025.1577128782
"M0194","P05",180,"Prensa","A",2.96455788278757,"Preventivo","Preventiva",0.750160982355044,41.3186615460377,0.88835070656301,0.602698843389256,588.283573216572
"M0195","P03",290.07414370377,"Prensa","A",4.92234546016057,"Correctivo","Correctiva",0.658081823140731,40.0605114566298,0.810464937609922,2.37443306884817,1697.31139808896
"M0197","P04",540,"Fresadora","B",5.62937767661241,"Preventivo","Preventiva",0.59521117758266,38.3098455591846,3.46366776562538,2.37750211383984,642.046226201056
"M0198","P01",108.801364561321,"Prensa","B",4.26410329498417,"Preventivo","Correctiva",0.571528105122073,41.5394993162101,1.57430924119869,2.80457509624758,2372.67418263969
"M0199","P01",180,"Torno","A",3.6840633927511,"Preventivo","Preventiva",0.605613413122871,35.3275307346066,1.05688181537926,0.658314644466956,1110.21236628274
"M0200","P08",646.83054337785,"Prensa","A",3.49308555604227,"Correctivo","Correctiva",0.871499308046135,31.7642701093911,3.32679442435539,3.31297010619297,1719.65061352
"M0201","P09",556.60879260871,"Torno","A",7.35310447855568,"Correctivo","Correctiva",0.403252913486983,33.3294581977725,2.16947031069733,2.8192676832218,1943.08002962275
"M0203","P04",595.786979217994,"Torno","A",12.3029372525545,"Correctivo","Correctiva",0.740622422021309,38.8945755144218,2.22540862037677,1.83491830298805,1173.34532255391
"M0204","P01",180,"Prensa","B",7.51042487409776,"Preventivo","Preventiva",0.708160141608417,39.784380484461,1.15048291427994,0.786340194616038,699.45074042431
"M0205","P11",180,"Torno","C",6.49763332816198,"Preventivo","Preventiva",0.704440258967936,37.5650117751238,1.13721754763652,2.06416069279326,474.944927043975
"M0206","P01",180,"Torno","B",7.33248163886534,"Preventivo","Preventiva",0.503368614156539,40.9139499783041,0.744658678581505,0.661510501568641,714.417736615447
"M0207","P02",144.646230725594,"Torno","C",12.9935949863986,"Preventivo","Correctiva",0.66936489480413,41.4938873242462,2.81791431601233,5.98177718884215,1596.78038834986
"M0209","P11",596.877941061712,"Fresadora","A",5.08369570767172,"Correctivo","Correctiva",0.512384417671392,31.7834988901079,1.39035859227546,0.982707720455419,464.189403113814
"M0210","P03",677.940252695346,"Prensa","A",2.6947320247327,"Correctivo","Correctiva",0.411687150262349,36.2190878325871,0.502278715768316,1.79180299649748,1655.61203219823
"M0211","P12",180,"Torno","B",7.10043867325072,"Preventivo","Preventiva",0.430937897934159,30.326304108781,1.89087866010998,1.77328207895887,735.639985062804
"M0212","P01",180,"Fresadora","A",5.66875827790449,"Preventivo","Preventiva",0.890375464243343,39.1025029223329,1.70213448436259,1.82723088181727,584.016159619235
"M0213","P07",153.077377953111,"Torno","B",9.18706111832271,"Correctivo","Correctiva",0.469787740839495,29.6514004363063,2.28963905681044,1.77363710664517,657.161750449132
"M0214","P07",84.555772504902,"Fresadora","C",4.90686239045855,"Preventivo","Correctiva",0.593886226537533,32.2985948988676,1.3524926535574,3.31564512802952,1411.20040553785
"M0215","P11",180,"Prensa","A",4.99976540610086,"Preventivo","Preventiva",0.920182673871922,39.0341924630396,1.80313798047937,1.40208562637062,806.337319967843
"M0216","P03",532.83949159644,"Torno","A",6.89525371281832,"Correctivo","Correctiva",0.850028623032515,50.6617100193373,1.04711794180328,1.67907147628479,378.329887464579
"M0217","P02",180,"Torno","A",9.42397469448256,"Preventivo","Preventiva",0.801557981267672,43.1198944483937,4.4367873305546,3.78429965292969,713.622389308904
"M0218","P05",180,"Fresadora","C",4.32575831066285,"Preventivo","Preventiva",0.848927411421324,46.1419027469056,2.37525581653825,1.9813795782114,1136.44208643479
"M0219","P05",482.610474576398,"Fresadora","B",9.67195066414092,"Preventivo","Correctiva",0.613466045156725,40.8630779755028,0.977790829233549,2.0797099416045,1876.93819362018
"M0220","P01",180,"Torno","C",8.27783778573576,"Preventivo","Preventiva",0.47113728787077,32.6932037823702,0.626006080590034,0.372756886271726,443.509636543518
"M0221","P11",180,"Torno","A",3.81287841098123,"Preventivo","Preventiva",0.520769373373832,31.7761879573558,1.07103918959974,0.928559757422232,541.137740925298
"M0222","P07",180,"Prensa","B",11.6345251056707,"Preventivo","Preventiva",0.589508176764003,31.173064240855,2.08376619776608,1.49320942710128,1026.88733240223
"M0223","P03",99.3853810658443,"Fresadora","B",20,"Correctivo","Correctiva",0.89262072265295,51.1807752725381,3.83492937800049,6.62886423939681,6403.99056294864
"M0224","P05",180,"Prensa","C",8.7872780751591,"Preventivo","Preventiva",0.964794685056229,43.3186785776702,1.26395596077611,1.54664521682504,1716.52833531599
"M0225","P11",241.098259031764,"Prensa","A",2.84054894976813,"Correctivo","Correctiva",0.856310266178638,34.8350092307232,0.876869000827784,1.9124196571299,1456.49290143969
"M0226","P08",438.877769275137,"Fresadora","B",12.7974305678032,"Correctivo","Correctiva",0.934292471465136,44.8751592452889,5.72100494758117,5.98425380459741,3103.78218978796
"M0227","P05",180,"Prensa","A",5.39874270524136,"Preventivo","Preventiva",0.476668840627676,37.1146968690888,1.9424365514761,1.56691493849068,739.862524431651
"M0228","P04",180,"Fresadora","A",12.2642384663162,"Preventivo","Preventiva",0.621144099697436,39.1584983795371,1.79610933760341,1.09804193779743,537.521449285701
"M0230","P08",360,"Fresadora","A",4.7149962665119,"Preventivo","Preventiva",0.202637590447657,24.1810862022281,0.624500341457139,0.70826974229447,366.321822560761
"M0231","P01",60.6541612547292,"Torno","C",4.37199308029325,"Correctivo","Correctiva",0.750880645606442,41.6265666047622,2.25694373784793,2.15859643750366,2050.76330001134
"M0232","P11",367.843597087652,"Prensa","A",7.01918761073559,"Correctivo","Correctiva",0.793999016575152,36.9769112668418,2.0659966160528,2.24732665795875,1362.44021603902
"M0233","P01",180,"Fresadora","A",6.07584272526249,"Preventivo","Preventiva",0.658902422410199,36.5651467561951,1.43007103781241,0.458847976142453,343.10560802627
"M0234","P07",540.813886324818,"Torno","B",4.69302640670029,"Correctivo","Correctiva",0.495434388091816,27.9498075733279,1.37374149603024,1.29602943089289,1669.04612514336
"M0235","P06",536.949244418919,"Fresadora","C",5.34527137051289,"Correctivo","Correctiva",0.768982130452492,37.9805572854555,2.16455278756765,3.65888195205669,813.47003077581
"M0236","P09",532.911257582615,"Prensa","B",6.28498029423022,"Correctivo","Correctiva",0.756026800164109,41.4174436699976,2.75293977590879,4.4857996514749,2416.55357096978
"M0237","P04",180,"Prensa","A",4.95480503459722,"Preventivo","Preventiva",0.515752179407622,35.2197124659897,0.49029355207796,0.413649901872045,535.197739781048
"M0238","P10",180,"Prensa","A",8.68260470402689,"Preventivo","Preventiva",0.909911662377355,42.1525082951798,3.48316448274938,2.28593148337995,436.215255567748
"M0240","P11",69.3062477576321,"Fresadora","C",0.843042070531901,"Preventivo","Correctiva",0.424543573253084,28.836694989328,0.569036771219421,0.43391557348757,360.752581816301
"M0241","P04",338.507507810612,"Prensa","A",5.88354882466281,"Correctivo","Correctiva",0.578154402377094,37.8132409194867,1.06443428964847,1.09239167239057,502.867365208234
"M0245","P01",360,"Fresadora","C",5.28571726991976,"Preventivo","Preventiva",0.481636543820464,37.3022332104189,0.420878192840165,0.563316589595118,202.261991957962
"M0246","P10",180,"Prensa","C",1.50221225472042,"Preventivo","Preventiva",0.739204390176205,34.9678045323117,1.04556245831569,0.998275600410556,369.513611729023
"M0247","P01",720,"Fresadora","C",7.73396718126023,"Preventivo","Preventiva",0.657664916971069,41.3038802405162,2.42410582571245,1.0044845438709,536.443802204075
"M0248","P01",180,"Prensa","B",10.4995586673238,"Preventivo","Preventiva",0.785587106616338,44.0918089727741,2.08629754621125,1.35467650934353,773.947653182441
"M0252","P10",554.335560951371,"Prensa","A",16.5672393310321,"Correctivo","Correctiva",0.810972046976052,44.3625050793367,3.79145225142816,7.93100259661633,1469.62147932977
"M0253","P04",227.357818146911,"Prensa","B",4.98359363626117,"Correctivo","Correctiva",0.668302796167937,36.0083074995232,1.12780774557689,1.13483560788807,350.895497481588
"M0255","P09",360,"Fresadora","A",5.98702353971489,"Preventivo","Preventiva",0.904526548981349,41.6414711382852,3.08686069945286,2.59055516425589,743.690944139595
"M0256","P04",540,"Prensa","B",7.80581618386231,"Preventivo","Preventiva",0.878566996116959,39.3323457893485,1.70892631195815,1.74870221800423,1010.75526841165
"M0259","P08",579.388724146706,"Prensa","C",2.98239577861585,"Correctivo","Correctiva",0.910272691735057,39.6918837091376,2.75450532085316,6.7522662351433,2503.09230794129
"M0260","P07",180,"Torno","A",4.72588201307908,"Preventivo","Preventiva",0.817801406276164,37.3702899505192,1.57566299404976,1.66731562840831,514.475154968012
"M0263","P11",180,"Torno","A",5.43140113494863,"Preventivo","Preventiva",0.521691004849938,34.8448610549032,0.653960480961639,0.47858449406145,286.386272526227
"M0264","P05",360,"Torno","C",3.1678663168222,"Preventivo","Preventiva",0.55242097887945,36.11300477527,1.70942354792094,1.10042019651807,265.586229701687
"M0265","P01",180,"Prensa","B",4.37443358398999,"Preventivo","Preventiva",0.624247085261078,40.4212757417002,1.79999447900328,0.892208530345918,254.997279464695
"M0266","P07",455.550186702142,"Prensa","C",3.24145574664909,"Correctivo","Correctiva",0.689070696879377,31.3703406318096,1.63240176600019,3.48642755679265,1631.39237991228
"M0268","P08",180,"Torno","B",15.7302534589428,"Preventivo","Preventiva",0.49887818701456,35.9968022526086,1.83897792637212,0.750976796176194,1761.61385061042
"M0269","P08",180,"Torno","B",10.9910376496204,"Preventivo","Preventiva",0.593511918791618,35.3488332015909,1.30967965809568,0.706796487183627,1020.91846631601
"M0273","P11",180,"Prensa","B",7.82460854352651,"Preventivo","Preventiva",0.593065139519337,37.166031391466,2.32584270382498,3.12073231551425,1658.00198067621
"M0275","P03",41.1434083415939,"Torno","B",20,"Preventivo","Correctiva",0.871119736521328,53.7423839414781,8.22851366181223,7.7686234135473,3360.02353486449
"M0278","P05",462.983382598854,"Prensa","A",10.3563947676968,"Correctivo","Correctiva",0.507274170352471,42.1744778750775,2.89767314696683,1.90812440536913,1478.85527727015
"M0280","P09",309.200691868979,"Torno","A",13.2658995963833,"Preventivo","Correctiva",0.543946633298937,38.1869919943482,2.16623716248138,2.05819975026903,1938.19939382751
"M0281","P02",360,"Prensa","B",6.1230812758474,"Preventivo","Preventiva",0.517283579122189,37.67234043343,1.48016477629414,2.42585126556718,712.242647344065
"M0282","P12",180,"Torno","A",5.70653830112246,"Preventivo","Preventiva",0.704921155437085,36.0012262141322,1.49302940608256,0.6387166338119,480.169524504745
"M0283","P12",406.752011427967,"Torno","C",8.10566963129787,"Preventivo","Correctiva",0.498223707516143,34.9796018124896,0.673281198419407,1.11535341442601,789.833667295594
"M0284","P12",180,"Prensa","A",4.78454369118624,"Preventivo","Preventiva",0.72968667194568,37.4150165332335,1.37794958138383,1.79842308577559,1304.62769500883
"M0285","P11",180,"Fresadora","A",6.18235304406727,"Preventivo","Preventiva",0.537377116289035,37.0268101507813,1.66619010781928,1.00193678466495,561.239815710089
"M0288","P09",50.3735813725781,"Fresadora","C",8.28914482925485,"Correctivo","Correctiva",0.662182747549807,38.0597135299984,1.12915366142031,2.79066524138447,427.610670914699
"M0289","P02",180,"Fresadora","C",7.86529957958232,"Preventivo","Preventiva",0.372903314317517,35.9806892858997,1.00342603870017,0.626968611059702,386.994832728024
"M0292","P08",180,"Fresadora","B",5.64117840441816,"Preventivo","Preventiva",0.518633978277629,31.3169300335139,1.04257913546659,0.679872514119159,1037.34552157617
"M0293","P09",102.240404080437,"Fresadora","A",4.96728659464265,"Correctivo","Correctiva",0.911405343990885,43.1794281521368,2.20857487130491,4.16720545073761,1416.62447284821
"M0294","P04",360,"Prensa","A",7.97145220333507,"Preventivo","Preventiva",0.817342616614815,38.8783469921069,1.74397962123835,1.4528161340358,803.871276724684
"M0295","P07",180,"Torno","A",6.27745946158271,"Preventivo","Preventiva",0.796432330650796,39.7586675007208,2.35007529748158,1.64283067341802,529.204484651641
"M0296","P10",445.477267277672,"Fresadora","B",9.40815850621803,"Correctivo","Correctiva",0.874927875124452,39.3051884831292,5.28314252675181,4.8629952860307,1686.88106933426
"M0297","P07",180,"Torno","A",5.8312124356279,"Preventivo","Preventiva",0.656508544957726,32.0479733672569,1.41172191227082,0.925686216778754,510.240331413357
"M0298","P11",360,"Fresadora","C",4.6430687563714,"Preventivo","Preventiva",0.701549225582852,31.9567044279983,1.49336015669711,2.16257000945994,695.835135934485
"M0299","P09",630.527386457045,"Prensa","C",2.74651624848685,"Correctivo","Correctiva",0.409801947886755,33.2531275104393,1.15334699479708,1.01437735146927,501.1727907908
"M0300","P02",180,"Prensa","B",3.30557069075706,"Preventivo","Preventiva",0.580901082433005,33.2588655363491,1.84177626583999,1.76597393375056,577.939552556329
"M0301","P10",314.996360490097,"Fresadora","B",4.66666626065469,"Correctivo","Correctiva",0.376662481877346,28.0360126415498,1.39327245373226,1.23171320826436,469.087960193818
"M0302","P10",487.966273900868,"Torno","A",4.22932490381763,"Correctivo","Correctiva",0.89853745142582,42.3375931418733,1.85192262557138,2.54914806349506,1196.96999439619
"M0304","P10",180,"Fresadora","B",2.76859593803227,"Preventivo","Preventiva",0.58945187283749,32.5182204503928,0.855323529830214,0.730463638549991,309.663866357782
"M0305","P12",126.814830479151,"Prensa","A",5.43332898224137,"Preventivo","Correctiva",0.942151560997214,42.8392826190756,2.00850561279428,3.64763647221141,1405.3393757951
"M0306","P11",116.8779097738,"Fresadora","C",4.36112216315867,"Correctivo","Correctiva",0.902331448150249,41.7550011265623,1.62563606619007,2.48740170754921,979.498661611031
"M0307","P12",180,"Fresadora","A",15.3562846179625,"Preventivo","Preventiva",0.737783800370689,39.4090703693844,2.00013882859449,1.81380827865941,1380.70757904114
"M0308","P07",93.2374158005121,"Prensa","A",7.68480327026724,"Correctivo","Correctiva",0.816197542074137,37.1889735394113,2.27291522007813,2.94048179780036,1266.96276345052
"M0309","P03",360,"Fresadora","A",5.85143707601705,"Preventivo","Preventiva",0.501941603171519,39.3975027240306,1.82751330434736,0.974289799652717,666.384419499264
"M0313","P06",180,"Torno","B",3.72066844015665,"Preventivo","Preventiva",0.547666290433412,29.7508728943694,1.14908224959068,0.926624462044696,307.21903465035
"M0314","P03",178.106984067529,"Fresadora","C",3.21541700715617,"Correctivo","Correctiva",0.771016211346406,46.6681366016267,0.797674100744304,1.36728105647074,821.652733424314
"M0315","P02",380.927980049076,"Torno","B",9.90426984462692,"Correctivo","Correctiva",0.840279469979313,46.5716649158383,4.46335539624845,5.70708051298595,1472.9814111909
"M0316","P03",360,"Prensa","C",6.18329908951384,"Preventivo","Preventiva",0.713832791774812,43.0491806324917,1.46870875562455,2.01692993992309,631.442905562015
"M0318","P08",180,"Fresadora","C",1.84746195265208,"Preventivo","Preventiva",0.565353585153361,31.5761874987391,1.6420394180163,0.748542652783372,292.188258277127
"M0319","P07",434.468570729431,"Prensa","A",5.08903233602053,"Correctivo","Correctiva",0.535564067519532,30.2766399513498,2.12004459743439,3.52805273990031,746.593152432572
"M0320","P12",223.997723682278,"Fresadora","C",6.9604872530157,"Correctivo","Correctiva",0.527470755444082,28.7699307382461,1.94835702149533,2.82702134122083,2075.25727607963
"M0321","P11",180,"Torno","A",3.20452918529773,"Preventivo","Preventiva",0.752650703024165,36.1952555029611,1.45636132654272,0.638633050038881,601.229209465877
"M0323","P01",360,"Prensa","C",7.6245106816098,"Preventivo","Preventiva",0.373497721613952,35.7792341418421,0.55397606526683,0.398615791900616,179.423209571986
"M0324","P05",540,"Prensa","B",9.44953655209865,"Preventivo","Preventiva",0.615030153789783,35.2679913891013,3.45239634670146,2.26407319095267,1707.53724103635
"M0326","P01",571.379801518275,"Torno","A",11.142564700118,"Correctivo","Correctiva",0.515517181952992,36.8231342314058,0.905238340594652,1.61530835557851,1171.85774256779
"M0327","P04",122.95571194717,"Torno","C",3.42578295023362,"Preventivo","Correctiva",0.868435205532567,43.4608184847019,1.00862958926106,1.77353780514832,461.316497157375
"M0328","P07",180,"Torno","A",3.74041637409794,"Preventivo","Preventiva",0.930255402583404,39.2401142494818,1.41129998558675,1.57404503992211,736.07253511488
"M0329","P05",180,"Torno","A",2.70950850697657,"Preventivo","Preventiva",0.833339349787017,40.1365776061389,1.58208841345094,1.67478148107608,257.120789593211
"M0330","P05",360,"Torno","C",7.871348725687,"Preventivo","Preventiva",0.830860751159272,40.0847389103002,2.55288881392536,2.84836691767943,1756.62042938479
"M0331","P02",180,"Torno","B",5.29125570596495,"Preventivo","Preventiva",0.735509245276987,38.8947050136413,1.42788271714142,1.3194502644384,1139.51887053006
"M0332","P06",180,"Torno","A",4.43744668079721,"Preventivo","Preventiva",0.926050283517985,39.9261860732272,1.2855003211707,0.479559801030473,376.900075589156
"M0333","P09",510.61881340951,"Torno","C",6.23840868205402,"Correctivo","Correctiva",0.582444945768643,40.5515366378556,1.40479203180916,2.33948093131264,961.802232266427
"M0334","P11",519.509907191195,"Prensa","B",2.6796171485319,"Correctivo","Correctiva",0.500611297173054,33.7309990931585,1.84358274082601,1.29533174893725,1412.64410428563
"M0335","P03",522.011023945401,"Prensa","C",13.6244720080076,"Preventivo","Correctiva",0.540146487935591,44.5249661359727,5.04074198567198,4.84334301187414,4070.47722596357
"M0336","P03",677.593776919347,"Prensa","A",8.16646731934009,"Correctivo","Correctiva",0.634925250600046,41.2020392298033,0.764175411016207,1.37671131070039,949.5547148826
"M0337","P11",180,"Torno","B",8.46525040960218,"Preventivo","Preventiva",0.755086010508785,41.7978069880932,1.17939741120504,1.0576559793286,511.937280498043
"M0338","P12",274.060525121181,"Torno","C",6.05533152081568,"Correctivo","Correctiva",0.688937539474484,35.2038370701106,1.24795791356089,1.89529272775057,468.354625027054
"M0339","P01",719.268094214571,"Prensa","A",8.542937318193,"Correctivo","Correctiva",0.52410719546168,35.4446261122112,2.41232761467105,2.50430868972696,853.127285768892
"M0340","P03",180,"Prensa","A",12.8854333853768,"Preventivo","Preventiva",0.508019289968203,41.6596968429835,1.27970590142903,1.19127946711827,1400.34081233585
"M0341","P11",669.588420639132,"Fresadora","C",2.34271167680908,"Correctivo","Correctiva",0.5277656289244,29.4621675498539,0.861333899273626,1.65584306505648,496.596712543887
"M0342","P08",360,"Prensa","A",6.56514076719297,"Preventivo","Preventiva",0.630098018822751,34.3044846025972,1.34384302040447,2.0066251045747,1175.66443861004
"M0343","P04",360,"Torno","B",9.40391157191523,"Preventivo","Preventiva",0.470511352548662,36.5113630534175,1.39843257862298,0.217507245215324,310.469812407351
"M0344","P07",94.3962909986777,"Prensa","A",20,"Preventivo","Correctiva",1,45.5574512230262,4.4973906643516,5.09147987586299,4554.33036857127
"M0345","P10",360,"Prensa","C",8.46162460314777,"Preventivo","Preventiva",0.676157571580677,36.5765918859675,1.82255007132709,1.11064285359372,532.441761000981
"M0346","P11",360,"Prensa","B",12.3963597385502,"Preventivo","Preventiva",0.856380989242654,37.6744078566443,2.46951543631535,2.79162196811579,1795.05659390384
"M0347","P04",71.8153949764222,"Torno","B",5.30429241872223,"Correctivo","Correctiva",0.855201653120771,45.4795379449262,1.23099643805336,2.19709719465658,933.351997819004
"M0348","P06",695.004479894901,"Fresadora","A",2.77459569886561,"Correctivo","Correctiva",0.715111952597798,33.1328457100325,3.53160524458502,2.84866730941161,654.835326006057
"M0349","P11",180,"Fresadora","B",6.68935370355196,"Preventivo","Preventiva",0.612863342633377,33.240477569014,1.81188953040082,1.03065344047842,209.17853706178
"M0350","P11",180,"Fresadora","A",3.6577692555854,"Preventivo","Preventiva",0.383789447420227,27.7627564252117,1.17943770994345,1.05054668502595,410.780325212392
"M0352","P12",368.368012692775,"Torno","C",6.34360167735064,"Correctivo","Correctiva",0.692770491111301,39.1068175918041,2.79658787779573,3.06216856467092,1348.65913607973
"M0353","P04",180,"Torno","A",6.43789131866064,"Preventivo","Preventiva",0.716417117324718,40.1457354360536,1.48700834025076,1.63447137967646,575.888500846207
"M0354","P04",180,"Torno","A",5.4550243340466,"Preventivo","Preventiva",0.515574456826119,35.1502018110262,1.50089455152044,1.2020224474762,475.75910050789
"M0355","P07",335.448550244888,"Prensa","C",4.82982672703959,"Correctivo","Correctiva",0.783184850100152,30.9677759030071,1.65199621940023,1.8859172851188,663.547346413849
"M0356","P11",180,"Fresadora","B",6.89353667138991,"Preventivo","Preventiva",0.789200137464761,37.100370141294,1.96659746725207,1.65547683149111,676.496665897639
"M0357","P02",646.273668874177,"Prensa","A",3.4355406007283,"Correctivo","Correctiva",0.666004250645299,35.1100678772612,3.42228752126913,9.99255811362129,717.802806554837
"M0358","P10",360,"Fresadora","B",10.3702658473717,"Preventivo","Preventiva",0.451224314810034,34.1347516491697,2.77286780338485,1.12266791363601,508.039282654114
"M0359","P11",277.91384491824,"Torno","C",12.1796681477741,"Correctivo","Correctiva",0.659095515710332,34.9065712824268,3.94264019665173,2.92444605342346,1452.26045051524
"M0360","P02",427.280491315241,"Prensa","B",8.09445047111225,"Correctivo","Correctiva",0.347701551439289,33.2173923735456,0.73218420083798,1.04808140487057,1277.73536937444
"M0361","P05",677.013088781449,"Torno","A",4.32422681632711,"Correctivo","Correctiva",0.450320340687079,31.622678305334,3.04935345700137,1.56102201840637,1106.16557423664
"M0362","P06",360,"Prensa","B",12.2064904702048,"Preventivo","Preventiva",0.684068320750852,36.9005354636795,1.40699481519893,1.39399294128283,706.583258821866
"M0363","P08",180,"Prensa","B",10.5863286682925,"Preventivo","Preventiva",0.747679212265154,34.0730817805035,2.20538611284654,1.51105377912356,928.60078539117
"M0364","P10",180,"Torno","A",5.29982126165208,"Preventivo","Preventiva",0.701353942039621,38.552188492125,1.50696840585609,1.22973645853166,174.263336370302
"M0365","P07",74.0463443725484,"Fresadora","A",7.89716359980536,"Correctivo","Correctiva",0.676878975467541,31.7821230387791,1.38215018993527,1.97046497015997,1920.05493180085
"M0367","P07",180,"Fresadora","A",4.79599409150097,"Preventivo","Preventiva",0.624773233056651,28.3464301612336,1.11041304054128,0.831839715135693,332.315253918059
"M0368","P01",180,"Torno","C",6.15253565861007,"Preventivo","Preventiva",0.452804258500472,36.2160390163058,0.532115582219054,0.545690371961027,360.592800476327
"M0371","P03",180,"Fresadora","A",7.75543939334526,"Preventivo","Preventiva",0.586599570029039,40.4929854643395,1.47162720481351,0.9780755136394,394.122619631398
"M0372","P05",68.1213300249758,"Fresadora","C",9.46188363503122,"Preventivo","Correctiva",1,52.0450671277499,3.14240944201626,5.87288957811445,1923.55795891128
"M0373","P01",180,"Torno","C",2.02117405549013,"Preventivo","Preventiva",0.7417596080574,40.8397830593223,1.26471027432494,1.27920110689361,294.283949075109
"M0374","P08",180,"Torno","B",6.11303975516179,"Preventivo","Preventiva",0.675173052418751,32.8274249375856,1.62109016735105,1.74122313400083,732.559906791482
"M0375","P01",74.5662255014352,"Fresadora","C",8.11108448743607,"Preventivo","Correctiva",0.904078799559326,46.7564715991691,1.85094749796661,2.44083693122228,1346.99792374807
"M0377","P02",51.9335020029826,"Prensa","C",12.8854706052554,"Preventivo","Correctiva",0.597190845228638,40.3103153479091,2.462332118125,2.11282806488577,2080.07260583785
"M0378","P12",180,"Torno","B",6.60317490027901,"Preventivo","Preventiva",0.539920360513788,35.2656047320593,2.56916956913439,1.26777473569514,542.388267059862
"M0379","P11",565.340776573264,"Fresadora","A",7.2490384258629,"Correctivo","Correctiva",0.526008202176134,34.2256458403388,2.18651243478729,2.18344496930804,1341.43563500183
"M0380","P05",360,"Prensa","B",2.38823570559334,"Preventivo","Preventiva",0.782091768390776,37.4200210706408,1.74202266583859,1.39442093365807,1304.08274686506
"M0381","P05",497.740755442932,"Fresadora","A",5.08610472898705,"Correctivo","Correctiva",0.638714777551806,38.1569449435282,1.99276375029695,2.27002922948499,710.906030302875
"M0382","P06",650.235911563675,"Torno","C",4.56487099526779,"Preventivo","Correctiva",0.484697280565339,29.8054246470754,4.19323055714973,2.40915780347179,826.754746057496
"M0383","P10",180,"Fresadora","B",3.62662552556766,"Preventivo","Preventiva",0.585746835599238,31.8950544301128,1.06892547422709,0.541250314291103,285.992469872346
"M0384","P08",180,"Fresadora","B",4.31998361011274,"Preventivo","Preventiva",0.658590358397508,32.0767479004279,1.10005457686823,0.557580683626042,422.037802946166
"M0385","P08",204.133133774542,"Torno","A",5.23481294391629,"Correctivo","Correctiva",0.903808165557745,40.5550772344661,2.81021907452139,3.29020830265083,1813.31752591108
"M0386","P04",180,"Fresadora","B",3.69890512240752,"Preventivo","Preventiva",0.674413238641929,37.0172455298761,0.809720251805769,0.722630096819879,201.395257264826
"M0387","P08",682.611760293791,"Prensa","A",6.67946575801718,"Correctivo","Correctiva",0.633863345225272,32.6118392637308,2.30400595997464,3.60892176145442,962.688512595314
"M0388","P08",619.211548981536,"Fresadora","B",3.00517067134365,"Correctivo","Correctiva",0.638255957687269,29.4863100747685,6.09506071199656,3.3534071195641,1237.67857089422
"M0390","P06",687.863180335527,"Torno","B",20,"Preventivo","Correctiva",0.537265013948685,37.0552676435801,5.28389419865083,3.2317028123499,2679.44766564282
"M0391","P09",3.13957846835794,"Torno","A",8.1229762282267,"Correctivo","Correctiva",0.446878533907118,35.7192519840754,0.982728747687777,1.92686541846843,575.705491855247
"M0392","P08",413.4040055916,"Prensa","C",9.98302349171026,"Correctivo","Correctiva",0.912918784139047,40.0223410094317,2.41910934523384,8.63077052572428,4095.61003973378
"M0393","P04",180,"Torno","C",15.4409887689808,"Preventivo","Preventiva",0.591237240620068,37.6198073017985,1.34101805417701,1.1324568810429,1135.27598219633
"M0394","P01",180,"Torno","A",7.39035585292749,"Preventivo","Preventiva",0.715623641813161,40.0081614969675,2.12536735146776,1.46535017938844,376.77085844
"M0395","P06",180,"Fresadora","B",15.0141529509504,"Preventivo","Preventiva",0.655157240628132,37.1173635473759,2.69697141115036,1.65123557323777,898.451005021058
"M0396","P08",360,"Fresadora","A",9.79684870038166,"Preventivo","Preventiva",0.572309714203075,30.2030298270424,2.12255307180036,1.59994229247249,881.710798964731
"M0397","P07",593.352721685446,"Prensa","C",14.694325282206,"Correctivo","Correctiva",0.750472445727408,34.0734317615387,3.22030586528027,6.04789990340704,2045.0868017107
"M0398","P01",564.621337844561,"Prensa","B",3.94514134583851,"Correctivo","Correctiva",0.460605427591579,33.8522485613136,1.39354982507749,1.65937397769547,1831.91993317095
"M0399","P11",360,"Torno","A",4.1753166115969,"Preventivo","Preventiva",0.733154065619029,37.8498835808708,2.05563775694104,1.99903578354407,449.064358214259
"M0400","P12",481.212598913871,"Torno","A",10.2071055893059,"Correctivo","Correctiva",1,47.7150579702322,3.11146717651734,7.57447082043513,2963.74618765199
"M0401","P09",447.777799656406,"Torno","B",4.46568733266079,"Correctivo","Correctiva",0.662933309360452,36.9484207509725,1.65518425598264,2.83694375993353,1107.69899960418
"M0402","P05",690.987914810294,"Fresadora","C",6.44151790836599,"Correctivo","Correctiva",0.728458193181524,37.7429663563521,1.7269046531682,1.08249764599127,1030.62537855503
"M0403","P07",180,"Fresadora","B",4.32807098113349,"Preventivo","Preventiva",0.365305328404966,28.9679767329726,0.571934937211475,0.55756206319786,279.63757559061
"M0404","P08",116.921306594979,"Fresadora","C",7.82372004770529,"Correctivo","Correctiva",1,42.7846576028507,2.37104691507282,3.09864800504637,1642.49423448034
"M0406","P08",357.866949468173,"Prensa","A",4.88170661199277,"Correctivo","Correctiva",0.568062194511236,31.4167009965479,1.11759329446186,2.94905468360485,2264.27883818682
"M0407","P05",378.222853924027,"Prensa","A",4.21842309881308,"Correctivo","Correctiva",0.345115097223118,29.7233532207656,0.881095236502715,1.8616889394074,606.06049316979
"M0409","P07",360,"Torno","C",7.74781206790821,"Preventivo","Preventiva",0.737567476023503,33.1900474072427,1.6006368104787,1.22270331751756,826.747391615073
"M0410","P10",229.678423577085,"Torno","B",4.74955286608992,"Preventivo","Correctiva",0.596354378806692,34.4396932714014,3.56288458355402,5.76199878359151,1616.41854055635
"M0411","P04",360,"Prensa","B",10.5761136258097,"Preventivo","Preventiva",0.934793363047712,45.0016373186991,2.59327045189316,1.0552899861858,652.400123531655
"M0412","P12",629.784088332143,"Torno","A",4.19402671135976,"Correctivo","Correctiva",0.607294706877534,31.9678213310788,2.97740688864931,3.18872310284355,2129.03590538318
"M0413","P10",451.504194359003,"Prensa","C",5.57269298598771,"Correctivo","Correctiva",0.866898867544286,39.8575638626475,1.95654480984904,3.48813438816247,1041.82785589537
"M0414","P09",180,"Fresadora","B",7.19898539794661,"Preventivo","Preventiva",0.725495449334471,39.2865925385927,1.94554707015011,1.37407452381992,784.219546630233
"M0415","P04",180,"Prensa","B",19.1166467648939,"Preventivo","Preventiva",0.846056960939528,46.5706573387061,3.01930058068256,2.72448147957586,1016.2543347742
"M0416","P02",706.545502862074,"Fresadora","C",18.8184588970971,"Correctivo","Correctiva",0.594097276901371,38.5469476418558,2.10355193413915,3.54569296266344,1629.30629425443
"M0417","P10",180,"Torno","A",4.66693247248954,"Preventivo","Preventiva",0.745847152479602,38.4086517730606,1.78962173803302,0.709837129920184,744.739416385061
"M0418","P12",113.180615920511,"Torno","B",8.62425744232978,"Correctivo","Correctiva",0.850928717533222,42.2303135250037,3.53559389357585,3.06057398741323,1321.98442685929
"M0419","P05",180,"Torno","A",2.51987759224982,"Preventivo","Preventiva",0.686691957293854,37.8406333377118,1.00420194902482,0.596922251552328,799.644891629868
"M0420","P03",689.621065069522,"Fresadora","C",16.0923468027751,"Correctivo","Correctiva",0.612213645628871,42.1861765577811,3.09528573818725,6.20754352969152,3644.83577265834
"M0421","P09",211.619237040275,"Fresadora","A",11.7823445018129,"Preventivo","Correctiva",0.636000779661942,36.9973160943674,0.87389259116562,2.18877046545256,1099.12752922655
"M0422","P01",249.063962846936,"Prensa","A",1.84058617148024,"Correctivo","Correctiva",0.494567956572424,32.9589098378827,0.533485992048849,2.23411557713887,855.433860066702
"M0425","P02",173.22786700831,"Torno","A",3.98374223555016,"Correctivo","Correctiva",0.711904220764838,39.6987801026409,0.76245459424339,1.63218603234127,505.280391696953
"M0426","P05",329.477177553042,"Fresadora","A",3.93482825924102,"Correctivo","Correctiva",0.904874501030396,39.4080962260558,1.92945450962448,3.3041098692637,873.798960347527
"M0428","P04",531.667413709511,"Torno","A",2.59248169632777,"Correctivo","Correctiva",0.475174807997427,35.9264696357434,1.29390799876229,2.07617770291887,729.843050156923
"M0429","P06",180,"Prensa","B",6.68023549895269,"Preventivo","Preventiva",0.713089533866394,39.7641869295625,1.90701380948661,1.87713624304649,1726.03932661111
"M0430","P06",531.470197986127,"Fresadora","A",18.0529154458656,"Correctivo","Correctiva",0.774521327064461,39.3720455723896,7.61696313485884,2.97358461317226,1794.05433072209
"M0431","P11",180,"Torno","A",6.05719383451896,"Preventivo","Preventiva",0.636186589209171,33.9546253721753,1.50182263575647,1.26379898059364,649.517987016953
"M0432","P11",109.464869152796,"Prensa","C",7.72669979841139,"Preventivo","Correctiva",0.493233522863712,35.1400239621521,0.795148929623557,0.995336677656893,1371.05794621736
"M0433","P07",450.140327024385,"Torno","B",6.10583467000429,"Correctivo","Correctiva",0.847498036367428,36.1940530812271,3.59318358943874,3.84416844518161,883.809425841514
"M0434","P01",454.001111310497,"Fresadora","A",10.9185356236786,"Correctivo","Correctiva",0.834459132423785,48.9674437567288,6.17935197407897,1.74678414728726,1459.79874495113
"M0436","P05",360,"Fresadora","A",4.70005235755937,"Preventivo","Preventiva",0.723752278481955,42.62229858189,3.13382756604993,1.56749382363315,734.991797597869
"M0437","P06",540,"Prensa","C",5.63364371366701,"Preventivo","Preventiva",0.706320465425573,34.5396771059171,1.3565110636738,0.985791791598046,1419.85272970182
"M0439","P11",180,"Prensa","A",6.01180511862157,"Preventivo","Preventiva",0.651075850141223,37.5846663099104,1.99174907574433,1.96667536710384,867.879126558624
"M0440","P09",360,"Fresadora","A",5.17412762851819,"Preventivo","Preventiva",0.698848231389095,36.9910377834996,2.08991821254027,1.33361103256029,969.638853042093
"M0441","P03",180,"Prensa","A",4.84118547849778,"Preventivo","Preventiva",0.89502882995541,42.6283769401166,2.12689186241023,3.2711285332606,912.121153969423
"M0442","P02",189.80397055162,"Fresadora","A",11.9422402080602,"Correctivo","Correctiva",0.580284532970951,38.0519673619608,2.67957084892258,4.13382776924973,2722.97006366906
"M0443","P01",566.880696549541,"Torno","A",3.98141236127089,"Correctivo","Correctiva",0.799897285218757,42.3243225048745,2.03005183620147,3.52360330030248,1063.52547626524
"M0444","P03",360,"Fresadora","A",5.34767658201522,"Preventivo","Preventiva",0.551072905848803,40.2866532176561,0.86785766268522,0.933385633159304,668.325866479816
"M0445","P03",540,"Prensa","B",7.83527906289303,"Preventivo","Preventiva",0.629660627557964,45.2151892904454,3.19802428508418,0.781471107718264,788.974400553469
"M0447","P07",148.350791719623,"Prensa","A",12.0500464280247,"Preventivo","Correctiva",0.88496614068212,39.2129948487784,1.59831908212361,2.71918588510492,1028.15236978367
"M0451","P04",180,"Torno","C",5.21694360492215,"Preventivo","Preventiva",0.611670698706139,35.1742123066748,0.824784313133052,0.736502081364564,313.583440625648
"M0452","P12",180,"Prensa","A",5.03851473301139,"Preventivo","Preventiva",0.863968969711539,41.3340351479979,1.59028668329782,1.53288177062297,1552.17650065862
"M0453","P08",241.747722245181,"Prensa","B",5.06821225670496,"Correctivo","Correctiva",0.661310340298671,34.3121409520145,1.81202307116203,2.06732898974903,1349.02314272146
"M0454","P11",116.704089710228,"Fresadora","C",4.30909024559176,"Preventivo","Correctiva",0.696448349622053,38.2657511179647,2.3773951148906,4.05529672455028,747.408621836101
"M0455","P08",484.544095456177,"Torno","A",7.6029915824584,"Correctivo","Correctiva",0.84507069036297,37.9706638348189,3.01120506474891,5.75878884631676,1560.58730991202
"M0456","P02",180,"Torno","A",6.06176484230938,"Preventivo","Preventiva",0.572085829317112,36.5595231697532,2.35306124168156,2.05988276465372,591.436765159172
"M0457","P06",360,"Fresadora","A",9.70473196180398,"Preventivo","Preventiva",0.810282972350332,37.6773697996266,2.80822901153179,1.77569630895226,772.581145144072
"M0458","P05",77.5747958634401,"Prensa","B",6.96886615619569,"Preventivo","Correctiva",0.737547057338462,45.8544195745045,1.77251543114931,1.78174899775703,1564.7367429192
"M0459","P03",411.14844335382,"Fresadora","B",4.17664624555378,"Correctivo","Correctiva",0.418244873604478,36.5605088654956,0.566646176581822,1.29800166312129,418.288578645244
"M0460","P07",634.461086481175,"Fresadora","B",5.53309695242042,"Correctivo","Correctiva",0.425009793007022,22.010519242927,1.83335620989299,0.896710454342771,979.438650279108
"M0461","P09",364.34970941743,"Torno","A",5.62308186495329,"Correctivo","Correctiva",0.769204250371529,38.0403743830014,0.91335606026914,3.07387699366785,726.62091483918
"M0462","P03",180,"Torno","C",9.53831853609464,"Preventivo","Preventiva",0.813337238282341,46.4998584647841,2.18870326950974,1.5579235232134,1084.12657007899
"M0464","P05",574.015089801902,"Prensa","B",5.63339548817814,"Correctivo","Correctiva",0.840288829893894,41.957839887905,3.94059656301184,4.03507305550963,1970.49764567983
"M0465","P10",5.02345635416976,"Prensa","A",5.67793030715866,"Correctivo","Correctiva",0.894996906819913,40.6080123902417,1.53495978430541,4.92768755414758,3342.7301104947
"M0466","P08",490.846161032106,"Prensa","B",10.7447379205599,"Correctivo","Correctiva",0.832839601687355,44.8025200737388,2.9856772325793,3.95164910258167,653.736327584669
"M0467","P09",678.165084890147,"Fresadora","C",2.65102401045327,"Correctivo","Correctiva",0.780923375780799,41.1358315560851,4.6977745188232,6.16361936953195,2326.47473882005
"M0468","P10",180,"Prensa","C",1.85028635451169,"Preventivo","Preventiva",0.935970986618672,39.7857275821106,1.1645383096421,1.27881771443873,442.817839444789
"M0469","P03",180,"Prensa","B",5.14553380282887,"Preventivo","Preventiva",0.382874510949493,33.4304107182064,0.945603359155206,0.890300898580134,788.945617880982
"M0470","P08",82.551690997804,"Prensa","A",9.7504063077101,"Preventivo","Correctiva",1,41.982791340172,2.33785525250908,3.78899000370414,2039.06313546745
"M0474","P02",360,"Torno","B",4.41825769732825,"Preventivo","Preventiva",0.733001340377779,41.5418505702456,1.84412603049138,2.26568787996515,1083.03422220485
"M0475","P08",243.113636980083,"Fresadora","A",11.7187666236661,"Correctivo","Correctiva",0.67932662277931,36.5221112646087,4.65429830519893,4.85360180017379,1615.41147757537
"M0476","P01",430.907232012063,"Torno","B",5.44105506634849,"Correctivo","Correctiva",0.736136983938717,41.4232446336321,1.33123087649811,2.0754541107074,645.968664747818
"M0477","P01",180,"Torno","A",2.81001353939725,"Preventivo","Preventiva",0.677217313598662,35.9537717190313,0.683508259414136,1.22239250681334,294.125744851113
"M0478","P01",173.834614724768,"Fresadora","A",11.3212531490577,"Correctivo","Correctiva",0.63136960434382,44.9008056578207,2.64234859519158,3.70270997241283,990.209677840301
"M0480","P06",180,"Prensa","B",7.61147373397532,"Preventivo","Preventiva",0.279329468417323,28.1216953658682,0.871107609514213,0.680670936753368,672.818938026657
"M0481","P07",180,"Torno","C",10.1602528707405,"Preventivo","Preventiva",0.371817696903766,27.4330361630727,0.793408476309562,0.447939357389402,434.45549112286
"M0483","P01",180,"Prensa","C",4.40915879979415,"Preventivo","Preventiva",0.75602845618501,40.6355141840574,1.37375919155201,1.08111735398065,627.445431408596
"M0484","P08",93.1548272540381,"Torno","A",5.9418965182545,"Correctivo","Correctiva",0.640437812854959,37.6968336844871,1.0051178123223,1.32969199451631,916.239038967465
"M0485","P02",180,"Prensa","C",4.06263737314799,"Preventivo","Preventiva",0.853371006776335,37.8986686424047,1.42834494347341,1.7761158383452,1032.24983328423
"M0486","P04",424.199010584264,"Prensa","B",16.4229921324517,"Preventivo","Correctiva",0.301351520920751,34.1069751175751,1.34288638743738,2.37699415250909,1613.15222633316
"M0487","P01",387.49329388267,"Torno","A",6.16683971854731,"Correctivo","Correctiva",0.734269723549847,43.8757045895245,1.84787444833499,2.65048257991078,1051.14825272252
"M0489","P03",180,"Prensa","A",3.48758176721038,"Preventivo","Preventiva",0.762350672632918,45.0294515126892,0.708458803902619,1.67616365267462,645.01432381091
"M0490","P02",540,"Fresadora","A",6.10115573328061,"Preventivo","Preventiva",0.627225005224985,37.9531760195786,1.32864080209226,1.07287267821923,660.79223028229
"M0491","P08",533.843387691534,"Fresadora","A",6.88075945170639,"Correctivo","Correctiva",0.923018499019415,41.2188446391675,1.97291425730267,2.94730851181564,2505.68614307253
"M0492","P05",180,"Prensa","B",6.85026813129317,"Preventivo","Preventiva",0.560478620143666,35.3145200985064,1.75404076115753,1.14398821546925,822.585901288927
"M0493","P11",83.5072908912241,"Fresadora","C",12.7336534329209,"Preventivo","Correctiva",0.54345477334135,35.5469748819714,2.53553506260189,3.90164657025442,2854.02858720613
"M0494","P05",180,"Prensa","A",7.45738611982319,"Preventivo","Preventiva",0.911827118100228,47.0591558656383,1.00418043993191,1.19705909526372,600.932462034552
"M0495","P10",180,"Torno","B",2.54801076336302,"Preventivo","Preventiva",0.709207911254236,35.6460632413875,1.05870856539423,0.587410587626658,254.853794825902
"M0496","P10",360,"Torno","A",8.82724225263359,"Preventivo","Preventiva",0.723343663454149,34.3748029907457,2.19137232834315,1.1303543805652,484.558023232972
"M0497","P12",180,"Prensa","B",11.1335520643811,"Preventivo","Preventiva",0.669916396523304,40.5849662864407,1.5029194034009,2.43459781243664,459.867643723885
"M0499","P07",481.984007411877,"Fresadora","B",18.1902032228428,"Correctivo","Correctiva",0.860838526049105,42.7300123445714,3.01886338622239,2.88953210979354,3317.80549274889
"M0501","P11",540,"Prensa","B",14.7015715436364,"Preventivo","Preventiva",0.874215704119324,37.9235027457439,4.79210418107937,1.37067411842297,531.669527551227
"M0502","P07",180,"Prensa","B",4.3086692400324,"Preventivo","Preventiva",0.291595449015571,26.92049352373,0.809515309412218,0.942920131441216,671.607727448884
"M0503","P11",180,"Prensa","B",6.06209235123383,"Preventivo","Preventiva",0.385903348663057,30.8066313943962,1.10861114483408,1.01026717046164,335.681700604635
"M0504","P07",180,"Torno","B",8.29763369233996,"Preventivo","Preventiva",0.770267596720034,33.6294366874457,2.06569539237204,3.07171217164785,1182.81683966312
"M0505","P09",360,"Fresadora","C",8.08495394154472,"Preventivo","Preventiva",0.881859298916182,42.0649903098615,1.60872502510915,1.37176247500268,584.998586211099
"M0507","P04",180,"Prensa","A",4.03863633152613,"Preventivo","Preventiva",0.674688633827379,39.4682303899147,0.541457409408893,0.760804575433597,585.019135934317
"M0508","P02",180,"Prensa","A",2.80523898222404,"Preventivo","Preventiva",0.500101025361702,36.6544166691784,1.8018876745115,2.09547661913126,803.333131692676
"M0509","P08",390.98986847305,"Prensa","C",1.53913965324114,"Correctivo","Correctiva",0.511903771871511,27.6501263064092,0.948128997745664,1.36695736192711,856.81881248472
"M0510","P02",691.361831520251,"Torno","C",9.2841386279268,"Correctivo","Correctiva",0.380080962039645,31.8502518536182,1.5741658403121,3.79370925173756,570.055503899694
"M0511","P10",180,"Fresadora","B",4.40243740188473,"Preventivo","Preventiva",0.840398621884844,40.5483916021877,1.30805432576218,0.998077319391696,534.933514477661
"M0512","P05",456.885959031106,"Fresadora","A",3.333942403736,"Preventivo","Correctiva",0.827073171365288,41.3221094350939,2.41483123837056,3.71825285203814,2359.40228501642
"M0513","P09",474.938175999957,"Prensa","A",11.4675499728921,"Correctivo","Correctiva",0.741898833527483,43.2934104182395,3.75804220060066,9.41748327352668,1648.60804884617
"M0514","P11",611.563473303109,"Prensa","B",3.88424256422742,"Correctivo","Correctiva",0.863793828926833,37.8423763992354,1.36381770795805,2.4093055090899,1164.10529819273
"M0515","P04",315.837997919232,"Fresadora","B",14.9584814801772,"Correctivo","Correctiva",0.625839358378916,40.6706462775586,2.4943314272925,1.48187840804699,1571.53538440999
"M0516","P05",414.572433953804,"Fresadora","C",3.1396982417556,"Preventivo","Correctiva",0.772246094986724,41.0626038783094,1.55931352272713,1.89559086872695,827.016759930725
"M0517","P07",380.799383185391,"Torno","B",4.36740668863988,"Correctivo","Correctiva",0.89511769106782,37.9494980235539,1.4654502690602,1.30464827662195,642.301709593429
"M0518","P04",261.012506807414,"Torno","A",20,"Correctivo","Correctiva",0.590312750477743,38.9880346113661,2.31813787600898,2.54991145818615,593.854945874699
"M0519","P07",180,"Prensa","B",10.6117392117628,"Preventivo","Preventiva",0.698071138133595,34.5715922462298,3.22279142950991,1.88921169688982,728.933119593887
"M0520","P11",102.998472553661,"Torno","B",6.38347867112946,"Preventivo","Correctiva",0.868188714960004,42.1227726859791,1.57464696632355,4.23059670449029,1999.8677858843
"M0521","P02",180,"Torno","B",6.83097964265669,"Preventivo","Preventiva",0.642727035444671,36.6072986577314,1.83716194153165,1.30066745120676,403.073155740797
"M0522","P11",342.476040825131,"Fresadora","C",11.8841505764162,"Correctivo","Correctiva",0.501716057119905,32.3171956028615,1.40175615341137,1.98998907283096,709.420873139125
"M0524","P06",360,"Prensa","C",1.60857048465644,"Preventivo","Preventiva",0.647736490814623,31.6714390432654,1.42729033806535,1.53733983091888,498.58221242401
"M0526","P07",180,"Fresadora","A",13.992638557981,"Preventivo","Preventiva",0.881246920587551,34.7994269250769,3.23508398979945,2.60038917078784,1481.46062380261
"M0527","P03",405.880694883034,"Fresadora","B",5.85385340699831,"Correctivo","Correctiva",0.813164270036132,47.2434809548742,1.52767394697351,2.61877146264117,519.042780301925
"M0528","P08",445.634677726832,"Torno","C",7.94661566288173,"Correctivo","Correctiva",0.855314634942193,37.97030166954,4.38924315546361,7.48559083380104,3665.01485879961
"M0529","P08",218.089397532965,"Fresadora","B",8.31804826976859,"Correctivo","Correctiva",0.78091501323302,36.0664248373211,1.56891925685426,1.19369252047508,1194.60510109586
"M0530","P12",180,"Prensa","B",3.91212274151711,"Preventivo","Preventiva",0.751126544292242,40.0933361419605,0.730489457822728,0.739025481881984,606.081198922022
"M0531","P08",180,"Torno","B",10.9304897484889,"Preventivo","Preventiva",0.554059140753669,30.8130742840258,3.47961763262249,2.09784502293344,514.290185072176
"M0532","P12",523.469245707405,"Prensa","A",4.00058947997816,"Correctivo","Correctiva",0.701011404629951,39.4961263087399,1.13311453718486,2.10648043348065,1488.60205628618
"M0533","P03",180,"Torno","B",8.23913507297178,"Preventivo","Preventiva",0.696984647155252,43.5603566475512,2.05534874904382,1.23122507618118,1063.08939750434
"M0534","P10",180,"Torno","B",5.1219668200972,"Preventivo","Preventiva",0.942062474019703,39.6648468448696,2.91061944824611,1.76928514223591,701.661371624367
"M0535","P07",180,"Fresadora","B",12.3220998601901,"Preventivo","Preventiva",0.304848123021007,26.3201891725392,1.4503384692334,0.773821419505588,565.165970206095
"M0537","P04",380.316611885694,"Prensa","A",10.9757442189577,"Correctivo","Correctiva",0.521350658876954,34.6082171530657,1.36820206304349,2.1798596150053,1065.9754413184
"M0538","P11",180,"Prensa","B",4.60067733401803,"Preventivo","Preventiva",0.884998035199793,42.1632194927165,1.46238404522296,0.934829287456555,520.589940886113
"M0539","P07",180,"Torno","B",10.3118613778333,"Preventivo","Preventiva",0.714511476414207,39.6832436865863,2.61245768975698,1.50407592821633,655.925892354527
"M0540","P03",60.051884484056,"Prensa","B",5.94365172337232,"Preventivo","Correctiva",0.393480977220015,39.6901842442568,0.803257140765853,1.34131762798498,1335.73748988231
"M0541","P06",540,"Torno","A",8.73129672921067,"Preventivo","Preventiva",0.510181469401892,32.9405155328251,1.65098132484718,2.57781783747523,692.178439569421
"M0543","P12",320.157558493159,"Torno","C",9.42094923143636,"Correctivo","Correctiva",0.593918253109932,33.4134814896872,1.79637755489908,1.80997416025056,1614.27992495118
"M0544","P12",325.555502063281,"Fresadora","A",10.6456777584227,"Correctivo","Correctiva",0.733571431694076,32.5756718049451,2.32364863389026,1.66532407038544,689.642485622207
"M0545","P01",424.116530536395,"Fresadora","B",20,"Correctivo","Correctiva",0.740838290809072,40.9537941062679,4.40717992394447,2.71944308082616,787.733675264026
"M0546","P07",685.525709215324,"Torno","B",11.1392829865399,"Correctivo","Correctiva",0.735737104734215,32.8178237696215,3.84816581065415,3.34107719361585,2062.49268401059
"M0547","P11",180,"Prensa","A",3.58430190920595,"Preventivo","Preventiva",0.899652813682789,39.222236708809,1.1494667491843,2.0646564455959,624.356260854696
"M0548","P07",0.738486899383419,"Torno","B",7.89887696898698,"Correctivo","Correctiva",0.568299985182173,30.8142370986601,1.2546362923388,2.36587259165859,1788.72454393667
"M0549","P11",180,"Prensa","C",4.98285835046915,"Preventivo","Preventiva",0.980397514378993,40.4402204139003,1.93274874035932,2.54463726252884,1013.1149606668
"M0550","P07",180,"Prensa","A",8.17181853407434,"Preventivo","Preventiva",0.432203141354208,31.3261041122271,1.30314396550464,1.29226076558804,545.44791396977
"M0551","P09",540,"Prensa","A",4.02212963538893,"Preventivo","Preventiva",0.419488289560089,35.4011090069795,0.855803320479637,0.823781814746027,993.592467615423
"M0552","P03",360,"Torno","A",2.87675519212765,"Preventivo","Preventiva",0.211915393462234,29.0063160500544,0.509996326887186,0.646281206077909,592.566739081382
"M0553","P10",580.066823003386,"Fresadora","B",6.78977794676604,"Correctivo","Correctiva",0.620573867661546,35.922025817328,2.29695425823443,3.00829649398184,528.619170155938
"M0554","P11",549.821495376351,"Prensa","C",2.9881972123637,"Correctivo","Correctiva",0.608342804313379,34.4939739033751,2.06560412272822,2.00329811945434,664.267640259188
"M0555","P08",469.344109130956,"Torno","A",5.14517766966968,"Correctivo","Correctiva",0.961891296720743,43.0902243633231,3.17329905206419,6.90844630878593,2082.36683713579
"M0556","P12",180,"Prensa","A",8.27069115685888,"Preventivo","Preventiva",0.77466396957559,33.6983269194374,3.12435565487481,3.67745531194123,1305.07915653905
"M0557","P01",180,"Fresadora","A",3.91160813843569,"Preventivo","Preventiva",0.475494921824577,37.151329088875,1.25196787050009,1.64861230257174,419.789844844499
"M0558","P07",360,"Torno","A",5.94929167811576,"Preventivo","Preventiva",0.833485758788779,35.3795072448712,1.79740001435993,1.07549467845709,434.556401717654
"M0559","P01",439.802224847429,"Torno","B",5.20488994731439,"Correctivo","Correctiva",0.729474383330561,37.6315065438612,2.4302386569331,3.72346212600055,1044.5402270538
"M0561","P02",382.169593086813,"Torno","A",4.82318251847011,"Correctivo","Correctiva",0.715054634963187,36.5630880222441,1.5646648509549,3.80080293322991,649.502701257703
"M0562","P08",180,"Prensa","B",8.9066699987106,"Preventivo","Preventiva",0.756925650157574,39.2948504512363,3.94390610303205,1.09511742017047,1007.24741761491
"M0563","P06",217.229273371739,"Torno","A",5.38410077633292,"Correctivo","Correctiva",0.653494415256346,32.0757394370682,1.71964392085562,1.72855716778472,414.630389408949
"M0564","P08",360,"Torno","B",3.99138820185407,"Preventivo","Preventiva",0.598222016397717,31.3277747566388,1.3233555056983,1.50345460825544,678.797464796742
"M0565","P03",492.663231965144,"Prensa","B",3.93980094160744,"Correctivo","Correctiva",0.997470107201996,48.8452419231986,1.752595203169,3.79458777075734,1104.83115972241
"M0566","P12",180,"Prensa","C",10.9293634906386,"Preventivo","Preventiva",0.469237671598638,34.7358275386092,1.23777138833024,2.27202450908103,1209.19550916817
"M0567","P07",162.000947100419,"Prensa","A",19.9404405803226,"Preventivo","Correctiva",0.640491839268224,37.9313553337822,4.58469637317686,6.10972400854759,1395.30551226638
"M0568","P05",121.933607071294,"Prensa","A",9.01087649369715,"Correctivo","Correctiva",1,44.5824880120354,3.6783920658044,4.27522511106522,1794.40301717508
"M0569","P05",594.317177074355,"Torno","B",6.5065974144316,"Correctivo","Correctiva",0.792285642560703,40.2894840318283,0.803502690013255,1.10980502399432,619.800263551558
"M0570","P09",176.497570819856,"Prensa","B",20,"Preventivo","Correctiva",0.660348534740142,41.7903945946822,1.9821891965181,3.38774282188135,1738.24222934893
"M0572","P02",51.3644230821233,"Torno","A",9.70661625710055,"Correctivo","Correctiva",0.589869093497056,39.2139826965717,1.0962748361061,1.13530027103877,564.201550438515
"M0573","P03",631.207982222003,"Prensa","A",7.9504687239818,"Correctivo","Correctiva",0.625589126462507,37.6777970539297,3.95174958357704,5.017534885804,1809.59463616575
"M0574","P09",488.934295894521,"Fresadora","C",2.1683575595693,"Correctivo","Correctiva",0.879295472021656,42.656190843521,2.318664001491,5.62470134513084,1220.00938388646
"M0575","P12",564.353673378391,"Fresadora","A",7.20117062967734,"Correctivo","Correctiva",0.927124589085704,42.5954266612392,2.05445476181456,2.12816598037843,392.280105746303
"M0576","P07",180,"Fresadora","A",12.6547722209507,"Preventivo","Preventiva",0.905715370393636,33.3088655823683,4.02651023257152,2.17388104573694,460.132495667026
"M0577","P05",64.5933186297107,"Torno","A",11.6805323594033,"Correctivo","Correctiva",0.391108384924367,39.0840683934495,1.14999595542487,1.02310096587147,1267.46730607045
"M0578","P08",180,"Torno","A",6.51663705384397,"Preventivo","Preventiva",0.448113363395451,30.5499548935896,1.59023051988494,1.09285563074545,998.407198207886
"M0579","P12",532.708185495795,"Fresadora","B",3.44270680825796,"Correctivo","Correctiva",0.748494361482979,37.3627889707403,1.71893579601766,0.999091072888904,239.171101509446
"M0581","P05",685.811753080771,"Fresadora","A",10.5413040021808,"Correctivo","Correctiva",0.486823528659458,37.3588938161812,1.73556969692454,1.61391257293198,2103.42479651615
"M0582","P01",551.908311396905,"Fresadora","C",9.04920398477115,"Correctivo","Correctiva",0.778099591978913,43.161577022771,2.71937509922403,4.12882157120819,538.856437363192
"M0583","P11",180,"Fresadora","A",6.17829712565403,"Preventivo","Preventiva",0.150020707576201,29.6052611487062,0.960711973021018,1.03843779682068,691.402388863084
"M0586","P03",558.374247293648,"Fresadora","B",11.7864180311842,"Correctivo","Correctiva",0.927699961021329,49.0569983023409,3.26534515230242,2.40152864867351,1480.40248637448
"M0587","P12",180,"Torno","B",17.6905636904794,"Preventivo","Preventiva",0.631752414256572,38.7390373266184,4.24807983010845,1.61011164661015,827.557333832489
"M0588","P08",245.813752416079,"Fresadora","B",3.85830884530102,"Correctivo","Correctiva",0.734084140827283,29.9547904928879,2.14482997486893,3.836173197137,1221.58832880361
"M0589","P11",360,"Torno","C",4.72102573368469,"Preventivo","Preventiva",0.955220863401277,40.5186647735638,2.75751419205448,5.02107378970203,996.210617328908
"M0592","P09",617.187976666517,"Torno","A",5.91970039032621,"Correctivo","Correctiva",0.859553678369135,39.0221756670996,2.03003839310104,3.38542655463155,1674.34225217332
"M0593","P10",627.729203873671,"Torno","A",6.63971128932324,"Correctivo","Correctiva",0.983193812118625,38.6039547926341,2.13920860359549,2.29982748566931,927.328758931851
"M0594","P02",180,"Prensa","A",4.6668705477094,"Preventivo","Preventiva",0.859254918388759,43.8869357113551,0.926205226723286,0.896811091702027,753.187109673966
"M0595","P05",180,"Torno","A",4.69328017919076,"Preventivo","Preventiva",0.709826480355825,40.2644272474371,2.58700439889575,2.44938923253406,548.564168104235
"M0596","P04",536.195372113644,"Prensa","A",6.53779038626982,"Correctivo","Correctiva",0.960129932090208,46.1346261232334,2.08553369792614,4.25997535800038,687.366114133074
"M0597","P12",100.323203148646,"Prensa","A",2.34749560103459,"Preventivo","Correctiva",0.676696686012035,39.7363740605435,0.885795775446834,2.85111429122564,909.915557587361
"M0599","P04",180,"Fresadora","B",4.01379703047965,"Preventivo","Preventiva",0.958287718963154,40.6527995419777,2.51838832178776,2.03166545881033,297.815869142831
"M0600","P05",473.130549369878,"Fresadora","A",3.94569567781046,"Correctivo","Correctiva",0.390384196490456,37.1237120445728,1.10702178148416,1.8538327301497,935.54436352338
